Nap,Tmax  [°C],Tmin  [°C],Wind (m/s),Csapadék 	[mm]
2017.07.01szombat,26.0,15.0,6.1,14.0
2017.07.02vasárnap,25.0,15.0,6.9,0.0
2017.07.03hétfő,25.0,16.0,6.7,0.0
2017.07.04kedd,27.0,12.0,5.3,0.0
2017.07.05szerda,30.0,17.0,4.2,0.0
2017.07.06csütörtök,30.0,17.0,5.6,0.0
2017.07.07péntek,28.0,17.0,4.7,0.0
2017.07.08szombat,32.0,16.0,6.7,0.0
2017.07.09vasárnap,30.0,18.0,2.2,0.0
2017.07.10hétfő,36.0,20.0,6.4,21.0
2017.07.11kedd,31.48,22.16,3.7,0.4
2017.07.12szerda,32.14,19.55,2.2,1.5
2017.07.13csütörtök,24.78,17.3,7.0,1.0
2017.07.14péntek,24.71,14.39,1.6,0.0
2017.07.15szombat,24.83,15.19,5.2,2.4
2017.07.16vasárnap,25.43,14.36,3.4,0.0
2017.07.17hétfő,29.02,16.6,1.5,0.0
2017.07.18kedd,31.16,19.56,1.3,0.0
2017.07.19szerda,33.04,17.75,2.3,0.0
2017.07.20csütörtök,34.84,18.64,1.6,0.0
2017.07.21péntek,33.28,22.94,4.0,0.0
2017.07.22szombat,34.21,21.52,1.9,5.0
2017.07.23vasárnap,33.89,21.58,2.5,0.6
2017.07.24hétfő,30.87,21.92,3.1,8.3
2017.07.25kedd,22.1,15.1,8.4,12.9
2017.07.26szerda,20.7,13.2,5.9,0.0
2017.07.27csütörtök,20.7,12.8,7.1,1.0
2017.07.28péntek,23.1,15.9,6.8,0.2
2017.07.29szombat,26.4,16.0,3.3,0.0
2017.07.30vasárnap,27.9,16.4,4.7,0.0
2017.07.31hétfő,30.0,18.3,3.8,0.0
2017.08.01kedd,31.7,20.8,3.9,0.0
2017.08.02szerda,34.7,23.4,5.5,0.0
2017.08.03csütörtök,34.6,20.5,2.1,0.0
2017.08.04péntek,36.8,22.6,2.1,2.8
2017.08.05szombat,33.8,24.9,6.6,0.0
2017.08.06vasárnap,32.7,23.1,7.9,0.4
2017.08.07hétfő,23.7,16.6,4.8,4.2
2017.08.08kedd,29.2,13.7,3.0,0.0
2017.08.09szerda,29.3,18.2,4.6,0.0
2017.08.10csütörtök,36.1,22.9,5.3,0.0
2017.08.11péntek,34.3,22.4,6.0,0.0
2017.08.12szombat,23.5,19.9,8.6,0.5
2017.08.13vasárnap,26.4,17.1,8.1,0.0
2017.08.14hétfő,25.2,12.7,3.4,0.0
2017.08.15kedd,27.4,14.9,3.2,0.0
2017.08.16szerda,28.0,14.6,2.8,0.0
2017.08.17csütörtök,30.8,16.3,2.4,0.0
2017.08.18péntek,32.9,18.0,3.8,0.0
2017.08.19szombat,32.7,20.5,7.9,0.3
2017.08.20vasárnap,20.9,14.7,7.2,7.8
2017.08.21hétfő,23.4,13.1,6.1,0.0
2017.08.22kedd,22.5,10.7,2.7,0.0
2017.08.23szerda,23.7,10.8,3.5,0.0
2017.08.24csütörtök,26.3,9.1,2.9,0.1
2017.08.25péntek,29.5,14.1,2.2,0.0
2017.08.26szombat,30.2,16.4,2.6,0.0
2017.08.27vasárnap,32.2,18.3,4.4,0.0
2017.08.28hétfő,25.3,17.0,3.7,0.0
2017.08.29kedd,25.7,14.7,3.0,0.0
2017.08.30szerda,28.0,12.1,3.5,0.0
2017.08.31csütörtök,28.5,12.8,3.9,0.0
2017.09.01péntek,31.0,15.8,3.8,2.9
2017.09.02szombat,22.2,16.0,4.8,10.9
2017.09.03vasárnap,20.2,15.1,4.8,2.2
2017.09.04hétfő,18.9,12.1,6.7,1.9
2017.09.05kedd,21.6,9.6,5.9,0.0
2017.09.06szerda,22.2,10.4,6.7,2.1
2017.09.07csütörtök,19.5,12.6,7.4,0.0
2017.09.08péntek,21.4,8.7,3.0,0.0
2017.09.09szombat,24.5,11.3,4.4,1.0
2017.09.10vasárnap,26.0,13.8,5.4,0.0
2017.09.11hétfő,26.1,18.6,4.5,3.4
2017.09.12kedd,20.1,14.3,6.6,1.8
2017.09.13szerda,22.0,12.6,6.6,0.0
2017.09.14csütörtök,22.7,12.6,9.8,0.8
2017.09.15péntek,17.3,12.2,8.2,0.5
2017.09.16szombat,19.1,13.0,3.6,1.8
2017.09.17vasárnap,16.6,9.4,8.2,11.6
2017.09.18hétfő,17.3,10.3,3.4,0.8
2017.09.19kedd,14.8,11.3,5.3,9.9
2017.09.20szerda,16.3,12.5,2.7,15.0
2017.09.21csütörtök,13.8,12.2,7.5,5.4
2017.09.22péntek,17.0,10.5,7.0,0.4
2017.09.23szombat,13.0,10.4,7.7,16.9
2017.09.24vasárnap,16.7,9.2,5.8,0.2
2017.09.25hétfő,16.9,10.9,3.6,0.9
2017.09.26kedd,20.9,7.8,4.1,0.0
2017.09.27szerda,16.7,12.1,4.5,0.0
2017.09.28csütörtök,16.6,8.0,3.8,0.0
2017.09.29péntek,16.8,5.5,2.1,0.0
2017.09.30szombat,16.9,4.3,2.1,0.0
2017.10.01vasárnap,16.2,4.7,2.4,0.0
2017.10.02hétfő,17.0,3.1,5.3,0.0
2017.10.03kedd,15.6,4.9,4.3,6.1
2017.10.04szerda,16.1,10.1,6.9,0.0
2017.10.05csütörtök,19.6,10.5,9.9,0.0
2017.10.06péntek,14.9,10.5,7.7,0.0
2017.10.07szombat,14.8,8.3,6.4,0.0
2017.10.08vasárnap,14.8,6.8,7.6,0.1
2017.10.09hétfő,13.6,9.1,5.4,0.1
2017.10.10kedd,16.0,8.2,4.5,0.2
2017.10.11szerda,17.8,10.6,4.5,0.4
2017.10.12csütörtök,20.3,8.2,5.0,0.0
2017.10.13péntek,17.6,11.0,5.4,0.0
2017.10.14szombat,18.4,9.0,3.1,0.0
2017.10.15vasárnap,20.5,9.0,2.8,0.0
2017.10.16hétfő,21.0,9.7,2.0,0.0
2017.10.17kedd,21.4,9.6,2.9,0.0
2017.10.18szerda,20.5,10.8,3.0,0.0
2017.10.19csütörtök,18.8,8.0,2.0,0.0
2017.10.20péntek,19.4,7.7,2.3,0.0
2017.10.21szombat,16.9,7.7,2.0,0.0
2017.10.22vasárnap,16.4,8.6,4.8,5.8
2017.10.23hétfő,10.6,9.3,7.3,44.8
2017.10.24kedd,13.1,5.0,6.8,0.0
2017.10.25szerda,12.2,2.8,3.6,0.2
2017.10.26csütörtök,15.3,6.1,3.8,0.0
2017.10.27péntek,14.6,8.8,8.4,1.3
2017.10.28szombat,10.0,6.1,8.1,0.2
2017.10.29vasárnap,10.2,5.4,14.4,8.5
2017.10.30hétfő,8.0,4.2,9.1,0.1
2017.10.31kedd,8.4,2.9,6.1,0.0
2017.11.01szerda,10.0,0.5,4.1,0.0
2017.11.02csütörtök,11.6,3.2,5.0,0.0
2017.11.03péntek,11.4,3.9,5.6,0.1
2017.11.04szombat,11.4,1.3,3.4,0.0
2017.11.05vasárnap,11.7,4.9,4.5,0.7
2017.11.06hétfő,12.7,5.8,5.6,0.1
2017.11.07kedd,11.2,2.9,5.0,1.9
2017.11.08szerda,10.4,6.2,4.4,1.9
2017.11.09csütörtök,9.8,7.0,3.2,2.1
2017.11.10péntek,8.6,3.1,3.4,0.8
2017.11.11szombat,10.5,4.6,4.7,0.3
2017.11.12vasárnap,9.7,4.3,6.5,5.3
2017.11.13hétfő,9.1,5.1,6.3,13.8
2017.11.14kedd,7.2,2.7,5.3,3.6
2017.11.15szerda,5.8,-3.1,2.9,0.0
2017.11.16csütörtök,6.4,0.7,2.2,0.0
2017.11.17péntek,6.2,-0.1,2.6,0.1
2017.11.18szombat,5.3,-0.0,4.7,5.0
2017.11.19vasárnap,6.1,-0.1,4.5,0.7
2017.11.20hétfő,5.9,2.2,6.9,0.5
2017.11.21kedd,7.8,1.5,7.6,2.0
2017.11.22szerda,9.1,3.0,4.4,0.6
2017.11.23csütörtök,8.4,-0.2,2.2,0.2
2017.11.24péntek,7.8,2.4,2.4,0.2
2017.11.25szombat,8.8,5.1,6.1,0.5
2017.11.26vasárnap,6.3,2.3,7.7,8.7
2017.11.27hétfő,5.0,-0.3,6.6,0.0
2017.11.28kedd,4.4,-3.0,3.4,0.0
2017.11.29szerda,2.1,-2.0,5.3,3.2
2017.11.30csütörtök,3.7,0.8,7.7,23.5
2017.12.01péntek,3.1,-3.9,3.8,0.0
2017.12.02szombat,-0.1,-5.9,2.8,0.1
2017.12.03vasárnap,-1.3,-5.6,3.8,0.2
2017.12.04hétfő,1.5,-3.7,6.4,0.6
2017.12.05kedd,2.8,-0.5,6.4,0.3
2017.12.06szerda,3.3,-0.1,7.4,0.0
2017.12.07csütörtök,4.7,-2.7,4.6,0.0
2017.12.08péntek,7.6,-2.9,8.3,12.0
2017.12.09szombat,2.5,0.1,8.4,1.0
2017.12.10vasárnap,2.5,-2.8,9.1,1.2
2017.12.11hétfő,10.4,2.3,8.9,5.9
2017.12.12kedd,13.7,10.0,8.7,3.8
2017.12.13szerda,5.0,0.9,5.8,2.0
2017.12.14csütörtök,5.5,-1.8,5.6,5.5
2017.12.15péntek,8.7,3.0,7.0,27.6
2017.12.16szombat,5.5,0.9,4.7,3.8
2017.12.17vasárnap,3.0,-2.3,5.5,0.0
2017.12.18hétfő,0.6,-5.1,2.2,0.2
2017.12.19kedd,-1.0,-5.6,2.1,0.2
2017.12.20szerda,-2.4,-7.2,2.0,0.2
2017.12.21csütörtök,-1.8,-8.8,3.6,0.6
2017.12.22péntek,3.4,-1.8,5.7,0.0
2017.12.23szombat,2.9,-1.1,7.5,0.2
2017.12.24vasárnap,7.7,2.9,8.6,0.2
2017.12.25hétfő,6.2,-2.6,4.7,0.0
2017.12.26kedd,8.2,-0.5,6.7,0.1
2017.12.27szerda,8.0,1.8,7.2,0.0
2017.12.28csütörtök,7.3,2.2,7.5,7.0
2017.12.29péntek,2.4,-1.8,9.5,0.4
2017.12.30szombat,2.0,-4.3,5.3,0.2
2017.12.31vasárnap,4.4,-0.3,5.0,3.9
2018.01.01hétfő,7.0,1.6,5.0,0.3
2018.01.02kedd,4.8,1.2,7.8,8.7
2018.01.03szerda,4.1,-1.0,7.4,6.1
2018.01.04csütörtök,7.7,2.8,6.2,0.3
2018.01.05péntek,8.6,2.9,3.5,1.1
2018.01.06szombat,12.5,6.4,4.7,0.4
2018.01.07vasárnap,9.6,4.0,3.2,0.1
2018.01.08hétfő,8.3,5.7,4.0,0.3
2018.01.09kedd,7.4,4.7,5.5,0.0
2018.01.10szerda,5.4,3.7,6.3,1.3
2018.01.11csütörtök,6.2,2.8,3.0,3.1
2018.01.12péntek,4.6,2.6,3.9,4.0
2018.01.13szombat,2.4,-0.7,7.6,2.6
2018.01.14vasárnap,-0.6,-3.4,5.0,3.6
2018.01.15hétfő,-2.4,-5.2,2.9,0.9
2018.01.16kedd,1.3,-3.7,5.4,2.7
2018.01.17szerda,3.0,-4.7,8.4,0.0
2018.01.18csütörtök,3.5,-1.0,7.3,0.3
2018.01.19péntek,4.6,-0.3,7.1,1.2
2018.01.20szombat,3.1,-4.1,3.8,0.1
2018.01.21vasárnap,2.2,-2.2,9.4,6.2
2018.01.22hétfő,1.3,-3.4,7.1,0.0
2018.01.23kedd,-0.7,-7.9,2.0,0.7
2018.01.24szerda,-2.3,-12.5,2.8,0.3
2018.01.25csütörtök,1.4,-5.9,4.6,1.4
2018.01.26péntek,0.2,-5.1,3.8,0.0
2018.01.27szombat,2.0,-4.3,3.0,0.1
2018.01.28vasárnap,3.9,-2.8,3.7,0.1
2018.01.29hétfő,8.5,0.9,4.8,0.1
2018.01.30kedd,6.6,-0.9,7.8,0.0
2018.01.31szerda,4.7,-2.2,4.1,0.1
2018.02.01csütörtök,8.3,3.8,7.4,6.9
2018.02.02péntek,8.7,4.0,4.7,7.5
2018.02.03szombat,2.4,0.2,7.6,13.5
2018.02.04vasárnap,2.4,-1.9,6.9,0.0
2018.02.05hétfő,1.9,-4.4,1.7,0.1
2018.02.06kedd,0.2,-2.0,4.2,1.6
2018.02.07szerda,2.3,-3.3,5.7,3.6
2018.02.08csütörtök,2.8,0.1,4.8,7.4
2018.02.09péntek,1.4,-2.8,3.6,0.4
2018.02.10szombat,1.1,-2.2,2.1,0.6
2018.02.11vasárnap,1.8,-4.7,2.0,0.2
2018.02.12hétfő,3.3,-3.5,2.0,0.2
2018.02.13kedd,2.6,-2.0,5.0,1.1
2018.02.14szerda,1.7,-1.0,4.5,2.8
2018.02.15csütörtök,2.1,-4.6,2.0,0.1
2018.02.16péntek,2.4,-7.0,2.1,1.0
2018.02.17szombat,2.0,-2.6,3.6,2.3
2018.02.18vasárnap,3.3,-4.3,3.2,5.2
2018.02.19hétfő,1.0,-9.3,3.8,1.6
2018.02.20kedd,0.9,-1.6,4.3,8.6
2018.02.21szerda,1.7,-0.9,4.5,3.9
2018.02.22csütörtök,0.4,-3.0,6.2,2.3
2018.02.23péntek,2.0,-3.5,4.4,0.2
2018.02.24szombat,-0.1,-9.3,6.2,1.4
2018.02.25vasárnap,-6.6,-11.9,5.7,0.0
2018.02.26hétfő,-6.1,-11.3,6.9,0.8
2018.02.27kedd,-7.2,-9.7,6.6,1.9
2018.02.28szerda,-6.5,-13.1,3.9,0.2
2018.03.01csütörtök,-7.4,-12.9,4.3,0.7
2018.03.02péntek,-6.3,-9.9,4.7,2.5
2018.03.03szombat,-4.4,-13.5,3.5,0.1
2018.03.04vasárnap,-3.6,-16.6,4.0,0.1
2018.03.05hétfő,-2.4,-17.4,4.0,0.4
2018.03.06kedd,1.8,-2.0,4.7,6.3
2018.03.07szerda,6.0,-2.6,2.9,0.2
2018.03.08csütörtök,6.4,-2.8,3.8,1.8
2018.03.09péntek,9.3,-2.0,3.5,0.0
2018.03.10szombat,9.7,1.3,5.2,0.5
2018.03.11vasárnap,12.3,4.9,5.6,3.6
2018.03.12hétfő,13.4,9.4,7.2,7.3
2018.03.13kedd,12.6,6.1,5.9,2.9
2018.03.14szerda,10.9,5.3,7.0,0.2
2018.03.15csütörtök,10.2,4.4,4.4,2.5
2018.03.16péntek,9.9,6.2,6.0,18.6
2018.03.17szombat,5.8,0.6,6.5,1.5
2018.03.18vasárnap,-0.4,-4.7,10.4,13.4
2018.03.19hétfő,0.6,-6.5,3.6,1.1
2018.03.20kedd,0.0,-4.1,5.5,1.6
2018.03.21szerda,2.8,-3.5,5.4,0.7
2018.03.22csütörtök,2.8,-7.8,2.2,0.0
2018.03.23péntek,6.1,-6.1,2.1,0.0
2018.03.24szombat,6.3,-3.5,3.8,0.0
2018.03.25vasárnap,7.8,-3.6,5.7,0.0
2018.03.26hétfő,8.6,-2.1,2.6,0.0
2018.03.27kedd,9.3,1.9,4.9,0.0
2018.03.28szerda,10.6,-0.7,4.1,1.3
2018.03.29csütörtök,11.1,3.2,4.8,1.8
2018.03.30péntek,11.9,4.2,4.1,5.4
2018.03.31szombat,14.2,7.4,7.1,5.1
2018.04.01vasárnap,10.5,6.3,9.7,0.2
2018.04.02hétfő,11.2,5.2,9.5,0.1
2018.04.03kedd,15.3,6.4,7.3,0.0
2018.04.04szerda,17.2,9.1,7.0,0.0
2018.04.05csütörtök,17.7,10.7,7.4,0.2
2018.04.06péntek,14.7,9.0,7.8,0.0
2018.04.07szombat,16.1,7.2,4.0,0.1
2018.04.08vasárnap,18.8,8.2,8.0,0.0
2018.04.09hétfő,21.0,11.6,6.3,0.6
2018.04.10kedd,17.4,10.7,6.8,0.0
2018.04.11szerda,17.1,8.9,5.8,0.0
2018.04.12csütörtök,22.1,11.0,4.8,0.0
2018.04.13péntek,18.5,13.4,4.8,0.6
2018.04.14szombat,21.2,10.5,3.0,0.0
2018.04.15vasárnap,22.9,13.3,5.2,0.0
2018.04.16hétfő,19.0,15.1,5.2,2.3
2018.04.17kedd,19.9,12.9,4.1,4.8
2018.04.18szerda,20.1,14.5,4.3,3.5
2018.04.19csütörtök,20.9,10.6,5.0,0.0
2018.04.20péntek,19.8,10.6,3.4,0.0
2018.04.21szombat,19.9,8.9,2.8,0.0
2018.04.22vasárnap,22.8,10.0,2.5,0.0
2018.04.23hétfő,25.3,13.2,4.0,0.7
2018.04.24kedd,22.6,14.5,5.3,2.1
2018.04.25szerda,24.7,12.8,5.1,0.1
2018.04.26csütörtök,22.5,13.9,7.0,1.2
2018.04.27péntek,18.4,10.9,5.9,0.0
2018.04.28szombat,24.7,10.8,4.6,2.3
2018.04.29vasárnap,23.3,16.2,5.8,9.9
2018.04.30hétfő,23.8,16.0,5.1,7.7
2018.05.01kedd,23.5,14.0,3.8,0.6
2018.05.02szerda,24.6,15.0,3.9,8.4
2018.05.03csütörtök,24.9,15.0,4.6,0.0
2018.05.04péntek,26.6,15.0,4.4,1.2
2018.05.05szombat,27.6,18.6,6.2,0.0
2018.05.06vasárnap,23.5,17.3,6.3,0.0
2018.05.07hétfő,22.6,15.2,6.0,0.0
2018.05.08kedd,20.7,13.0,4.7,0.4
2018.05.09szerda,23.6,13.4,2.7,5.2
2018.05.10csütörtök,24.5,16.4,4.3,3.3
2018.05.11péntek,24.9,14.2,2.0,1.7
2018.05.12szombat,23.2,16.4,3.6,0.0
2018.05.13vasárnap,22.5,13.4,5.3,0.1
2018.05.14hétfő,20.0,13.7,5.7,0.0
2018.05.15kedd,18.2,11.4,5.2,8.9
2018.05.16szerda,17.7,9.4,6.5,0.8
2018.05.17csütörtök,18.2,12.8,7.6,1.5
2018.05.18péntek,22.4,14.1,7.1,1.8
2018.05.19szombat,22.7,12.7,3.9,1.4
2018.05.20vasárnap,21.9,11.3,4.9,0.0
2018.05.21hétfő,22.4,14.0,6.1,0.0
2018.05.22kedd,21.2,13.6,4.8,0.6
2018.05.23szerda,23.0,15.7,3.2,1.3
2018.05.24csütörtök,25.9,16.4,5.7,0.0
2018.05.25péntek,23.1,18.1,4.8,0.0
2018.05.26szombat,26.2,16.2,2.0,0.0
2018.05.27vasárnap,25.0,17.2,2.1,4.3
2018.05.28hétfő,26.6,17.3,3.3,0.0
2018.05.29kedd,23.8,18.2,5.2,0.4
2018.05.30szerda,25.4,16.2,5.4,0.0
2018.05.31csütörtök,27.3,17.0,3.5,0.0
2018.06.01péntek,28.4,18.1,2.5,0.0
2018.06.02szombat,26.9,18.5,4.0,0.0
2018.06.03vasárnap,27.2,20.0,5.8,0.0
2018.06.04hétfő,26.4,17.3,2.9,2.4
2018.06.05kedd,26.4,17.9,2.1,6.5
2018.06.06szerda,21.7,17.3,6.0,18.7
2018.06.07csütörtök,23.4,16.2,5.2,0.9
2018.06.08péntek,24.6,17.6,3.0,26.1
2018.06.09szombat,23.6,17.7,3.1,31.0
2018.06.10vasárnap,27.8,19.1,2.4,0.0
2018.06.11hétfő,28.5,21.5,3.4,0.0
2018.06.12kedd,27.7,19.2,4.5,9.0
2018.06.13szerda,24.9,18.0,4.3,1.7
2018.06.14csütörtök,20.6,17.0,4.5,10.8
2018.06.15péntek,19.8,17.4,5.3,6.2
2018.06.16szombat,24.1,18.2,5.9,0.0
2018.06.17vasárnap,25.1,18.8,4.3,0.0
2018.06.18hétfő,25.4,18.2,5.1,0.3
2018.06.19kedd,26.7,19.3,3.9,2.7
2018.06.20szerda,27.5,20.4,2.5,0.0
2018.06.21csütörtök,27.9,20.1,3.8,0.6
2018.06.22péntek,19.0,13.7,7.6,6.3
2018.06.23szombat,19.1,11.0,5.1,0.0
2018.06.24vasárnap,18.5,10.4,5.4,0.0
2018.06.25hétfő,20.8,10.4,2.7,0.0
2018.06.26kedd,21.9,11.6,3.0,0.3
2018.06.27szerda,22.3,13.3,6.3,1.3
2018.06.28csütörtök,21.9,15.8,6.5,11.9
2018.06.29péntek,25.5,18.2,5.2,8.4
2018.06.30szombat,20.8,14.1,7.7,0.0
2018.07.01vasárnap,19.2,13.3,4.2,0.0
2018.07.02hétfő,21.0,9.6,3.6,0.0
2018.07.03kedd,22.9,11.5,3.0,0.0
2018.07.04szerda,26.2,12.0,2.5,0.0
2018.07.05csütörtök,27.9,14.9,2.9,1.1
2018.07.06péntek,27.8,17.0,3.5,6.3
2018.07.07szombat,24.7,17.3,5.1,10.1
2018.07.08vasárnap,23.6,15.1,4.8,0.0
2018.07.09hétfő,26.3,15.7,3.0,0.3
2018.07.10kedd,25.4,16.1,2.0,0.7
2018.07.11szerda,22.0,16.9,6.0,3.9
2018.07.12csütörtök,23.8,13.6,4.9,3.0
2018.07.13péntek,25.1,15.5,6.2,0.0
2018.07.14szombat,25.1,16.7,5.5,0.0
2018.07.15vasárnap,25.9,15.5,4.7,0.0
2018.07.16hétfő,26.2,15.4,4.7,0.0
2018.07.17kedd,26.7,15.3,5.5,0.0
2018.07.18szerda,22.8,19.0,10.9,1.3
2018.07.19csütörtök,22.5,18.9,9.2,3.7
2018.07.20péntek,25.3,18.3,4.8,3.0
2018.07.21szombat,26.1,17.7,2.5,0.0
2018.07.22vasárnap,25.8,17.8,3.1,21.4
2018.07.23hétfő,24.0,17.9,4.5,20.3
2018.07.24kedd,27.9,17.4,4.7,0.0
2018.07.25szerda,28.1,17.7,3.1,0.0
2018.07.26csütörtök,27.1,17.9,2.1,1.6
2018.07.27péntek,27.2,20.5,3.5,6.3
2018.07.28szombat,28.3,19.3,2.9,2.5
2018.07.29vasárnap,30.1,21.7,3.6,6.5
2018.07.30hétfő,28.4,21.5,3.9,0.9
2018.07.31kedd,30.3,22.6,4.0,1.0
2018.08.01szerda,30.4,22.2,4.4,0.0
2018.08.02csütörtök,30.4,20.7,2.0,6.7
2018.08.03péntek,29.2,20.6,4.6,0.0
2018.08.04szombat,28.4,17.9,2.6,0.0
2018.08.05vasárnap,30.2,17.9,2.7,0.0
2018.08.06hétfő,28.9,18.9,3.3,0.1
2018.08.07kedd,29.1,18.2,3.4,0.0
2018.08.08szerda,31.5,18.1,3.9,0.0
2018.08.09csütörtök,32.4,20.0,4.7,0.0
2018.08.10péntek,33.2,23.0,4.6,1.1
2018.08.11szombat,27.6,18.7,5.1,1.0
2018.08.12vasárnap,30.1,17.5,2.9,0.0
2018.08.13hétfő,32.4,18.0,4.8,0.0
2018.08.14kedd,29.1,20.0,5.7,0.0
2018.08.15szerda,27.2,20.2,5.6,0.0
2018.08.16csütörtök,27.9,15.0,2.8,0.0
2018.08.17péntek,29.3,17.5,3.4,0.0
2018.08.18szombat,29.7,19.3,2.0,0.2
2018.08.19vasárnap,31.3,18.7,4.0,0.0
2018.08.20hétfő,32.1,20.1,3.2,0.1
2018.08.21kedd,32.3,21.0,2.5,0.0
2018.08.22szerda,32.4,21.6,4.0,0.0
2018.08.23csütörtök,31.2,21.6,3.9,0.9
2018.08.24péntek,30.3,18.4,3.7,2.6
2018.08.25szombat,24.0,18.3,6.8,0.2
2018.08.26vasárnap,16.6,14.2,6.2,16.8
2018.08.27hétfő,21.2,8.9,2.5,0.0
2018.08.28kedd,25.6,9.6,3.9,0.0
2018.08.29szerda,26.4,12.1,3.5,0.0
2018.08.30csütörtök,27.5,13.1,2.5,0.0
2018.08.31péntek,27.4,17.2,3.4,0.9
2018.09.01szombat,28.9,16.4,3.5,1.8
2018.09.02vasárnap,27.4,17.6,4.4,2.7
2018.09.03hétfő,22.2,17.3,5.2,3.7
2018.09.04kedd,18.4,16.4,2.4,20.5
2018.09.05szerda,24.3,15.8,3.5,0.1
2018.09.06csütörtök,22.3,14.6,2.1,0.2
2018.09.07péntek,23.7,11.3,2.1,0.0
2018.09.08szombat,24.4,14.9,4.2,0.0
2018.09.09vasárnap,23.7,12.6,2.5,0.0
2018.09.10hétfő,23.8,11.9,2.7,0.0
2018.09.11kedd,25.1,12.5,4.9,0.0
2018.09.12szerda,26.7,13.0,2.1,0.0
2018.09.13csütörtök,28.2,13.1,2.0,0.0
2018.09.14péntek,26.0,16.2,2.1,0.0
2018.09.15szombat,25.9,17.9,6.1,0.0
2018.09.16vasárnap,22.0,13.5,3.4,0.0
2018.09.17hétfő,26.8,11.5,3.0,0.0
2018.09.18kedd,25.4,10.9,2.3,0.0
2018.09.19szerda,27.3,11.3,3.0,0.0
2018.09.20csütörtök,28.0,12.0,2.1,0.0
2018.09.21péntek,28.5,13.6,3.9,0.0
2018.09.22szombat,17.5,12.2,9.5,0.3
2018.09.23vasárnap,18.3,9.5,5.4,0.0
2018.09.24hétfő,18.9,10.6,10.1,3.1
2018.09.25kedd,14.4,7.6,6.8,0.0
2018.09.26szerda,14.1,3.9,4.0,0.0
2018.09.27csütörtök,18.5,2.8,3.8,0.0
2018.09.28péntek,18.1,4.6,3.1,0.0
2018.09.29szombat,15.1,7.0,4.7,0.7
2018.09.30vasárnap,15.7,4.0,4.4,0.0
2018.10.01hétfő,18.0,6.4,4.4,0.2
2018.10.02kedd,14.3,6.8,6.3,0.8
2018.10.03szerda,16.8,3.5,7.4,0.1
2018.10.04csütörtök,15.7,5.7,4.3,0.0
2018.10.05péntek,17.1,2.9,3.7,0.0
2018.10.06szombat,20.3,4.0,5.1,0.0
2018.10.07vasárnap,20.3,12.7,4.4,0.0
2018.10.08hétfő,19.6,11.9,2.6,0.4
2018.10.09kedd,22.7,10.0,3.1,0.0
2018.10.10szerda,23.1,9.2,2.7,0.0
2018.10.11csütörtök,22.3,9.0,3.3,0.0
2018.10.12péntek,21.0,8.6,2.9,0.0
2018.10.13szombat,21.4,8.2,2.4,0.0
2018.10.14vasárnap,19.5,8.3,4.3,0.0
2018.10.15hétfő,19.4,7.5,4.8,0.0
2018.10.16kedd,18.8,8.5,4.9,0.0
2018.10.17szerda,21.2,8.8,3.2,0.0
2018.10.18csütörtök,21.1,9.4,2.0,0.0
2018.10.19péntek,21.0,8.9,2.3,0.0
2018.10.20szombat,19.6,7.2,5.2,0.0
2018.10.21vasárnap,10.8,8.3,5.3,4.6
2018.10.22hétfő,15.0,7.7,3.5,0.3
2018.10.23kedd,12.7,8.2,8.6,0.0
2018.10.24szerda,12.8,6.8,12.6,1.4
2018.10.25csütörtök,14.3,6.0,7.8,0.7
2018.10.26péntek,14.1,7.1,5.1,0.0
2018.10.27szombat,13.9,10.6,5.3,4.1
2018.10.28vasárnap,20.7,11.4,7.3,6.9
2018.10.29hétfő,20.4,16.0,7.7,20.5
2018.10.30kedd,18.1,10.8,7.7,4.7
2018.10.31szerda,18.4,9.9,4.6,0.0
2018.11.01csütörtök,20.8,8.8,4.7,0.0
2018.11.02péntek,21.2,13.0,4.3,0.2
2018.11.03szombat,19.6,11.3,2.7,0.0
2018.11.04vasárnap,17.3,7.9,2.6,0.0
2018.11.05hétfő,17.2,6.6,4.2,0.0
2018.11.06kedd,15.8,7.3,4.9,0.0
2018.11.07szerda,15.6,6.6,4.8,0.0
2018.11.08csütörtök,14.3,5.4,3.1,0.0
2018.11.09péntek,12.7,3.0,3.6,0.0
2018.11.10szombat,10.9,3.2,4.3,0.1
2018.11.11vasárnap,15.0,4.8,4.0,0.2
2018.11.12hétfő,14.7,4.3,3.6,0.0
2018.11.13kedd,13.8,5.8,3.8,0.1
2018.11.14szerda,12.0,3.5,6.9,0.0
2018.11.15csütörtök,10.7,0.6,2.5,0.0
2018.11.16péntek,8.3,0.9,5.3,0.0
2018.11.17szombat,5.9,-1.5,5.5,0.0
2018.11.18vasárnap,6.4,-3.6,2.5,0.0
2018.11.19hétfő,1.9,-0.5,4.1,1.2
2018.11.20kedd,4.5,0.3,8.7,4.0
2018.11.21szerda,4.3,3.4,5.4,4.6
2018.11.22csütörtök,4.9,2.4,2.9,0.7
2018.11.23péntek,4.8,2.7,3.7,0.6
2018.11.24szombat,6.4,1.5,4.4,2.8
2018.11.25vasárnap,6.9,4.7,4.9,14.8
2018.11.26hétfő,9.4,5.3,6.7,14.3
2018.11.27kedd,4.6,0.9,5.6,8.8
2018.11.28szerda,1.6,-3.8,7.1,0.4
2018.11.29csütörtök,-0.2,-6.3,5.4,0.6
2018.11.30péntek,-2.1,-5.3,3.2,0.3
2018.12.01szombat,-1.8,-5.6,2.8,0.1
2018.12.02vasárnap,0.3,-4.4,4.3,0.0
2018.12.03hétfő,3.3,-2.4,3.3,0.4
2018.12.04kedd,5.4,0.2,5.9,0.7
2018.12.05szerda,4.9,-5.0,6.7,0.0
2018.12.06csütörtök,2.0,-5.9,3.0,0.1
2018.12.07péntek,2.6,-0.9,2.6,3.5
2018.12.08szombat,6.8,0.1,6.0,6.4
2018.12.09vasárnap,6.1,-0.1,5.7,0.8
2018.12.10hétfő,5.9,1.4,7.9,0.6
2018.12.11kedd,3.7,-0.2,5.6,0.8
2018.12.12szerda,3.1,-0.9,5.6,0.4
2018.12.13csütörtök,1.6,-5.3,2.0,0.0
2018.12.14péntek,-0.6,-5.7,4.5,0.7
2018.12.15szombat,-0.4,-1.1,5.8,14.8
2018.12.16vasárnap,-0.7,-4.2,3.0,4.3
2018.12.17hétfő,-4.3,-7.6,1.9,0.4
2018.12.18kedd,-2.6,-8.2,2.0,0.1
2018.12.19szerda,-7.0,-9.8,4.0,0.7
2018.12.20csütörtök,-4.2,-8.3,4.7,1.2
2018.12.21péntek,-0.9,-6.3,3.1,0.0
2018.12.22szombat,6.7,1.1,5.7,1.4
2018.12.23vasárnap,6.4,2.1,6.3,0.6
2018.12.24hétfő,4.0,-2.1,6.0,6.2
2018.12.25kedd,2.0,-3.5,7.9,0.4
2018.12.26szerda,3.8,-0.8,7.1,0.2
2018.12.27csütörtök,5.9,0.0,5.6,0.0
2018.12.28péntek,6.1,2.3,6.5,0.0
2018.12.29szombat,5.1,0.0,5.7,0.0
2018.12.30vasárnap,4.8,-0.7,8.8,1.4
2018.12.31hétfő,4.2,-1.5,7.5,0.3
2019.01.01kedd,2.7,-4.6,6.1,0.9
2019.01.02szerda,3.1,-0.7,9.5,0.9
2019.01.03csütörtök,0.3,-3.3,7.9,0.1
2019.01.04péntek,-1.0,-6.3,5.4,0.2
2019.01.05szombat,2.2,-3.2,5.8,4.0
2019.01.06vasárnap,0.4,-6.5,7.3,0.0
2019.01.07hétfő,-5.2,-14.9,1.9,0.0
2019.01.08kedd,0.0,-10.4,4.4,4.7
2019.01.09szerda,1.8,-1.2,4.6,1.9
2019.01.10csütörtök,0.2,-8.6,3.2,0.3
2019.01.11péntek,-6.5,-9.8,5.6,0.1
2019.01.12szombat,3.3,-4.3,6.0,1.2
2019.01.13vasárnap,3.3,0.0,5.9,1.4
2019.01.14hétfő,3.1,-1.4,10.1,4.7
2019.01.15kedd,1.2,-3.2,8.2,0.7
2019.01.16szerda,5.7,-1.3,10.0,0.2
2019.01.17csütörtök,10.0,-1.1,6.0,3.3
2019.01.18péntek,5.6,-3.2,8.1,7.2
2019.01.19szombat,0.6,-4.7,3.6,0.0
2019.01.20vasárnap,0.0,-2.1,3.7,2.7
2019.01.21hétfő,0.0,-7.0,1.8,0.1
2019.01.22kedd,-2.4,-9.9,3.0,0.0
2019.01.23szerda,-1.4,-7.1,4.7,2.7
2019.01.24csütörtök,1.5,-3.1,3.6,1.2
2019.01.25péntek,-3.3,-6.3,6.7,2.5
2019.01.26szombat,-2.7,-6.5,7.1,0.0
2019.01.27vasárnap,2.7,-2.1,5.2,0.7
2019.01.28hétfő,3.6,-1.9,4.5,5.7
2019.01.29kedd,3.3,-3.6,4.8,0.1
2019.01.30szerda,-1.3,-8.5,2.6,0.1
2019.01.31csütörtök,0.1,-3.4,2.4,0.2
2019.02.01péntek,2.3,-2.0,4.7,1.8
2019.02.02szombat,9.5,5.3,6.7,2.5
2019.02.03vasárnap,11.0,3.5,7.6,2.0
2019.02.04hétfő,4.4,0.9,8.5,0.3
2019.02.05kedd,4.7,-1.4,3.0,0.2
2019.02.06szerda,3.3,-4.8,3.0,0.0
2019.02.07csütörtök,2.2,-5.5,2.5,0.0
2019.02.08péntek,3.8,-4.5,2.0,0.3
2019.02.09szombat,3.8,-3.7,2.7,0.1
2019.02.10vasárnap,6.3,-4.5,7.7,0.8
2019.02.11hétfő,6.0,2.6,10.5,4.3
2019.02.12kedd,3.2,-0.7,9.6,0.1
2019.02.13szerda,3.6,-1.7,5.9,0.1
2019.02.14csütörtök,7.1,-0.3,6.5,0.0
2019.02.15péntek,7.1,-2.6,1.9,0.0
2019.02.16szombat,8.4,-2.3,2.3,0.0
2019.02.17vasárnap,9.7,-2.1,1.9,0.0
2019.02.18hétfő,7.3,-2.3,2.2,0.0
2019.02.19kedd,7.2,-1.3,2.3,0.2
2019.02.20szerda,8.3,0.8,4.9,0.0
2019.02.21csütörtök,8.6,-0.5,4.2,0.5
2019.02.22péntek,10.6,-2.7,7.6,1.6
2019.02.23szombat,-0.8,-6.4,6.2,0.0
2019.02.24vasárnap,1.5,-6.6,3.3,0.0
2019.02.25hétfő,6.5,-4.0,3.0,0.0
2019.02.26kedd,10.5,-3.9,6.9,0.0
2019.02.27szerda,9.5,-0.1,5.0,0.0
2019.02.28csütörtök,12.9,0.9,8.4,0.0
2019.03.01péntek,11.6,4.7,5.5,0.1
2019.03.02szombat,6.9,2.5,4.5,0.4
2019.03.03vasárnap,11.7,3.1,5.7,0.5
2019.03.04hétfő,14.8,4.1,9.8,0.0
2019.03.05kedd,11.9,5.0,6.9,1.5
2019.03.06szerda,13.6,3.5,4.7,0.5
2019.03.07csütörtök,17.2,6.5,8.8,0.0
2019.03.08péntek,14.8,7.8,4.7,1.7
2019.03.09szombat,12.8,5.8,5.8,0.2
2019.03.10vasárnap,13.8,6.8,9.1,0.2
2019.03.11hétfő,9.3,3.8,14.0,0.3
2019.03.12kedd,7.9,0.0,5.8,0.0
2019.03.13szerda,6.0,-1.6,5.7,2.1
2019.03.14csütörtök,9.5,-0.9,3.8,0.0
2019.03.15péntek,10.1,4.5,8.2,2.2
2019.03.16szombat,10.0,7.7,7.2,0.9
2019.03.17vasárnap,17.6,3.6,6.5,0.0
2019.03.18hétfő,11.5,6.2,8.7,1.5
2019.03.19kedd,9.9,5.2,5.5,0.4
2019.03.20szerda,10.0,2.5,2.1,0.0
2019.03.21csütörtök,11.1,-0.6,2.0,0.0
2019.03.22péntek,14.0,0.7,2.0,0.0
2019.03.23szombat,15.6,2.5,2.8,0.0
2019.03.24vasárnap,17.7,5.5,4.8,0.0
2019.03.25hétfő,12.1,7.5,5.5,0.2
2019.03.26kedd,11.0,5.2,5.9,0.0
2019.03.27szerda,9.0,1.6,5.6,0.0
2019.03.28csütörtök,13.2,-1.1,3.6,0.0
2019.03.29péntek,13.8,2.3,2.2,0.0
2019.03.30szombat,15.7,2.1,2.0,0.0
2019.03.31vasárnap,17.7,3.1,2.5,0.0
2019.04.01hétfő,13.9,6.1,5.9,0.0
2019.04.02kedd,15.2,5.0,6.6,0.0
2019.04.03szerda,15.5,8.2,6.6,0.0
2019.04.04csütörtök,17.0,9.0,7.0,0.0
2019.04.05péntek,15.0,6.6,7.7,3.0
2019.04.06szombat,15.5,5.9,3.5,3.0
2019.04.07vasárnap,17.6,6.7,4.0,0.0
2019.04.08hétfő,19.7,8.6,3.3,0.0
2019.04.09kedd,19.0,12.0,4.5,0.4
2019.04.10szerda,17.5,10.9,5.4,0.0
2019.04.11csütörtök,14.2,10.0,6.5,6.4
2019.04.12péntek,10.5,7.7,5.4,13.4
2019.04.13szombat,10.1,7.7,5.4,0.2
2019.04.14vasárnap,14.4,8.4,6.4,1.3
2019.04.15hétfő,12.4,4.6,6.4,0.0
2019.04.16kedd,12.8,2.1,3.9,0.0
2019.04.17szerda,15.2,3.4,3.0,0.0
2019.04.18csütörtök,18.4,9.2,4.1,0.1
2019.04.19péntek,20.7,11.3,4.0,0.0
2019.04.20szombat,19.6,11.0,3.2,0.0
2019.04.21vasárnap,20.3,11.8,3.6,0.0
2019.04.22hétfő,19.1,12.0,7.1,0.3
2019.04.23kedd,11.8,9.9,7.4,4.8
2019.04.24szerda,21.4,10.2,6.0,2.1
2019.04.25csütörtök,23.8,12.7,6.3,0.0
2019.04.26péntek,25.9,15.8,6.1,2.8
2019.04.27szombat,17.7,12.2,6.7,4.3
2019.04.28vasárnap,15.8,11.7,8.2,0.4
2019.04.29hétfő,15.9,10.3,5.2,0.9
2019.04.30kedd,16.8,9.0,3.8,6.1
2019.05.01szerda,19.3,10.4,6.4,0.0
2019.05.02csütörtök,21.1,10.8,5.5,1.0
2019.05.03péntek,16.9,11.9,5.9,0.6
2019.05.04szombat,17.4,12.3,5.0,10.9
2019.05.05vasárnap,11.3,7.1,5.8,27.1
2019.05.06hétfő,11.7,7.1,4.9,9.1
2019.05.07kedd,15.2,6.8,6.3,0.0
2019.05.08szerda,17.8,7.8,4.6,0.0
2019.05.09csütörtök,11.4,9.9,5.0,17.0
2019.05.10péntek,19.3,9.9,6.6,0.6
2019.05.11szombat,22.3,11.2,3.6,0.8
2019.05.12vasárnap,22.3,13.6,4.9,9.8
2019.05.13hétfő,16.4,8.8,6.3,1.2
2019.05.14kedd,10.5,6.8,6.0,30.3
2019.05.15szerda,11.6,8.5,3.0,9.3
2019.05.16csütörtök,17.0,7.4,2.2,0.1
2019.05.17péntek,20.0,10.4,2.6,0.0
2019.05.18szombat,23.4,11.8,3.9,0.2
2019.05.19vasárnap,24.4,14.2,4.7,3.5
2019.05.20hétfő,22.4,15.9,6.0,7.7
2019.05.21kedd,19.8,12.7,5.4,5.7
2019.05.22szerda,17.6,14.3,7.1,1.5
2019.05.23csütörtök,18.5,12.6,7.7,0.0
2019.05.24péntek,20.5,10.5,3.5,2.2
2019.05.25szombat,23.9,13.6,2.9,0.0
2019.05.26vasárnap,25.6,16.0,2.8,0.0
2019.05.27hétfő,25.6,17.3,4.2,7.8
2019.05.28kedd,23.6,15.3,4.2,9.4
2019.05.29szerda,21.8,14.2,3.3,5.8
2019.05.30csütörtök,16.7,12.7,4.2,23.1
2019.05.31péntek,23.1,12.9,3.3,1.4
2019.06.01szombat,25.2,15.8,4.9,0.9
2019.06.02vasárnap,27.2,17.0,3.6,0.0
2019.06.03hétfő,28.1,18.1,3.5,0.2
2019.06.04kedd,27.5,18.7,3.3,0.0
2019.06.05szerda,27.7,19.7,3.9,3.0
2019.06.06csütörtök,26.2,17.3,4.8,4.6
2019.06.07péntek,27.7,18.2,4.1,8.8
2019.06.08szombat,27.1,18.2,6.0,0.0
2019.06.09vasárnap,28.1,17.9,3.6,0.0
2019.06.10hétfő,30.4,20.0,4.2,0.0
2019.06.11kedd,30.9,21.1,4.4,0.0
2019.06.12szerda,31.1,21.5,5.4,0.0
2019.06.13csütörtök,33.3,22.3,4.1,3.2
2019.06.14péntek,33.0,23.3,3.7,0.0
2019.06.15szombat,33.8,23.6,3.9,0.3
2019.06.16vasárnap,31.7,24.4,4.7,7.1
2019.06.17hétfő,29.4,21.0,3.7,10.7
2019.06.18kedd,26.6,19.9,4.3,3.0
2019.06.19szerda,29.7,22.9,4.8,15.9
2019.06.20csütörtök,29.8,22.4,2.5,6.9
2019.06.21péntek,29.2,21.0,4.5,0.8
2019.06.22szombat,29.8,22.3,3.3,2.4
2019.06.23vasárnap,26.8,21.1,4.2,20.1
2019.06.24hétfő,29.0,20.3,5.7,0.8
2019.06.25kedd,31.3,20.4,4.2,0.0
2019.06.26szerda,32.5,23.9,3.2,0.0
2019.06.27csütörtök,32.5,23.2,7.5,0.0
2019.06.28péntek,26.2,18.3,4.0,0.0
2019.06.29szombat,28.2,18.6,3.2,0.0
2019.06.30vasárnap,29.1,20.7,4.3,0.0
2019.07.01hétfő,32.2,20.8,3.8,0.0
2019.07.02kedd,30.9,23.2,6.3,0.0
2019.07.03szerda,27.1,20.1,5.1,0.0
2019.07.04csütörtök,25.8,19.1,4.2,0.0
2019.07.05péntek,28.4,19.7,5.3,0.0
2019.07.06szombat,29.6,20.8,5.7,0.0
2019.07.07vasárnap,24.3,20.8,6.6,13.3
2019.07.08hétfő,23.0,17.4,4.7,0.0
2019.07.09kedd,22.5,17.7,5.6,0.0
2019.07.10szerda,23.1,17.3,5.7,0.0
2019.07.11csütörtök,23.9,15.1,5.2,0.0
2019.07.12péntek,21.3,17.3,3.5,0.0
2019.07.13szombat,22.4,15.9,4.9,12.9
2019.07.14vasárnap,25.9,15.6,4.9,0.6
2019.07.15hétfő,23.8,17.6,3.6,0.8
2019.07.16kedd,26.1,18.0,4.5,0.0
2019.07.17szerda,24.6,14.7,4.9,0.0
2019.07.18csütörtök,27.8,18.8,3.8,1.0
2019.07.19péntek,28.5,20.2,3.5,2.4
2019.07.20szombat,30.2,20.8,4.3,0.0
2019.07.21vasárnap,32.0,22.0,5.2,0.6
2019.07.22hétfő,28.6,21.1,5.7,0.0
2019.07.23kedd,27.8,21.2,4.6,0.0
2019.07.24szerda,29.8,19.9,3.4,0.0
2019.07.25csütörtök,30.1,21.6,2.6,0.0
2019.07.26péntek,32.5,22.6,3.1,0.1
2019.07.27szombat,30.2,21.8,3.8,12.9
2019.07.28vasárnap,32.2,20.7,5.0,5.4
2019.07.29hétfő,29.3,20.7,4.3,4.3
2019.07.30kedd,30.5,20.8,5.5,0.0
2019.07.31szerda,28.7,22.6,4.6,0.0
2019.08.01csütörtök,30.6,21.8,4.4,0.9
2019.08.02péntek,27.9,21.8,4.3,0.0
2019.08.03szombat,25.8,18.2,5.6,37.4
2019.08.04vasárnap,26.9,17.5,3.0,0.0
2019.08.05hétfő,27.2,19.7,4.2,0.5
2019.08.06kedd,31.2,20.5,3.0,0.4
2019.08.07szerda,31.7,22.6,6.0,1.5
2019.08.08csütörtök,28.8,20.7,5.9,0.0
2019.08.09péntek,30.7,22.0,4.1,0.1
2019.08.10szombat,33.4,23.1,3.2,0.0
2019.08.11vasárnap,33.6,23.7,4.7,0.0
2019.08.12hétfő,36.2,24.8,3.7,0.0
2019.08.13kedd,28.0,20.3,7.2,3.7
2019.08.14szerda,23.0,17.4,4.6,12.0
2019.08.15csütörtök,24.2,16.8,2.5,0.0
2019.08.16péntek,25.4,19.1,4.3,1.1
2019.08.17szombat,27.4,17.9,3.1,0.0
2019.08.18vasárnap,29.7,20.0,4.2,0.0
2019.08.19hétfő,32.3,21.7,3.3,0.0
2019.08.20kedd,33.6,23.3,3.0,0.0
2019.08.21szerda,30.2,22.5,5.5,0.5
2019.08.22csütörtök,27.7,19.4,3.1,2.3
2019.08.23péntek,30.5,21.6,2.2,0.0
2019.08.24szombat,32.1,23.4,4.0,0.0
2019.08.25vasárnap,32.0,23.7,3.3,1.5
2019.08.26hétfő,31.5,24.3,4.0,1.3
2019.08.27kedd,31.5,24.4,3.9,0.9
2019.08.28szerda,33.4,24.7,3.2,0.0
2019.08.29csütörtök,33.1,25.4,2.9,0.0
2019.08.30péntek,34.7,24.7,2.6,0.0
2019.08.31szombat,33.1,25.0,3.9,0.1
2019.09.01vasárnap,32.3,24.8,3.7,0.0
2019.09.02hétfő,32.6,22.2,4.7,0.0
2019.09.03kedd,21.9,16.1,6.8,2.2
2019.09.04szerda,25.6,15.9,1.9,0.0
2019.09.05csütörtök,26.5,18.6,2.0,0.0
2019.09.06péntek,26.3,17.3,4.0,0.0
2019.09.07szombat,20.5,18.2,3.0,2.4
2019.09.08vasárnap,23.0,17.6,2.6,5.3
2019.09.09hétfő,21.8,15.0,5.6,20.3
2019.09.10kedd,22.7,14.7,3.2,0.0
2019.09.11szerda,26.1,16.7,2.0,0.0
2019.09.12csütörtök,25.5,19.7,5.4,0.0
2019.09.13péntek,25.4,16.3,4.3,0.0
2019.09.14szombat,25.6,18.4,4.4,0.0
2019.09.15vasárnap,23.8,15.7,3.2,0.0
2019.09.16hétfő,26.7,17.5,3.5,0.0
2019.09.17kedd,22.0,16.7,6.1,0.0
2019.09.18szerda,17.2,11.2,8.4,0.0
2019.09.19csütörtök,17.1,10.4,4.8,0.0
2019.09.20péntek,18.8,9.8,3.5,0.0
2019.09.21szombat,19.5,12.4,2.0,0.0
2019.09.22vasárnap,22.5,13.1,4.2,0.0
2019.09.23hétfő,17.7,13.7,4.7,0.0
2019.09.24kedd,20.4,14.2,2.1,0.0
2019.09.25szerda,20.2,14.9,3.3,1.3
2019.09.26csütörtök,21.1,14.5,5.2,1.9
2019.09.27péntek,23.0,14.7,2.8,0.0
2019.09.28szombat,17.5,16.4,3.6,0.7
2019.09.29vasárnap,22.6,14.7,4.4,0.0
2019.09.30hétfő,24.0,15.9,10.7,0.0
2019.10.01kedd,22.7,13.4,4.7,0.0
2019.10.02szerda,23.1,15.9,5.5,2.5
2019.10.03csütörtök,15.2,10.2,9.1,0.3
2019.10.04péntek,16.2,8.1,3.5,0.0
2019.10.05szombat,13.1,10.3,7.3,4.1
2019.10.06vasárnap,14.6,8.9,7.1,0.3
2019.10.07hétfő,12.1,8.2,3.4,0.0
2019.10.08kedd,13.9,7.2,4.3,0.0
2019.10.09szerda,19.2,10.3,7.9,0.0
2019.10.10csütörtök,15.4,11.1,6.8,2.2
2019.10.11péntek,17.3,9.4,4.2,0.0
2019.10.12szombat,20.6,11.1,3.1,0.0
2019.10.13vasárnap,20.6,13.3,2.2,0.0
2019.10.14hétfő,21.4,14.6,3.2,0.0
2019.10.15kedd,22.7,14.8,3.6,0.0
2019.10.16szerda,17.3,14.1,3.1,0.0
2019.10.17csütörtök,21.5,13.8,1.6,0.0
2019.10.18péntek,21.0,14.5,3.1,0.0
2019.10.19szombat,21.6,13.4,5.5,0.0
2019.10.20vasárnap,22.8,15.0,5.1,0.0
2019.10.21hétfő,23.6,15.6,3.7,0.0
2019.10.22kedd,23.0,15.7,1.5,0.0
2019.10.23szerda,23.3,16.2,2.7,0.0
2019.10.24csütörtök,22.1,14.8,2.8,0.0
2019.10.25péntek,21.9,14.7,2.3,0.0
2019.10.26szombat,19.7,13.7,1.7,0.0
2019.10.27vasárnap,20.4,13.6,1.2,0.0
2019.10.28hétfő,17.2,12.3,4.0,0.0
2019.10.29kedd,11.4,9.3,2.4,9.8
2019.10.30szerda,11.5,7.5,3.1,0.0
2019.10.31csütörtök,10.1,5.6,1.5,0.0
2019.11.01péntek,9.7,5.3,3.5,0.0
2019.11.02szombat,11.1,6.3,4.8,0.0
2019.11.03vasárnap,16.4,9.8,6.6,0.4
2019.11.04hétfő,15.7,9.9,5.3,9.6
2019.11.05kedd,16.3,9.2,6.6,12.3
2019.11.06szerda,12.7,9.7,4.3,5.1
2019.11.07csütörtök,13.9,9.6,2.2,8.2
2019.11.08péntek,13.5,8.5,4.3,0.0
2019.11.09szombat,15.1,10.5,3.1,0.0
2019.11.10vasárnap,10.1,7.4,4.2,1.3
2019.11.11hétfő,10.2,5.5,6.1,0.0
2019.11.12kedd,10.2,7.0,3.5,1.9
2019.11.13szerda,16.4,10.4,7.7,14.9
2019.11.14csütörtök,11.4,6.4,3.9,0.3
2019.11.15péntek,14.5,8.4,3.8,0.0
2019.11.16szombat,16.3,10.3,4.0,0.0
2019.11.17vasárnap,13.8,10.2,4.6,0.0
2019.11.18hétfő,14.1,9.6,5.0,0.2
2019.11.19kedd,11.6,8.1,3.5,0.0
2019.11.20szerda,10.9,9.3,4.9,4.3
2019.11.21csütörtök,11.5,9.5,4.0,5.3
2019.11.22péntek,11.8,8.4,5.1,1.3
2019.11.23szombat,9.0,4.6,5.3,0.0
2019.11.24vasárnap,9.8,5.7,4.5,0.0
2019.11.25hétfő,10.6,5.7,1.8,0.0
2019.11.26kedd,10.2,6.6,1.2,0.0
2019.11.27szerda,9.7,5.4,5.0,2.6
2019.11.28csütörtök,10.3,9.0,2.6,7.5
2019.11.29péntek,11.0,7.4,3.8,0.0
2019.11.30szombat,5.5,1.6,7.4,0.0
2019.12.01vasárnap,4.2,0.7,4.7,0.0
2019.12.02hétfő,1.8,0.2,4.7,6.7
2019.12.03kedd,1.0,-1.6,4.1,0.0
2019.12.04szerda,-0.7,-3.5,2.0,0.0
2019.12.05csütörtök,-0.2,-2.6,2.4,0.0
2019.12.06péntek,0.2,-2.8,1.6,0.0
2019.12.07szombat,2.8,-1.6,2.6,0.0
2019.12.08vasárnap,6.3,1.6,2.1,0.0
2019.12.09hétfő,6.2,4.2,3.3,3.3
2019.12.10kedd,5.7,1.2,8.3,4.9
2019.12.11szerda,2.4,-0.4,2.6,0.0
2019.12.12csütörtök,3.5,1.0,2.9,4.7
2019.12.13péntek,5.0,3.3,4.5,5.0
2019.12.14szombat,4.7,3.7,4.2,1.6
2019.12.15vasárnap,7.4,2.5,3.4,0.0
2019.12.16hétfő,9.2,4.6,3.8,0.0
2019.12.17kedd,14.1,7.2,6.7,0.0
2019.12.18szerda,12.0,7.6,3.9,0.0
2019.12.19csütörtök,8.9,6.3,2.3,0.0
2019.12.20péntek,10.1,5.2,6.1,0.0
2019.12.21szombat,10.9,9.6,6.3,4.5
2019.12.22vasárnap,9.3,6.2,6.3,17.2
2019.12.23hétfő,7.6,7.0,9.9,4.9
2019.12.24kedd,7.8,5.4,9.4,0.0
2019.12.25szerda,8.3,4.6,6.2,3.1
2019.12.26csütörtök,6.4,3.2,6.0,0.0
2019.12.27péntek,4.6,1.6,4.9,0.0
2019.12.28szombat,3.0,-0.1,7.2,0.0
2019.12.29vasárnap,1.0,-1.1,3.2,0.0
2019.12.30hétfő,1.1,-1.5,2.3,0.0
2019.12.31kedd,4.4,-0.6,5.1,0.0
2020.01.01szerda,3.0,0.2,4.5,0.0
2020.01.02csütörtök,3.3,-0.5,1.6,0.0
2020.01.03péntek,2.4,-0.7,1.6,0.0
2020.01.04szombat,6.7,1.1,7.4,0.0
2020.01.05vasárnap,3.5,-0.7,7.9,0.1
2020.01.06hétfő,1.0,-1.0,1.7,0.0
2020.01.07kedd,1.7,-1.3,1.5,0.0
2020.01.08szerda,1.1,-1.2,1.2,0.0
2020.01.09csütörtök,1.3,-1.0,1.8,0.0
2020.01.10péntek,1.5,-0.7,2.6,0.0
2020.01.11szombat,6.5,0.2,4.8,0.0
2020.01.12vasárnap,4.2,0.8,1.4,0.0
2020.01.13hétfő,2.7,-0.3,1.9,0.0
2020.01.14kedd,2.9,-0.5,2.1,0.0
2020.01.15szerda,3.1,-0.4,2.3,0.0
2020.01.16csütörtök,3.0,-0.1,1.4,0.0
2020.01.17péntek,2.5,-0.3,2.2,0.0
2020.01.18szombat,1.7,-0.8,2.3,0.0
2020.01.19vasárnap,2.8,0.1,2.5,0.1
2020.01.20hétfő,4.4,-0.1,2.6,0.0
2020.01.21kedd,3.6,-0.5,1.5,0.0
2020.01.22szerda,2.8,-0.9,4.7,0.0
2020.01.23csütörtök,3.4,-0.6,4.6,0.0
2020.01.24péntek,1.7,-1.6,1.9,0.0
2020.01.25szombat,1.6,-0.9,1.6,0.9
2020.01.26vasárnap,1.2,0.3,1.9,0.4
2020.01.27hétfő,5.7,1.5,2.0,0.0
2020.01.28kedd,4.7,0.3,3.6,6.8
2020.01.29szerda,5.3,1.5,6.8,0.1
2020.01.30csütörtök,4.5,0.3,6.7,0.4
2020.01.31péntek,11.0,1.5,7.1,0.7
2020.02.01szombat,10.6,5.5,3.3,0.0
2020.02.02vasárnap,12.8,8.6,8.4,0.4
2020.02.03hétfő,10.8,7.3,7.6,5.0
2020.02.04kedd,7.4,3.0,12.6,9.8
2020.02.05szerda,7.0,0.9,11.2,0.0
2020.02.06csütörtök,4.3,-0.1,7.3,0.0
2020.02.07péntek,6.8,1.2,5.3,0.0
2020.02.08szombat,4.1,-0.8,3.7,0.0
2020.02.09vasárnap,5.3,-0.6,2.9,0.0
2020.02.10hétfő,12.0,3.5,8.6,0.4
2020.02.11kedd,7.9,4.4,11.0,2.1
2020.02.12szerda,6.4,2.2,7.3,0.0
2020.02.13csütörtök,7.4,1.4,6.3,1.0
2020.02.14péntek,8.0,4.9,6.7,4.3
2020.02.15szombat,8.2,2.5,3.4,0.0
2020.02.16vasárnap,9.1,2.0,3.6,0.0
2020.02.17hétfő,11.0,3.6,2.6,0.0
2020.02.18kedd,10.8,6.0,6.1,0.4
2020.02.19szerda,7.8,3.1,6.0,0.2
2020.02.20csütörtök,6.8,2.2,5.8,0.0
2020.02.21péntek,7.8,2.6,8.8,0.4
2020.02.22szombat,8.6,1.6,4.9,0.0
2020.02.23vasárnap,10.8,5.0,8.5,0.4
2020.02.24hétfő,12.3,5.0,9.6,1.9
2020.02.25kedd,14.4,4.2,5.5,1.9
2020.02.26szerda,8.9,4.7,7.7,7.1
2020.02.27csütörtök,6.8,2.6,7.8,0.0
2020.02.28péntek,7.1,2.1,11.9,3.7
2020.02.29szombat,8.9,1.4,6.6,0.0
2020.03.01vasárnap,9.6,6.5,6.2,5.6
2020.03.02hétfő,12.4,7.5,6.6,12.9
2020.03.03kedd,10.5,6.1,4.7,4.3
2020.03.04szerda,8.9,5.1,6.4,0.0
2020.03.05csütörtök,9.8,2.9,4.0,0.0
2020.03.06péntek,5.6,3.8,4.8,11.8
2020.03.07szombat,9.3,4.9,6.8,1.2
2020.03.08vasárnap,9.0,2.5,4.5,0.0
2020.03.09hétfő,10.0,3.4,2.6,0.0
2020.03.10kedd,11.3,4.4,4.6,0.0
2020.03.11szerda,14.6,6.8,4.8,1.5
2020.03.12csütörtök,16.7,9.5,5.3,0.0
2020.03.13péntek,13.1,7.2,7.6,0.4
2020.03.14szombat,9.7,4.8,5.8,0.0
2020.03.15vasárnap,8.9,2.1,4.1,0.0
2020.03.16hétfő,10.6,2.5,6.1,0.0
2020.03.17kedd,13.1,4.1,1.5,0.0
2020.03.18szerda,15.5,7.8,1.7,0.0
2020.03.19csütörtök,17.2,8.9,2.2,0.0
2020.03.20péntek,17.6,10.5,2.8,0.0
2020.03.21szombat,15.4,4.8,6.9,2.9
2020.03.22vasárnap,5.8,1.4,4.8,1.0
2020.03.23hétfő,3.7,0.0,9.3,1.1
2020.03.24kedd,6.2,0.1,7.7,0.0
2020.03.25szerda,5.0,0.5,6.2,0.0
2020.03.26csütörtök,11.9,3.0,5.4,0.0
2020.03.27péntek,14.4,6.2,3.6,0.0
2020.03.28szombat,16.4,8.0,2.7,0.0
2020.03.29vasárnap,15.8,8.8,5.7,0.0
2020.03.30hétfő,8.1,2.0,4.2,1.4
2020.03.31kedd,8.3,1.6,2.8,0.0
2020.04.01szerda,10.0,3.1,1.9,0.0
2020.04.02csütörtök,11.1,3.2,2.8,0.0
2020.04.03péntek,13.8,4.2,4.1,0.0
2020.04.04szombat,15.0,6.6,3.8,0.0
2020.04.05vasárnap,15.9,7.9,4.6,0.0
2020.04.06hétfő,15.6,8.0,3.8,0.0
2020.04.07kedd,17.0,8.2,1.9,0.0
2020.04.08szerda,19.2,9.8,1.4,0.0
2020.04.09csütörtök,20.5,11.3,3.9,0.0
2020.04.10péntek,18.8,12.5,4.7,0.0
2020.04.11szombat,18.9,10.6,2.5,0.0
2020.04.12vasárnap,17.9,10.8,3.4,0.0
2020.04.13hétfő,21.1,11.9,6.1,0.3
2020.04.14kedd,10.9,7.2,6.9,0.2
2020.04.15szerda,13.6,5.3,5.0,0.0
2020.04.16csütörtök,19.5,8.1,4.1,0.0
2020.04.17péntek,21.4,11.4,5.4,0.0
2020.04.18szombat,20.5,12.7,3.0,1.0
2020.04.19vasárnap,17.0,12.4,5.1,11.4
2020.04.20hétfő,15.4,8.4,5.5,0.0
2020.04.21kedd,16.2,7.8,6.0,0.0
2020.04.22szerda,17.2,8.4,4.1,0.0
2020.04.23csütörtök,18.5,9.6,2.8,0.0
2020.04.24péntek,18.9,11.4,4.7,0.0
2020.04.25szombat,18.4,12.3,8.5,0.4
2020.04.26vasárnap,18.3,9.2,3.2,0.0
2020.04.27hétfő,18.8,10.9,3.9,0.0
2020.04.28kedd,22.2,12.1,5.3,2.5
2020.04.29szerda,18.4,14.2,5.6,3.1
2020.04.30csütörtök,21.0,12.1,6.3,0.5
2020.05.01péntek,19.1,14.1,4.8,1.1
2020.05.02szombat,19.4,12.3,6.0,0.0
2020.05.03vasárnap,17.8,10.9,7.9,0.0
2020.05.04hétfő,19.5,10.0,4.1,0.1
2020.05.05kedd,17.5,12.0,7.4,4.8
2020.05.06szerda,15.6,8.0,8.5,0.0
2020.05.07csütörtök,16.3,9.4,8.0,0.0
2020.05.08péntek,21.8,9.7,2.6,0.0
2020.05.09szombat,23.1,14.1,3.4,0.0
2020.05.10vasárnap,24.0,15.8,4.2,0.0
2020.05.11hétfő,24.6,15.8,8.3,0.0
2020.05.12kedd,15.5,8.4,7.9,0.0
2020.05.13szerda,11.2,7.3,3.5,1.0
2020.05.14csütörtök,22.4,11.3,4.7,0.6
2020.05.15péntek,19.4,11.1,7.6,4.1
2020.05.16szombat,19.9,9.1,3.1,0.0
2020.05.17vasárnap,20.9,12.8,3.5,6.3
2020.05.18hétfő,24.3,13.7,2.4,0.0
2020.05.19kedd,25.1,16.7,4.0,0.1
2020.05.20szerda,19.7,15.7,3.7,9.7
2020.05.21csütörtök,20.0,13.2,4.9,0.0
2020.05.22péntek,19.1,11.0,4.1,0.0
2020.05.23szombat,16.8,13.0,3.1,1.5
2020.05.24vasárnap,19.9,12.0,9.9,2.7
2020.05.25hétfő,17.9,12.0,7.1,0.2
2020.05.26kedd,20.4,10.5,4.8,2.0
2020.05.27szerda,21.8,12.1,3.9,1.2
2020.05.28csütörtök,20.9,13.1,6.1,0.3
2020.05.29péntek,20.4,12.5,4.8,1.2
2020.05.30szombat,19.7,12.5,3.9,5.1
2020.05.31vasárnap,13.4,10.7,8.3,0.0
2020.06.01hétfő,22.4,12.1,4.3,1.5
2020.06.02kedd,19.9,13.5,4.8,0.2
2020.06.03szerda,21.8,11.7,3.9,1.3
2020.06.04csütörtök,24.5,14.6,7.9,1.3
2020.06.05péntek,23.3,16.6,7.6,9.1
2020.06.06szombat,25.9,14.8,3.4,1.9
2020.06.07vasárnap,27.0,19.3,4.5,12.1
2020.06.08hétfő,23.6,15.4,4.2,3.1
2020.06.09kedd,26.1,15.9,2.1,1.6
2020.06.10szerda,25.1,18.7,3.3,8.2
2020.06.11csütörtök,25.3,18.4,3.0,2.4
2020.06.12péntek,26.5,16.5,2.2,0.4
2020.06.13szombat,30.2,19.1,2.3,1.2
2020.06.14vasárnap,28.3,22.2,3.2,17.6
2020.06.15hétfő,23.6,18.1,3.3,19.0
2020.06.16kedd,21.3,18.0,4.1,19.3
2020.06.17szerda,23.1,18.9,3.8,9.9
2020.06.18csütörtök,22.5,18.6,5.5,10.2
2020.06.19péntek,24.0,16.8,7.9,0.0
2020.06.20szombat,20.3,16.6,7.6,0.0
2020.06.21vasárnap,21.2,15.1,6.8,2.8
2020.06.22hétfő,22.8,17.1,5.8,0.8
2020.06.23kedd,26.2,18.8,4.4,0.0
2020.06.24szerda,25.1,15.8,3.7,0.0
2020.06.25csütörtök,27.5,18.2,3.3,0.0
2020.06.26péntek,29.7,20.3,6.2,3.6
2020.06.27szombat,30.4,20.7,4.4,2.3
2020.06.28vasárnap,33.0,22.9,3.5,0.0
2020.06.29hétfő,32.0,19.1,9.6,2.3
2020.06.30kedd,27.6,18.0,4.8,0.0
2020.07.01szerda,30.5,20.7,4.1,0.0
2020.07.02csütörtök,31.8,23.1,3.1,3.9
2020.07.03péntek,25.2,21.4,7.0,6.4
2020.07.04szombat,28.1,20.4,3.5,1.2
2020.07.05vasárnap,29.3,19.3,4.1,0.0
2020.07.06hétfő,29.8,21.9,7.6,0.0
2020.07.07kedd,23.1,15.8,9.1,1.3
2020.07.08szerda,26.5,16.2,3.5,0.0
2020.07.09csütörtök,26.7,19.4,3.7,0.0
2020.07.10péntek,31.8,20.7,4.8,0.0
2020.07.11szombat,31.2,18.1,6.3,3.5
2020.07.12vasárnap,22.6,16.2,5.2,4.0
2020.07.13hétfő,23.8,17.1,3.2,0.3
2020.07.14kedd,24.6,17.4,2.2,0.0
2020.07.15szerda,26.0,18.1,3.4,0.0
2020.07.16csütörtök,24.6,18.6,5.0,0.0
2020.07.17péntek,23.1,16.4,4.7,0.8
2020.07.18szombat,21.2,17.1,2.6,2.1
2020.07.19vasárnap,27.4,16.4,2.2,3.2
2020.07.20hétfő,28.9,18.4,4.1,0.0
2020.07.21kedd,30.2,21.0,3.8,0.4
2020.07.22szerda,28.2,20.9,3.9,2.8
2020.07.23csütörtök,29.5,22.6,3.8,0.0
2020.07.24péntek,29.8,21.2,4.8,7.3
2020.07.25szombat,27.3,20.2,4.1,5.7
2020.07.26vasárnap,29.2,19.4,4.1,0.0
2020.07.27hétfő,29.7,20.9,4.2,0.0
2020.07.28kedd,32.9,22.6,4.4,0.0
2020.07.29szerda,30.5,23.8,5.0,0.0
2020.07.30csütörtök,32.8,24.0,3.2,0.0
2020.07.31péntek,31.4,24.6,4.6,0.0
2020.08.01szombat,28.8,21.2,3.9,0.0
2020.08.02vasárnap,29.8,20.5,4.3,0.0
2020.08.03hétfő,31.5,21.7,5.2,0.5
2020.08.04kedd,29.6,20.6,5.4,4.3
2020.08.05szerda,25.0,20.6,3.1,3.4
2020.08.06csütörtök,29.7,20.5,4.7,1.3
2020.08.07péntek,31.5,22.7,5.8,0.0
2020.08.08szombat,32.9,24.2,3.8,0.0
2020.08.09vasárnap,33.0,24.8,3.1,0.0
2020.08.10hétfő,33.0,25.3,2.8,1.5
2020.08.11kedd,33.1,23.5,3.8,1.4
2020.08.12szerda,32.1,24.1,4.0,0.0
2020.08.13csütörtök,31.3,22.6,3.2,0.0
2020.08.14péntek,31.0,24.6,3.3,0.0
2020.08.15szombat,28.9,23.0,2.6,1.1
2020.08.16vasárnap,26.0,20.5,3.4,25.9
2020.08.17hétfő,30.9,21.8,3.9,4.4
2020.08.18kedd,27.4,22.1,4.3,6.6
2020.08.19szerda,27.8,21.2,4.5,1.1
2020.08.20csütörtök,30.1,20.0,3.6,0.0
2020.08.21péntek,31.6,22.3,2.7,0.0
2020.08.22szombat,32.9,23.2,2.1,0.0
2020.08.23vasárnap,28.7,21.6,4.9,3.7
2020.08.24hétfő,28.9,22.0,4.0,0.0
2020.08.25kedd,26.7,21.0,4.6,0.0
2020.08.26szerda,30.3,20.4,5.6,0.0
2020.08.27csütörtök,26.1,19.5,7.7,0.0
2020.08.28péntek,29.1,19.0,4.8,0.0
2020.08.29szombat,32.7,22.1,6.7,0.0
2020.08.30vasárnap,34.3,23.4,7.6,0.0
2020.08.31hétfő,26.2,19.1,7.0,0.2
2020.09.01kedd,19.7,15.7,5.5,16.7
2020.09.02szerda,24.0,13.9,5.3,0.0
2020.09.03csütörtök,25.1,17.1,4.1,0.0
2020.09.04péntek,25.9,16.7,3.0,0.0
2020.09.05szombat,28.9,19.7,2.4,0.0
2020.09.06vasárnap,30.1,21.0,2.3,0.0
2020.09.07hétfő,26.5,20.4,4.9,0.2
2020.09.08kedd,25.9,17.5,2.8,0.0
2020.09.09szerda,28.0,18.5,2.1,0.0
2020.09.10csütörtök,27.7,19.6,3.0,0.0
2020.09.11péntek,27.5,19.6,2.8,0.0
2020.09.12szombat,29.6,20.5,3.0,0.0
2020.09.13vasárnap,30.2,22.3,2.7,0.0
2020.09.14hétfő,30.5,22.4,3.9,0.0
2020.09.15kedd,30.7,22.8,3.9,0.0
2020.09.16szerda,30.5,23.0,2.7,0.0
2020.09.17csütörtök,30.5,19.9,3.9,0.8
2020.09.18péntek,23.5,17.2,3.6,0.0
2020.09.19szombat,23.1,16.5,2.6,0.0
2020.09.20vasárnap,25.7,16.3,4.0,0.0
2020.09.21hétfő,26.8,17.8,4.1,0.0
2020.09.22kedd,28.1,18.5,4.7,0.0
2020.09.23szerda,26.4,19.4,2.5,1.8
2020.09.24csütörtök,24.9,18.9,2.0,1.0
2020.09.25péntek,21.6,18.5,5.6,9.2
2020.09.26szombat,18.3,11.8,7.6,10.4
2020.09.27vasárnap,16.9,9.5,6.0,0.0
2020.09.28hétfő,19.6,13.3,6.0,8.5
2020.09.29kedd,17.0,13.4,6.0,0.2
2020.09.30szerda,16.0,11.9,6.9,0.2
2020.10.01csütörtök,15.8,13.9,5.2,6.0
2020.10.02péntek,21.6,12.5,4.3,0.2
2020.10.03szombat,27.0,16.1,6.9,0.0
2020.10.04vasárnap,22.4,17.6,6.4,6.0
2020.10.05hétfő,22.8,16.2,5.7,0.0
2020.10.06kedd,21.9,14.8,4.3,0.0
2020.10.07szerda,15.9,14.5,6.8,2.5
2020.10.08csütörtök,18.1,11.3,6.6,0.0
2020.10.09péntek,18.8,12.1,2.5,0.0
2020.10.10szombat,20.6,15.1,2.3,0.0
2020.10.11vasárnap,14.7,12.5,3.7,1.5
2020.10.12hétfő,13.5,9.6,4.9,30.1
2020.10.13kedd,10.1,8.0,7.9,32.5
2020.10.14szerda,13.1,7.5,8.9,8.8
2020.10.15csütörtök,12.6,10.3,4.2,10.4
2020.10.16péntek,12.8,9.3,3.8,0.9
2020.10.17szombat,10.6,8.6,5.5,0.0
2020.10.18vasárnap,12.3,7.9,6.0,0.0
2020.10.19hétfő,14.1,8.0,2.8,0.0
2020.10.20kedd,14.8,9.6,4.0,0.0
2020.10.21szerda,16.6,8.9,4.2,0.0
2020.10.22csütörtök,15.7,10.3,3.2,0.0
2020.10.23péntek,16.4,10.8,1.8,0.0
2020.10.24szombat,17.9,12.1,5.6,0.0
2020.10.25vasárnap,13.3,12.9,2.3,4.5
2020.10.26hétfő,19.0,11.7,6.6,0.0
2020.10.27kedd,18.1,12.1,3.0,0.0
2020.10.28szerda,17.6,11.7,2.1,0.0
2020.10.29csütörtök,16.4,11.7,5.7,0.4
2020.10.30péntek,12.6,8.8,5.5,2.0
2020.10.31szombat,17.0,12.6,6.9,0.9
2020.11.01vasárnap,13.4,9.1,2.3,0.6
2020.11.02hétfő,13.6,11.7,1.8,1.5
2020.11.03kedd,17.5,13.2,1.5,0.0
2020.11.04szerda,13.8,13.1,0.9,3.7
2020.11.05csütörtök,12.5,9.8,3.7,8.7
2020.11.06péntek,12.7,8.1,1.6,0.0
2020.11.07szombat,13.1,8.2,1.5,0.0
2020.11.08vasárnap,12.8,7.8,1.4,0.0
2020.11.09hétfő,13.0,7.9,0.8,0.0
2020.11.10kedd,12.8,7.9,1.3,0.0
2020.11.11szerda,11.1,7.0,1.3,0.0
2020.11.12csütörtök,9.4,7.9,3.0,0.0
2020.11.13péntek,11.3,6.7,1.1,0.0
2020.11.14szombat,11.0,6.6,1.7,0.0
2020.11.15vasárnap,11.1,6.3,2.7,0.0
2020.11.16hétfő,9.1,7.6,3.3,0.3
2020.11.17kedd,11.5,6.7,2.0,0.0
2020.11.18szerda,11.4,7.0,1.6,0.0
2020.11.19csütörtök,10.7,5.8,2.5,1.1
2020.11.20péntek,8.8,3.9,5.9,0.0
2020.11.21szombat,6.6,1.9,3.1,0.0
2020.11.22vasárnap,5.7,1.6,2.3,0.0
2020.11.23hétfő,6.3,3.1,2.2,0.0
2020.11.24kedd,6.6,2.0,2.2,0.0
2020.11.25szerda,5.9,1.2,2.1,0.0
2020.11.26csütörtök,5.8,1.2,1.3,0.0
2020.11.27péntek,5.5,1.8,0.7,0.0
2020.11.28szombat,3.4,1.2,1.8,0.0
2020.11.29vasárnap,3.1,1.2,1.4,0.0
2020.11.30hétfő,2.8,0.0,1.5,0.0
2020.12.01kedd,2.1,-0.6,2.9,0.0
2020.12.02szerda,2.6,-0.4,2.8,0.0
2020.12.03csütörtök,2.8,0.0,5.7,1.3
2020.12.04péntek,7.2,2.4,4.8,0.0
2020.12.05szombat,10.2,4.5,3.6,0.0
2020.12.06vasárnap,12.2,6.4,6.6,0.0
2020.12.07hétfő,8.9,6.6,6.8,10.6
2020.12.08kedd,7.7,4.1,5.6,0.0
2020.12.09szerda,6.1,2.9,5.2,3.7
2020.12.10csütörtök,6.2,4.6,4.2,7.8
2020.12.11péntek,6.5,3.3,2.1,0.0
2020.12.12szombat,5.5,2.4,3.0,0.0
2020.12.13vasárnap,6.3,2.8,3.1,0.0
2020.12.14hétfő,5.8,1.7,2.2,0.0
2020.12.15kedd,5.1,1.3,2.5,0.0
2020.12.16szerda,4.1,1.5,1.4,0.0
2020.12.17csütörtök,5.0,1.4,1.3,0.0
2020.12.18péntek,5.5,4.4,1.0,0.0
2020.12.19szombat,5.0,2.5,2.1,0.0
2020.12.20vasárnap,4.6,1.9,2.2,0.0
2020.12.21hétfő,4.4,2.1,2.2,0.0
2020.12.22kedd,4.7,2.9,2.1,2.6
2020.12.23szerda,8.9,5.7,2.4,0.7
2020.12.24csütörtök,9.7,7.1,6.0,1.1
2020.12.25péntek,6.8,3.4,6.1,0.0
2020.12.26szombat,4.0,1.0,4.1,0.0
2020.12.27vasárnap,3.6,-0.1,4.3,0.1
2020.12.28hétfő,8.8,3.4,9.2,4.4
2020.12.29kedd,9.6,5.6,9.7,1.6
2020.12.30szerda,6.9,5.7,4.0,3.3
2020.12.31csütörtök,6.3,4.2,2.6,0.0
2021.01.01péntek,4.4,2.2,2.5,0.0
2021.01.02szombat,5.9,3.2,3.8,0.0
2021.01.03vasárnap,5.6,3.6,4.6,0.9
2021.01.04hétfő,6.2,4.4,2.8,0.2
2021.01.05kedd,7.5,3.9,4.2,0.0
2021.01.06szerda,5.1,2.7,3.6,2.1
2021.01.07csütörtök,4.6,1.6,5.3,1.5
2021.01.08péntek,3.6,0.6,2.4,1.0
2021.01.09szombat,2.6,-0.2,2.8,0.0
2021.01.10vasárnap,1.8,-0.1,2.7,0.0
2021.01.11hétfő,2.4,-0.5,2.8,0.0
2021.01.12kedd,1.7,-1.6,2.6,0.0
2021.01.13szerda,1.9,-0.4,6.4,1.2
2021.01.14csütörtök,0.4,-1.4,7.4,1.7
2021.01.15péntek,0.0,-1.9,5.1,0.0
2021.01.16szombat,-0.8,-3.7,5.9,0.0
2021.01.17vasárnap,-1.5,-4.3,5.2,0.0
2021.01.18hétfő,-2.7,-5.9,2.6,0.0
2021.01.19kedd,2.5,-2.4,3.4,0.0
2021.01.20szerda,6.2,0.6,4.7,0.4
2021.01.21csütörtök,9.6,3.0,5.3,0.0
2021.01.22péntek,9.7,5.1,6.3,0.5
2021.01.23szombat,10.4,5.3,5.6,7.0
2021.01.24vasárnap,5.7,2.9,7.1,1.3
2021.01.25hétfő,3.2,0.8,7.8,2.1
2021.01.26kedd,3.1,0.0,6.0,0.0
2021.01.27szerda,3.0,0.0,6.0,0.0
2021.01.28csütörtök,2.3,-0.5,3.8,0.0
2021.01.29péntek,5.7,1.7,4.0,2.5
2021.01.30szombat,9.6,3.8,6.7,0.0
2021.01.31vasárnap,2.8,-0.3,5.1,0.9
2021.02.01hétfő,4.6,0.2,2.4,0.0
2021.02.02kedd,6.2,1.4,2.1,0.0
2021.02.03szerda,10.0,2.3,4.6,0.5
2021.02.04csütörtök,11.6,6.4,8.3,0.1
2021.02.05péntek,6.2,4.9,2.7,1.8
2021.02.06szombat,7.1,5.0,4.0,0.5
2021.02.07vasárnap,9.0,3.0,4.1,4.5
2021.02.08hétfő,6.6,1.1,6.1,3.5
2021.02.09kedd,3.4,1.0,3.1,13.4
2021.02.10szerda,6.6,2.3,2.6,10.7
2021.02.11csütörtök,3.0,-7.1,11.3,0.8
2021.02.12péntek,-3.4,-7.1,6.3,0.0
2021.02.13szombat,-2.6,-7.1,3.6,0.0
2021.02.14vasárnap,0.9,-3.9,3.4,0.0
2021.02.15hétfő,0.6,-4.1,4.4,0.0
2021.02.16kedd,1.4,-1.9,2.1,0.0
2021.02.17szerda,3.2,-0.1,5.1,0.2
2021.02.18csütörtök,7.1,1.1,4.4,0.0
2021.02.19péntek,3.5,1.1,2.6,0.0
2021.02.20szombat,6.4,2.8,2.3,0.0
2021.02.21vasárnap,8.1,2.7,3.8,0.0
2021.02.22hétfő,10.8,1.5,3.0,0.0
2021.02.23kedd,10.7,3.7,2.1,0.0
2021.02.24szerda,13.7,5.5,1.0,0.0
2021.02.25csütörtök,15.0,6.5,1.6,0.0
2021.02.26péntek,15.3,7.3,1.8,0.0
2021.02.27szombat,10.3,5.5,7.8,0.0
2021.02.28vasárnap,8.6,3.0,2.4,0.0
2021.03.01hétfő,10.7,3.6,2.2,0.0
2021.03.02kedd,11.6,4.1,2.6,0.0
2021.03.03szerda,13.5,5.3,2.3,0.0
2021.03.04csütörtök,14.4,6.0,2.5,0.0
2021.03.05péntek,10.0,3.8,5.1,0.2
2021.03.06szombat,6.3,1.4,3.0,0.4
2021.03.07vasárnap,7.8,1.4,3.7,0.0
2021.03.08hétfő,8.0,2.2,5.4,0.0
2021.03.09kedd,6.2,1.1,3.7,0.0
2021.03.10szerda,7.3,2.0,3.1,0.0
2021.03.11csütörtök,8.9,1.7,5.7,0.0
2021.03.12péntek,10.9,6.7,6.0,1.3
2021.03.13szombat,13.1,5.6,5.3,0.0
2021.03.14vasárnap,10.6,7.4,5.8,0.9
2021.03.15hétfő,9.6,3.9,6.0,0.0
2021.03.16kedd,9.4,3.8,6.6,0.0
2021.03.17szerda,10.0,2.4,5.7,0.0
2021.03.18csütörtök,8.4,2.2,3.4,0.0
2021.03.19péntek,7.5,1.1,2.9,2.7
2021.03.20szombat,6.5,2.7,3.5,0.0
2021.03.21vasárnap,5.8,0.2,4.2,0.0
2021.03.22hétfő,6.8,2.2,5.2,0.1
2021.03.23kedd,10.5,1.9,4.3,0.0
2021.03.24szerda,8.1,2.8,3.7,0.5
2021.03.25csütörtök,11.1,3.5,2.1,0.0
2021.03.26péntek,14.5,5.4,2.6,0.0
2021.03.27szombat,16.1,7.7,7.6,0.0
2021.03.28vasárnap,11.8,6.0,5.4,0.0
2021.03.29hétfő,15.1,7.2,4.1,0.0
2021.03.30kedd,13.9,10.4,1.6,0.0
2021.03.31szerda,18.6,10.1,2.2,0.0
2021.04.01csütörtök,20.2,12.0,3.6,9.2
2021.04.02péntek,15.1,10.4,7.5,0.4
2021.04.03szombat,11.9,5.0,7.4,4.5
2021.04.04vasárnap,11.7,4.6,3.3,0.2
2021.04.05hétfő,14.1,5.0,6.4,0.0
2021.04.06kedd,6.9,1.1,7.0,3.3
2021.04.07szerda,7.2,1.0,7.6,0.3
2021.04.08csütörtök,7.6,0.8,7.2,1.4
2021.04.09péntek,13.5,2.6,5.8,0.0
2021.04.10szombat,15.7,6.1,6.2,0.0
2021.04.11vasárnap,16.6,7.9,5.5,0.0
2021.04.12hétfő,19.3,9.9,5.8,0.6
2021.04.13kedd,6.1,3.7,4.5,20.8
2021.04.14szerda,6.3,2.9,4.0,6.9
2021.04.15csütörtök,9.5,2.8,6.4,0.0
2021.04.16péntek,8.0,2.0,4.5,0.0
2021.04.17szombat,12.6,3.3,3.1,0.0
2021.04.18vasárnap,10.5,7.5,2.4,2.9
2021.04.19hétfő,11.4,6.7,2.8,4.9
2021.04.20kedd,13.7,5.4,3.0,0.0
2021.04.21szerda,17.5,7.2,4.6,0.1
2021.04.22csütörtök,17.1,8.5,7.1,2.6
2021.04.23péntek,13.9,6.5,5.7,0.0
2021.04.24szombat,15.7,6.2,3.4,0.0
2021.04.25vasárnap,15.3,9.1,5.5,0.5
2021.04.26hétfő,14.1,6.8,3.1,0.0
2021.04.27kedd,12.6,6.3,5.0,0.2
2021.04.28szerda,13.9,6.7,3.5,0.0
2021.04.29csütörtök,18.7,10.5,4.2,2.2
2021.04.30péntek,18.9,11.1,3.4,0.3
2021.05.01szombat,23.0,11.9,5.1,1.5
2021.05.02vasárnap,18.6,8.8,7.5,13.3
2021.05.03hétfő,15.0,8.2,5.1,0.0
2021.05.04kedd,18.6,8.3,5.5,0.0
2021.05.05szerda,19.3,10.0,6.9,0.3
2021.05.06csütörtök,14.6,7.5,3.5,0.2
2021.05.07péntek,14.4,9.6,4.0,9.4
2021.05.08szombat,15.3,5.5,3.9,0.0
2021.05.09vasárnap,19.3,8.2,5.3,0.0
2021.05.10hétfő,24.3,10.9,5.9,0.0
2021.05.11kedd,25.0,13.3,5.4,0.0
2021.05.12szerda,22.8,14.7,4.5,0.2
2021.05.13csütörtök,14.2,12.1,5.3,0.1
2021.05.14péntek,17.6,10.6,5.7,0.6
2021.05.15szombat,19.3,10.1,2.7,1.9
2021.05.16vasárnap,17.5,13.0,5.4,1.6
2021.05.17hétfő,13.8,10.7,6.8,13.2
2021.05.18kedd,17.9,9.7,7.3,0.0
2021.05.19szerda,13.8,10.2,3.8,3.7
2021.05.20csütörtök,12.0,10.0,7.2,20.9
2021.05.21péntek,20.2,9.5,4.9,0.0
2021.05.22szombat,15.0,11.6,5.0,0.5
2021.05.23vasárnap,12.5,10.8,2.7,5.7
2021.05.24hétfő,19.7,9.0,5.7,0.7
2021.05.25kedd,15.6,11.6,6.8,1.5
2021.05.26szerda,20.6,7.8,2.5,0.0
2021.05.27csütörtök,19.9,11.4,4.8,0.0
2021.05.28péntek,19.5,11.4,6.9,0.0
2021.05.29szombat,19.5,11.6,6.2,0.0
2021.05.30vasárnap,17.8,9.9,4.5,4.0
2021.05.31hétfő,18.4,11.3,3.6,3.4
2021.06.01kedd,18.2,9.3,4.2,0.1
2021.06.02szerda,22.6,11.4,1.8,0.0
2021.06.03csütörtök,23.4,14.5,3.1,0.0
2021.06.04péntek,24.7,16.1,1.9,0.0
2021.06.05szombat,26.1,16.8,3.9,0.0
2021.06.06vasárnap,24.2,15.1,2.5,2.5
2021.06.07hétfő,25.5,16.7,3.1,0.3
2021.06.08kedd,26.0,18.9,2.4,0.3
2021.06.09szerda,26.6,18.1,2.9,1.0
2021.06.10csütörtök,25.6,17.2,1.7,2.8
2021.06.11péntek,24.5,15.7,2.8,0.0
2021.06.12szombat,27.0,16.4,4.2,0.0
2021.06.13vasárnap,21.9,14.9,8.1,0.0
2021.06.14hétfő,21.6,11.1,3.2,0.0
2021.06.15kedd,25.2,14.4,3.5,0.0
2021.06.16szerda,28.0,17.5,3.4,0.0
2021.06.17csütörtök,29.5,19.5,3.6,0.0
2021.06.18péntek,30.4,19.7,3.4,0.0
2021.06.19szombat,32.2,21.5,3.3,1.7
2021.06.20vasárnap,31.3,20.3,2.0,2.0
2021.06.21hétfő,33.3,21.7,4.9,0.3
2021.06.22kedd,33.1,21.5,4.0,0.7
2021.06.23szerda,34.8,23.8,3.8,0.0
2021.06.24csütörtök,35.5,24.2,4.0,0.0
2021.06.25péntek,29.7,20.0,4.8,0.6
2021.06.26szombat,29.7,19.1,3.8,0.0
2021.06.27vasárnap,30.0,20.3,2.6,0.0
2021.06.28hétfő,32.9,21.2,5.0,0.1
2021.06.29kedd,34.3,20.3,4.8,0.0
2021.06.30szerda,30.1,20.3,4.8,0.0
2021.07.01csütörtök,27.1,17.2,6.3,1.4
2021.07.02péntek,24.7,15.9,6.2,0.0
2021.07.03szombat,27.2,14.8,4.7,0.0
2021.07.04vasárnap,29.2,18.1,3.6,0.0
2021.07.05hétfő,28.1,18.9,4.8,0.0
2021.07.06kedd,32.6,19.8,2.5,0.0
2021.07.07szerda,36.1,22.6,4.4,0.0
2021.07.08csütörtök,38.6,24.5,5.0,0.4
2021.07.09péntek,36.3,20.2,6.5,8.8
2021.07.10szombat,31.1,17.0,3.1,0.0
2021.07.11vasárnap,32.6,20.5,4.3,4.9
2021.07.12hétfő,32.6,18.6,2.7,1.9
2021.07.13kedd,38.2,21.7,4.4,0.0
2021.07.14szerda,35.7,23.0,5.1,1.9
2021.07.15csütörtök,31.8,21.5,3.7,0.0
2021.07.16péntek,34.1,21.2,5.5,12.2
2021.07.17szombat,30.5,20.6,3.5,5.1
2021.07.18vasárnap,32.6,19.4,5.1,6.9
2021.07.19hétfő,25.7,19.7,3.5,9.6
2021.07.20kedd,28.5,19.0,5.5,0.1
2021.07.21szerda,26.1,15.8,3.2,0.0
2021.07.22csütörtök,29.0,18.8,1.8,0.0
2021.07.23péntek,29.3,19.5,1.6,0.0
2021.07.24szombat,32.1,21.3,3.2,0.0
2021.07.25vasárnap,34.4,21.4,5.7,0.6
2021.07.26hétfő,33.7,20.8,4.8,1.8
2021.07.27kedd,33.1,23.4,3.3,0.0
2021.07.28szerda,35.8,25.4,5.2,0.0
2021.07.29csütörtök,33.2,21.4,4.2,0.2
2021.07.30péntek,36.3,24.0,4.3,0.2
2021.07.31szombat,30.3,23.0,5.1,3.3
2021.08.01vasárnap,35.5,20.5,7.8,4.8
2021.08.02hétfő,27.2,16.9,6.1,0.0
2021.08.03kedd,29.6,18.5,4.0,0.9
2021.08.04szerda,30.6,20.5,3.5,0.0
2021.08.05csütörtök,24.3,16.9,4.2,12.8
2021.08.06péntek,26.7,15.8,6.8,0.0
2021.08.07szombat,34.3,19.4,4.5,0.0
2021.08.08vasárnap,31.0,21.2,4.4,2.6
2021.08.09hétfő,30.3,18.6,4.3,0.3
2021.08.10kedd,32.7,22.5,2.9,0.0
2021.08.11szerda,33.4,23.1,5.1,0.0
2021.08.12csütörtök,31.2,21.4,4.0,0.0
2021.08.13péntek,33.2,21.3,2.6,0.0
2021.08.14szombat,35.9,24.1,4.5,0.1
2021.08.15vasárnap,36.4,25.5,6.7,5.0
2021.08.16hétfő,35.4,23.4,2.8,1.1
2021.08.17kedd,22.0,19.1,7.7,0.3
2021.08.18szerda,23.5,15.2,6.0,1.0
2021.08.19csütörtök,27.3,16.3,4.6,0.0
2021.08.20péntek,29.6,19.2,2.9,0.0
2021.08.21szombat,30.1,21.8,4.1,0.0
2021.08.22vasárnap,32.3,21.6,3.5,0.0
2021.08.23hétfő,24.0,19.5,6.1,0.1
2021.08.24kedd,25.5,17.1,4.4,0.1
2021.08.25szerda,20.7,16.9,2.8,0.0
2021.08.26csütörtök,24.2,15.8,6.0,0.7
2021.08.27péntek,20.6,15.5,4.8,1.4
2021.08.28szombat,21.5,14.5,2.6,2.4
2021.08.29vasárnap,23.1,14.0,3.1,9.4
2021.08.30hétfő,22.3,14.4,3.7,3.4
2021.08.31kedd,21.6,16.2,6.4,1.1
2021.09.01szerda,20.5,14.8,8.4,0.5
2021.09.02csütörtök,24.1,13.1,3.1,0.0
2021.09.03péntek,26.4,16.3,2.8,0.0
2021.09.04szombat,26.8,17.1,2.7,0.0
2021.09.05vasárnap,26.3,17.9,5.3,0.0
2021.09.06hétfő,25.5,15.7,2.6,0.0
2021.09.07kedd,26.7,16.9,2.1,0.0
2021.09.08szerda,27.5,17.3,2.0,0.0
2021.09.09csütörtök,27.3,17.5,3.5,0.0
2021.09.10péntek,28.1,18.2,1.9,0.0
2021.09.11szombat,28.7,18.6,1.4,0.0
2021.09.12vasárnap,29.1,19.6,2.0,0.0
2021.09.13hétfő,29.3,20.1,3.2,0.0
2021.09.14kedd,29.1,19.7,2.0,0.0
2021.09.15szerda,31.2,20.6,2.3,0.0
2021.09.16csütörtök,28.5,21.3,5.2,0.3
2021.09.17péntek,22.7,16.8,7.3,2.8
2021.09.18szombat,20.8,15.5,6.3,0.0
2021.09.19vasárnap,21.5,14.4,4.5,0.0
2021.09.20hétfő,18.5,12.3,3.2,0.0
2021.09.21kedd,18.1,10.6,3.8,0.0
2021.09.22szerda,15.3,11.9,6.5,0.3
2021.09.23csütörtök,19.5,10.1,3.5,0.0
2021.09.24péntek,20.1,14.4,6.8,0.0
2021.09.25szombat,25.8,15.1,3.6,0.0
2021.09.26vasárnap,27.0,17.3,2.6,0.0
2021.09.27hétfő,22.8,18.4,3.6,1.5
2021.09.28kedd,20.5,16.3,3.1,0.0
2021.09.29szerda,19.9,15.6,3.8,0.0
2021.09.30csütörtök,15.9,13.1,3.9,10.1
2021.10.01péntek,17.1,13.0,2.9,0.0
2021.10.02szombat,20.4,13.1,5.3,0.0
2021.10.03vasárnap,22.2,12.5,5.4,0.0
2021.10.04hétfő,23.8,13.9,3.3,0.0
2021.10.05kedd,24.3,15.8,6.0,0.0
2021.10.06szerda,16.7,11.9,4.4,12.7
2021.10.07csütörtök,15.6,11.4,5.2,9.8
2021.10.08péntek,17.0,10.9,5.1,0.0
2021.10.09szombat,15.2,9.4,4.5,0.0
2021.10.10vasárnap,11.4,9.7,4.5,0.8
2021.10.11hétfő,15.2,11.2,3.6,0.2
2021.10.12kedd,15.2,9.2,5.4,0.0
2021.10.13szerda,13.1,8.3,5.9,0.0
2021.10.14csütörtök,12.8,6.1,3.4,0.0
2021.10.15péntek,13.7,7.7,1.5,0.0
2021.10.16szombat,15.8,8.9,2.1,0.0
2021.10.17vasárnap,15.5,9.1,2.0,0.0
2021.10.18hétfő,14.7,9.6,2.2,0.0
2021.10.19kedd,15.8,9.9,2.8,0.0
2021.10.20szerda,17.6,10.5,4.1,0.0
2021.10.21csütörtök,19.0,13.3,8.9,0.8
2021.10.22péntek,13.4,9.7,4.2,1.1
2021.10.23szombat,12.9,8.3,5.4,0.0
2021.10.24vasárnap,12.6,6.7,2.3,0.0
2021.10.25hétfő,13.3,6.8,3.5,0.0
2021.10.26kedd,12.5,7.3,3.2,0.0
2021.10.27szerda,14.2,7.5,1.6,0.0
2021.10.28csütörtök,14.3,8.2,2.1,0.0
2021.10.29péntek,15.9,8.1,4.3,0.0
2021.10.30szombat,16.6,8.8,5.6,0.0
2021.10.31vasárnap,15.7,8.6,4.1,0.0
2021.11.01hétfő,14.6,7.2,3.8,0.0
2021.11.02kedd,12.9,7.4,6.9,8.3
2021.11.03szerda,12.3,6.8,4.2,0.0
2021.11.04csütörtök,15.7,10.8,5.4,11.2
2021.11.05péntek,10.8,7.2,3.7,0.0
2021.11.06szombat,11.4,6.4,2.9,0.0
2021.11.07vasárnap,10.5,8.4,1.8,0.7
2021.11.08hétfő,10.7,7.9,4.8,5.6
2021.11.09kedd,11.9,6.1,1.9,0.0
2021.11.10szerda,11.4,5.6,4.2,0.0
2021.11.11csütörtök,11.2,6.1,2.7,0.0
2021.11.12péntek,10.7,6.0,1.5,0.0
2021.11.13szombat,10.5,5.9,2.2,0.0
2021.11.14vasárnap,11.9,7.4,1.8,0.0
2021.11.15hétfő,12.2,7.9,2.3,0.0
2021.11.16kedd,10.1,6.2,1.9,0.0
2021.11.17szerda,9.1,5.1,2.3,0.0
2021.11.18csütörtök,10.9,6.1,5.4,0.0
2021.11.19péntek,10.2,6.0,5.3,0.0
2021.11.20szombat,13.1,7.9,5.9,0.0
2021.11.21vasárnap,10.9,6.4,2.2,0.0
2021.11.22hétfő,9.7,6.0,2.0,0.0
2021.11.23kedd,8.3,4.7,2.5,0.0
2021.11.24szerda,6.6,3.2,1.7,0.0
2021.11.25csütörtök,7.2,2.3,3.8,0.0
2021.11.26péntek,6.9,5.9,3.5,10.7
2021.11.27szombat,6.3,2.6,3.6,0.6
2021.11.28vasárnap,9.0,4.2,3.1,1.5
2021.11.29hétfő,3.8,1.3,7.1,0.0
2021.11.30kedd,4.7,0.8,6.3,2.5
2021.12.01szerda,8.8,4.2,8.7,2.0
2021.12.02csütörtök,8.4,4.9,7.0,35.2
2021.12.03péntek,5.1,1.1,7.1,11.7
2021.12.04szombat,3.3,0.2,3.6,0.0
2021.12.05vasárnap,2.2,0.9,2.3,4.2
2021.12.06hétfő,2.4,1.2,3.8,6.4
2021.12.07kedd,1.7,-0.8,4.1,0.0
2021.12.08szerda,2.1,-0.3,3.9,0.0
2021.12.09csütörtök,3.0,0.3,5.4,5.8
2021.12.10péntek,3.1,1.2,3.1,0.0
2021.12.11szombat,1.8,-0.2,4.7,0.0
2021.12.12vasárnap,2.5,-0.5,5.5,0.0
2021.12.13hétfő,2.6,-0.8,2.9,0.0
2021.12.14kedd,3.6,0.5,1.7,0.0
2021.12.15szerda,4.0,0.5,1.7,0.0
2021.12.16csütörtök,4.5,1.7,2.0,0.0
2021.12.17péntek,5.1,1.4,4.6,0.0
2021.12.18szombat,3.9,0.7,3.4,0.0
2021.12.19vasárnap,6.9,1.1,7.2,0.0
2021.12.20hétfő,5.8,1.0,8.1,0.0
2021.12.21kedd,1.9,-0.2,3.8,0.0
2021.12.22szerda,0.9,-0.9,1.3,0.0
2021.12.23csütörtök,-0.3,-2.0,2.9,0.0
2021.12.24péntek,6.5,-0.1,3.8,1.3
2021.12.25szombat,6.2,2.8,3.3,0.0
2021.12.26vasárnap,2.9,0.7,2.7,0.7
2021.12.27hétfő,2.6,0.4,2.4,3.1
2021.12.28kedd,2.1,0.3,2.3,0.4
2021.12.29szerda,4.5,1.6,2.4,2.9
2021.12.30csütörtök,5.3,2.6,1.9,0.1
2021.12.31péntek,11.7,6.4,3.5,0.2
2022.01.01szombat,12.3,7.6,5.7,0.0
2022.01.02vasárnap,9.4,6.6,2.9,0.0
2022.01.03hétfő,11.8,7.0,7.3,0.6
2022.01.04kedd,11.0,6.4,7.4,2.6
2022.01.05szerda,11.3,4.4,6.9,3.5
2022.01.06csütörtök,5.3,2.0,6.0,0.0
2022.01.07péntek,2.9,0.4,2.2,0.0
2022.01.08szombat,1.6,-0.7,1.2,0.0
2022.01.09vasárnap,0.6,-1.2,2.8,0.0
2022.01.10hétfő,3.4,-0.3,4.2,0.0
2022.01.11kedd,2.6,0.1,4.6,0.0
2022.01.12szerda,1.0,-1.3,2.0,0.0
2022.01.13csütörtök,1.6,-1.7,2.4,0.0
2022.01.14péntek,5.3,-0.1,5.3,0.0
2022.01.15szombat,5.0,1.1,3.7,0.0
2022.01.16vasárnap,1.9,-0.4,1.9,0.0
2022.01.17hétfő,5.8,2.2,9.6,1.3
2022.01.18kedd,3.8,0.1,6.6,0.0
2022.01.19szerda,3.1,-0.1,1.7,0.0
2022.01.20csütörtök,4.5,-0.2,8.4,0.2
2022.01.21péntek,0.8,-1.8,6.8,0.0
2022.01.22szombat,3.0,-0.9,6.7,0.1
2022.01.23vasárnap,0.1,-2.4,3.5,0.0
2022.01.24hétfő,0.2,-2.2,1.8,0.0
2022.01.25kedd,1.1,-3.0,2.5,0.0
2022.01.26szerda,3.1,-0.6,3.0,0.0
2022.01.27csütörtök,4.4,0.4,4.5,0.0
2022.01.28péntek,6.0,2.6,8.7,0.7
2022.01.29szombat,3.9,0.7,7.1,3.0
2022.01.30vasárnap,7.5,3.6,12.5,1.5
2022.01.31hétfő,4.2,1.2,7.7,0.2
2022.02.01kedd,4.7,1.2,6.2,0.0
2022.02.02szerda,5.9,1.1,7.8,3.3
2022.02.03csütörtök,5.4,1.1,8.0,0.0
2022.02.04péntek,7.0,2.0,2.1,0.0
2022.02.05szombat,7.4,3.8,6.7,0.0
2022.02.06vasárnap,7.2,2.0,5.1,0.1
2022.02.07hétfő,6.6,3.6,8.4,2.5
2022.02.08kedd,6.5,2.1,8.0,0.0
2022.02.09szerda,11.0,6.2,6.0,0.0
2022.02.10csütörtök,11.2,5.0,1.8,0.0
2022.02.11péntek,11.0,5.1,6.0,0.1
2022.02.12szombat,7.4,1.8,4.6,0.0
2022.02.13vasárnap,6.9,0.5,4.3,0.0
2022.02.14hétfő,9.4,0.7,4.1,0.7
2022.02.15kedd,10.5,7.3,4.9,1.1
2022.02.16szerda,10.2,5.8,4.0,4.8
2022.02.17csütörtök,13.8,6.0,8.1,0.6
2022.02.18péntek,11.7,5.8,7.1,0.0
2022.02.19szombat,9.4,6.3,5.7,0.3
2022.02.20vasárnap,8.9,3.8,5.8,0.0
2022.02.21hétfő,6.6,4.4,6.2,3.4
2022.02.22kedd,8.6,4.4,8.2,0.0
2022.02.23szerda,9.1,3.4,7.6,1.7
2022.02.24csütörtök,10.4,3.3,3.8,0.0
2022.02.25péntek,9.8,4.3,6.9,0.0
2022.02.26szombat,8.3,2.6,6.1,0.0
2022.02.27vasárnap,8.6,3.6,6.3,0.0
2022.02.28hétfő,4.5,2.2,5.6,2.2
2022.03.01kedd,7.6,1.2,4.3,0.0
2022.03.02szerda,7.2,1.2,2.4,0.0
2022.03.03csütörtök,6.8,1.4,1.7,0.0
2022.03.04péntek,6.4,1.4,3.2,0.2
2022.03.05szombat,6.8,1.5,3.2,0.0
2022.03.06vasárnap,7.5,1.0,2.7,0.0
2022.03.07hétfő,6.8,2.8,3.9,0.3
2022.03.08kedd,7.3,1.1,4.0,0.0
2022.03.09szerda,9.2,1.9,2.5,0.0
2022.03.10csütörtök,6.3,1.0,5.3,1.4
2022.03.11péntek,4.6,-1.5,4.5,0.0
2022.03.12szombat,5.8,-0.6,3.2,0.0
2022.03.13vasárnap,8.4,0.4,2.0,0.0
2022.03.14hétfő,10.8,1.8,2.5,0.0
2022.03.15kedd,12.1,4.3,3.3,0.0
2022.03.16szerda,8.0,4.5,4.4,4.4
2022.03.17csütörtök,11.7,3.8,3.6,0.0
2022.03.18péntek,9.7,3.7,4.1,0.0
2022.03.19szombat,9.6,4.1,4.7,0.0
2022.03.20vasárnap,9.3,2.3,3.6,0.0
2022.03.21hétfő,11.6,3.6,3.2,0.0
2022.03.22kedd,16.0,5.5,2.3,0.0
2022.03.23szerda,16.9,7.8,1.8,0.0
2022.03.24csütörtök,18.7,9.3,3.7,0.0
2022.03.25péntek,17.0,8.5,2.5,0.0
2022.03.26szombat,17.5,9.0,4.5,0.0
2022.03.27vasárnap,15.4,9.9,3.6,0.0
2022.03.28hétfő,19.9,8.5,3.9,0.0
2022.03.29kedd,19.5,11.1,4.2,0.1
2022.03.30szerda,17.0,10.0,6.8,0.0
2022.03.31csütörtök,11.7,10.3,4.3,14.5
2022.04.01péntek,11.0,6.7,4.3,8.0
2022.04.02szombat,4.9,3.2,2.9,5.6
2022.04.03vasárnap,6.7,2.4,4.5,7.0
2022.04.04hétfő,9.0,1.2,4.3,0.0
2022.04.05kedd,10.9,3.3,5.2,0.0
2022.04.06szerda,17.3,7.6,4.2,0.0
2022.04.07csütörtök,16.4,10.1,4.6,0.0
2022.04.08péntek,13.3,9.9,4.5,1.3
2022.04.09szombat,13.0,7.5,8.7,16.5
2022.04.10vasárnap,12.2,5.6,6.7,0.0
2022.04.11hétfő,12.1,4.2,4.9,0.0
2022.04.12kedd,16.3,7.0,2.4,0.0
2022.04.13szerda,16.4,7.8,3.1,0.0
2022.04.14csütörtök,18.6,8.7,2.8,0.0
2022.04.15péntek,17.3,10.2,3.6,0.0
2022.04.16szombat,12.4,8.1,6.0,0.5
2022.04.17vasárnap,12.0,5.5,5.8,0.0
2022.04.18hétfő,11.0,6.0,4.9,0.3
2022.04.19kedd,10.6,5.8,2.8,1.3
2022.04.20szerda,12.7,6.0,3.1,1.6
2022.04.21csütörtök,16.3,6.7,4.0,0.0
2022.04.22péntek,12.3,9.2,5.7,2.9
2022.04.23szombat,10.8,8.8,2.3,2.9
2022.04.24vasárnap,20.0,9.3,8.7,0.1
2022.04.25hétfő,16.4,9.8,5.3,0.0
2022.04.26kedd,18.8,9.6,2.4,0.0
2022.04.27szerda,12.9,10.5,3.3,5.8
2022.04.28csütörtök,17.6,9.9,3.3,1.4
2022.04.29péntek,18.5,11.9,2.2,0.0
2022.04.30szombat,19.8,11.6,2.2,0.0
2022.05.01vasárnap,20.0,11.4,3.3,0.6
2022.05.02hétfő,20.5,13.3,1.7,0.9
2022.05.03kedd,21.6,13.2,2.6,0.3
2022.05.04szerda,22.6,13.6,3.3,0.1
2022.05.05csütörtök,23.1,12.4,3.6,0.3
2022.05.06péntek,23.0,14.0,3.0,0.1
2022.05.07szombat,22.5,15.7,3.9,0.3
2022.05.08vasárnap,22.7,14.4,2.1,2.6
2022.05.09hétfő,22.8,13.7,2.2,0.3
2022.05.10kedd,22.6,14.4,2.5,0.0
2022.05.11szerda,25.2,15.0,3.9,0.0
2022.05.12csütörtök,27.1,15.8,4.5,0.7
2022.05.13péntek,25.4,17.2,3.9,0.4
2022.05.14szombat,23.4,16.0,5.4,0.0
2022.05.15vasárnap,25.2,14.4,3.5,0.0
2022.05.16hétfő,24.3,17.5,2.2,0.0
2022.05.17kedd,20.8,15.7,5.9,3.7
2022.05.18szerda,20.1,14.0,3.7,0.0
2022.05.19csütörtök,22.0,11.4,3.5,0.0
2022.05.20péntek,25.5,12.7,3.1,0.0
2022.05.21szombat,22.9,17.2,7.6,0.3
2022.05.22vasárnap,22.5,14.5,6.0,0.0
2022.05.23hétfő,23.7,13.9,3.2,0.0
2022.05.24kedd,19.7,14.1,5.1,1.6
2022.05.25szerda,24.7,13.4,5.4,0.0
2022.05.26csütörtök,25.2,13.3,4.7,0.0
2022.05.27péntek,25.8,17.2,4.9,0.0
2022.05.28szombat,19.1,13.6,6.3,1.4
2022.05.29vasárnap,13.8,9.9,3.6,10.1
2022.05.30hétfő,20.4,9.8,4.3,1.1
2022.05.31kedd,24.1,11.3,3.1,0.0
2022.06.01szerda,25.0,15.7,5.3,0.7
2022.06.02csütörtök,27.3,16.8,4.9,0.0
2022.06.03péntek,28.6,16.8,3.4,0.0
2022.06.04szombat,25.8,18.6,5.9,5.0
2022.06.05vasárnap,27.2,18.9,4.2,0.2
2022.06.06hétfő,27.3,17.4,3.0,0.0
2022.06.07kedd,29.6,17.7,2.1,0.0
2022.06.08szerda,24.7,17.2,2.9,7.3
2022.06.09csütörtök,23.4,17.0,2.7,10.0
2022.06.10péntek,24.3,16.2,6.8,9.3
2022.06.11szombat,27.1,16.0,4.2,1.0
2022.06.12vasárnap,27.3,17.6,2.9,0.0
2022.06.13hétfő,28.3,18.3,6.2,0.0
2022.06.14kedd,23.0,14.6,4.7,0.0
2022.06.15szerda,26.5,14.4,1.9,0.0
2022.06.16csütörtök,28.1,17.5,6.5,3.4
2022.06.17péntek,25.3,15.5,6.1,0.0
2022.06.18szombat,27.5,16.1,2.2,0.0
2022.06.19vasárnap,30.6,19.0,4.3,0.0
2022.06.20hétfő,32.0,19.5,4.3,0.0
2022.06.21kedd,24.9,18.5,7.2,0.0
2022.06.22szerda,28.2,17.0,3.5,0.0
2022.06.23csütörtök,27.1,19.2,4.1,1.3
2022.06.24péntek,30.5,18.7,3.9,0.8
2022.06.25szombat,30.1,20.7,4.9,0.9
2022.06.26vasárnap,32.8,19.4,2.6,0.0
2022.06.27hétfő,35.4,23.0,2.5,0.0
2022.06.28kedd,34.5,23.5,3.0,0.5
2022.06.29szerda,36.4,23.7,4.6,0.0
2022.06.30csütörtök,36.9,24.9,4.8,0.0
2022.07.01péntek,37.5,21.2,6.4,0.0
2022.07.02szombat,31.4,18.0,6.0,0.1
2022.07.03vasárnap,33.6,21.3,3.3,0.0
2022.07.04hétfő,36.6,21.8,3.2,0.0
2022.07.05kedd,32.2,22.1,6.7,0.4
2022.07.06szerda,28.8,19.3,4.2,0.2
2022.07.07csütörtök,27.7,18.8,6.6,0.3
2022.07.08péntek,23.7,15.9,5.2,0.6
2022.07.09szombat,27.2,15.5,5.6,0.0
2022.07.10vasárnap,24.1,16.4,8.5,0.0
2022.07.11hétfő,25.1,13.0,6.1,0.0
2022.07.12kedd,27.1,14.3,5.4,0.0
2022.07.13szerda,31.3,16.0,5.4,0.0
2022.07.14csütörtök,34.8,21.1,4.6,0.0
2022.07.15péntek,29.9,22.0,6.7,0.0
2022.07.16szombat,30.6,19.4,6.5,0.0
2022.07.17vasárnap,28.7,16.5,5.0,0.0
2022.07.18hétfő,29.8,17.6,2.5,0.0
2022.07.19kedd,33.3,20.4,2.2,0.0
2022.07.20szerda,36.1,22.4,2.2,0.0
2022.07.21csütörtök,37.7,24.8,4.8,0.0
2022.07.22péntek,38.6,25.3,3.3,0.0
2022.07.23szombat,39.7,26.2,6.5,0.0
2022.07.24vasárnap,34.5,23.3,5.8,0.7
2022.07.25hétfő,34.8,22.3,2.6,0.0
2022.07.26kedd,31.9,23.7,6.2,0.4
2022.07.27szerda,33.1,20.7,4.0,0.0
2022.07.28csütörtök,33.7,22.2,5.0,0.0
2022.07.29péntek,35.0,23.9,5.0,0.9
2022.07.30szombat,32.5,21.7,6.6,0.5
2022.07.31vasárnap,25.3,18.0,7.0,0.0
2022.08.01hétfő,30.7,16.7,2.9,0.0
2022.08.02kedd,31.9,20.0,3.4,0.0
2022.08.03szerda,32.7,22.6,2.6,0.0
2022.08.04csütörtök,33.6,22.5,2.4,0.0
2022.08.05péntek,37.0,24.2,2.4,0.0
2022.08.06szombat,36.3,23.4,8.4,0.4
2022.08.07vasárnap,31.2,20.4,3.7,1.8
2022.08.08hétfő,31.2,21.8,5.3,0.7
2022.08.09kedd,30.9,18.9,5.2,1.0
2022.08.10szerda,29.8,20.6,6.3,0.0
2022.08.11csütörtök,29.2,19.4,5.2,0.0
2022.08.12péntek,29.2,19.1,3.6,0.0
2022.08.13szombat,32.1,21.3,4.1,0.0
2022.08.14vasárnap,32.1,21.9,2.1,0.0
2022.08.15hétfő,34.1,24.4,2.6,0.0
2022.08.16kedd,33.8,23.8,4.9,0.0
2022.08.17szerda,35.5,23.9,2.4,0.0
2022.08.18csütörtök,37.2,25.1,4.2,0.0
2022.08.19péntek,38.8,24.7,4.3,8.1
2022.08.20szombat,32.5,21.7,4.5,1.6
2022.08.21vasárnap,20.8,18.4,3.9,12.7
2022.08.22hétfő,23.3,17.9,3.2,8.7
2022.08.23kedd,24.7,18.4,3.7,0.0
2022.08.24szerda,29.5,19.2,2.6,0.4
2022.08.25csütörtök,31.6,20.7,2.1,1.8
2022.08.26péntek,33.2,23.2,2.7,0.0
2022.08.27szombat,33.7,23.3,1.9,0.0
2022.08.28vasárnap,28.4,22.3,3.8,0.0
2022.08.29hétfő,28.8,20.0,3.2,0.0
2022.08.30kedd,28.9,22.7,3.9,0.1
2022.08.31szerda,28.6,21.4,3.6,0.0
2022.09.01csütörtök,20.0,17.4,4.1,2.0
2022.09.02péntek,21.4,15.9,4.3,0.0
2022.09.03szombat,24.8,14.9,2.2,0.0
2022.09.04vasárnap,23.5,17.7,2.3,0.0
2022.09.05hétfő,25.3,18.7,1.9,0.0
2022.09.06kedd,25.9,20.6,3.6,1.0
2022.09.07szerda,29.4,20.1,2.8,0.0
2022.09.08csütörtök,30.6,18.8,6.1,3.5
2022.09.09péntek,26.7,17.7,4.5,1.6
2022.09.10szombat,23.3,16.0,5.7,8.1
2022.09.11vasárnap,22.9,16.6,6.3,0.0
2022.09.12hétfő,23.8,14.9,5.5,0.0
2022.09.13kedd,24.3,14.9,2.0,0.0
2022.09.14szerda,27.6,19.2,4.5,0.0
2022.09.15csütörtök,25.0,19.8,3.7,0.8
2022.09.16péntek,19.3,13.7,4.5,14.4
2022.09.17szombat,15.5,12.2,5.0,5.1
2022.09.18vasárnap,15.1,10.4,7.7,3.3
2022.09.19hétfő,14.1,11.2,7.5,2.5
2022.09.20kedd,14.2,9.5,6.4,0.0
2022.09.21szerda,17.7,9.3,3.5,0.9
2022.09.22csütörtök,18.6,10.4,2.2,0.0
2022.09.23péntek,18.0,11.8,3.2,0.0
2022.09.24szombat,19.7,12.3,4.2,0.0
2022.09.25vasárnap,16.7,13.6,5.0,0.2
2022.09.26hétfő,17.4,13.3,2.1,6.8
2022.09.27kedd,15.7,11.6,4.2,2.6
2022.09.28szerda,16.0,11.4,4.8,0.6
2022.09.29csütörtök,16.5,13.9,2.9,6.7
2022.09.30péntek,21.1,14.6,3.5,12.9
2022.10.01szombat,18.8,14.1,6.5,3.3
2022.10.02vasárnap,18.1,12.9,8.0,0.0
2022.10.03hétfő,15.4,12.2,7.3,0.0
2022.10.04kedd,17.7,12.0,4.5,0.0
2022.10.05szerda,18.5,11.6,3.3,0.0
2022.10.06csütörtök,19.7,13.0,1.8,0.0
2022.10.07péntek,20.8,14.0,3.3,0.0
2022.10.08szombat,20.1,13.7,2.2,0.0
2022.10.09vasárnap,19.5,14.1,3.2,0.0
2022.10.10hétfő,19.0,11.8,3.4,0.0
2022.10.11kedd,20.0,13.6,2.4,0.0
2022.10.12szerda,18.9,13.9,1.8,0.0
2022.10.13csütörtök,19.1,13.1,1.6,0.0
2022.10.14péntek,18.7,13.2,1.7,0.0
2022.10.15szombat,19.5,12.7,4.3,0.0
2022.10.16vasárnap,20.3,14.3,3.1,0.0
2022.10.17hétfő,20.8,13.8,2.1,0.0
2022.10.18kedd,20.1,14.0,2.6,0.0
2022.10.19szerda,20.9,13.8,3.8,0.0
2022.10.20csütörtök,14.9,10.2,2.3,0.0
2022.10.21péntek,16.0,8.6,4.9,0.0
2022.10.22szombat,18.4,11.7,4.6,0.1
2022.10.23vasárnap,19.4,11.3,3.8,0.0
2022.10.24hétfő,18.8,13.7,1.7,0.0
2022.10.25kedd,19.8,14.1,4.4,0.0
2022.10.26szerda,19.9,13.9,1.7,0.0
2022.10.27csütörtök,19.9,13.8,1.7,0.0
2022.10.28péntek,19.3,13.5,1.6,0.0
2022.10.29szombat,21.0,14.1,2.2,0.0
2022.10.30vasárnap,21.1,14.6,1.2,0.0
2022.10.31hétfő,21.0,14.4,1.7,0.0
