,Date,Wind_m/s,Precipitation_mm,Min_temp,Max_temp,Mean_temp,Target: Min_temp
0,2017.07.01,6.1,14.0,15.0,26.0,20.5,15.0
1,2017.07.02,6.9,0.0,15.0,25.0,20.0,16.0
2,2017.07.03,6.7,0.0,16.0,25.0,20.5,12.0
3,2017.07.04,5.3,0.0,12.0,27.0,19.5,17.0
4,2017.07.05,4.2,0.0,17.0,30.0,23.5,17.0
5,2017.07.06,5.6,0.0,17.0,30.0,23.5,17.0
6,2017.07.07,4.7,0.0,17.0,28.0,22.5,16.0
7,2017.07.08,6.7,0.0,16.0,32.0,24.0,18.0
8,2017.07.09,2.2,0.0,18.0,30.0,24.0,20.0
9,2017.07.10,6.4,21.0,20.0,36.0,28.0,22.16
10,2017.07.11,3.7,0.4,22.16,31.48,26.82,19.55
11,2017.07.12,2.2,1.5,19.55,32.14,25.845,17.3
12,2017.07.13,7.0,1.0,17.3,24.78,21.04,14.39
13,2017.07.14,1.6,0.0,14.39,24.71,19.55,15.19
14,2017.07.15,5.2,2.4,15.19,24.83,20.009999999999998,14.36
15,2017.07.16,3.4,0.0,14.36,25.43,19.895,16.6
16,2017.07.17,1.5,0.0,16.6,29.02,22.810000000000002,19.56
17,2017.07.18,1.3,0.0,19.56,31.16,25.36,17.75
18,2017.07.19,2.3,0.0,17.75,33.04,25.395,18.64
19,2017.07.20,1.6,0.0,18.64,34.84,26.740000000000002,22.94
20,2017.07.21,4.0,0.0,22.94,33.28,28.11,21.52
21,2017.07.22,1.9,5.0,21.52,34.21,27.865000000000002,21.58
22,2017.07.23,2.5,0.6,21.58,33.89,27.735,21.92
23,2017.07.24,3.1,8.3,21.92,30.87,26.395000000000003,15.1
24,2017.07.25,8.4,12.9,15.1,22.1,18.6,13.2
25,2017.07.26,5.9,0.0,13.2,20.7,16.95,12.8
26,2017.07.27,7.1,1.0,12.8,20.7,16.75,15.9
27,2017.07.28,6.8,0.2,15.9,23.1,19.5,16.0
28,2017.07.29,3.3,0.0,16.0,26.4,21.2,16.4
29,2017.07.30,4.7,0.0,16.4,27.9,22.15,18.3
30,2017.07.31,3.8,0.0,18.3,30.0,24.15,20.8
31,2017.08.01,3.9,0.0,20.8,31.7,26.25,23.4
32,2017.08.02,5.5,0.0,23.4,34.7,29.05,20.5
33,2017.08.03,2.1,0.0,20.5,34.6,27.55,22.6
34,2017.08.04,2.1,2.8,22.6,36.8,29.7,24.9
35,2017.08.05,6.6,0.0,24.9,33.8,29.349999999999998,23.1
36,2017.08.06,7.9,0.4,23.1,32.7,27.900000000000002,16.6
37,2017.08.07,4.8,4.2,16.6,23.7,20.15,13.7
38,2017.08.08,3.0,0.0,13.7,29.2,21.45,18.2
39,2017.08.09,4.6,0.0,18.2,29.3,23.75,22.9
40,2017.08.10,5.3,0.0,22.9,36.1,29.5,22.4
41,2017.08.11,6.0,0.0,22.4,34.3,28.349999999999998,19.9
42,2017.08.12,8.6,0.5,19.9,23.5,21.7,17.1
43,2017.08.13,8.1,0.0,17.1,26.4,21.75,12.7
44,2017.08.14,3.4,0.0,12.7,25.2,18.95,14.9
45,2017.08.15,3.2,0.0,14.9,27.4,21.15,14.6
46,2017.08.16,2.8,0.0,14.6,28.0,21.3,16.3
47,2017.08.17,2.4,0.0,16.3,30.8,23.55,18.0
48,2017.08.18,3.8,0.0,18.0,32.9,25.45,20.5
49,2017.08.19,7.9,0.3,20.5,32.7,26.6,14.7
50,2017.08.20,7.2,7.8,14.7,20.9,17.799999999999997,13.1
51,2017.08.21,6.1,0.0,13.1,23.4,18.25,10.7
52,2017.08.22,2.7,0.0,10.7,22.5,16.6,10.8
53,2017.08.23,3.5,0.0,10.8,23.7,17.25,9.1
54,2017.08.24,2.9,0.1,9.1,26.3,17.7,14.1
55,2017.08.25,2.2,0.0,14.1,29.5,21.8,16.4
56,2017.08.26,2.6,0.0,16.4,30.2,23.299999999999997,18.3
57,2017.08.27,4.4,0.0,18.3,32.2,25.25,17.0
58,2017.08.28,3.7,0.0,17.0,25.3,21.15,14.7
59,2017.08.29,3.0,0.0,14.7,25.7,20.2,12.1
60,2017.08.30,3.5,0.0,12.1,28.0,20.05,12.8
61,2017.08.31,3.9,0.0,12.8,28.5,20.65,15.8
62,2017.09.01,3.8,2.9,15.8,31.0,23.4,16.0
63,2017.09.02,4.8,10.9,16.0,22.2,19.1,15.1
64,2017.09.03,4.8,2.2,15.1,20.2,17.65,12.1
65,2017.09.04,6.7,1.9,12.1,18.9,15.5,9.6
66,2017.09.05,5.9,0.0,9.6,21.6,15.600000000000001,10.4
67,2017.09.06,6.7,2.1,10.4,22.2,16.3,12.6
68,2017.09.07,7.4,0.0,12.6,19.5,16.05,8.7
69,2017.09.08,3.0,0.0,8.7,21.4,15.049999999999999,11.3
70,2017.09.09,4.4,1.0,11.3,24.5,17.9,13.8
71,2017.09.10,5.4,0.0,13.8,26.0,19.9,18.6
72,2017.09.11,4.5,3.4,18.6,26.1,22.35,14.3
73,2017.09.12,6.6,1.8,14.3,20.1,17.200000000000003,12.6
74,2017.09.13,6.6,0.0,12.6,22.0,17.3,12.6
75,2017.09.14,9.8,0.8,12.6,22.7,17.65,12.2
76,2017.09.15,8.2,0.5,12.2,17.3,14.75,13.0
77,2017.09.16,3.6,1.8,13.0,19.1,16.05,9.4
78,2017.09.17,8.2,11.6,9.4,16.6,13.0,10.3
79,2017.09.18,3.4,0.8,10.3,17.3,13.8,11.3
80,2017.09.19,5.3,9.9,11.3,14.8,13.05,12.5
81,2017.09.20,2.7,15.0,12.5,16.3,14.4,12.2
82,2017.09.21,7.5,5.4,12.2,13.8,13.0,10.5
83,2017.09.22,7.0,0.4,10.5,17.0,13.75,10.4
84,2017.09.23,7.7,16.9,10.4,13.0,11.7,9.2
85,2017.09.24,5.8,0.2,9.2,16.7,12.95,10.9
86,2017.09.25,3.6,0.9,10.9,16.9,13.899999999999999,7.8
87,2017.09.26,4.1,0.0,7.8,20.9,14.35,12.1
88,2017.09.27,4.5,0.0,12.1,16.7,14.399999999999999,8.0
89,2017.09.28,3.8,0.0,8.0,16.6,12.3,5.5
90,2017.09.29,2.1,0.0,5.5,16.8,11.15,4.3
91,2017.09.30,2.1,0.0,4.3,16.9,10.6,4.7
92,2017.10.01,2.4,0.0,4.7,16.2,10.45,3.1
93,2017.10.02,5.3,0.0,3.1,17.0,10.05,4.9
94,2017.10.03,4.3,6.1,4.9,15.6,10.25,10.1
95,2017.10.04,6.9,0.0,10.1,16.1,13.100000000000001,10.5
96,2017.10.05,9.9,0.0,10.5,19.6,15.05,10.5
97,2017.10.06,7.7,0.0,10.5,14.9,12.7,8.3
98,2017.10.07,6.4,0.0,8.3,14.8,11.55,6.8
99,2017.10.08,7.6,0.1,6.8,14.8,10.8,9.1
100,2017.10.09,5.4,0.1,9.1,13.6,11.35,8.2
101,2017.10.10,4.5,0.2,8.2,16.0,12.1,10.6
102,2017.10.11,4.5,0.4,10.6,17.8,14.2,8.2
103,2017.10.12,5.0,0.0,8.2,20.3,14.25,11.0
104,2017.10.13,5.4,0.0,11.0,17.6,14.3,9.0
105,2017.10.14,3.1,0.0,9.0,18.4,13.7,9.0
106,2017.10.15,2.8,0.0,9.0,20.5,14.75,9.7
107,2017.10.16,2.0,0.0,9.7,21.0,15.35,9.6
108,2017.10.17,2.9,0.0,9.6,21.4,15.5,10.8
109,2017.10.18,3.0,0.0,10.8,20.5,15.65,8.0
110,2017.10.19,2.0,0.0,8.0,18.8,13.4,7.7
111,2017.10.20,2.3,0.0,7.7,19.4,13.549999999999999,7.7
112,2017.10.21,2.0,0.0,7.7,16.9,12.299999999999999,8.6
113,2017.10.22,4.8,5.8,8.6,16.4,12.5,9.3
114,2017.10.23,7.3,44.8,9.3,10.6,9.95,5.0
115,2017.10.24,6.8,0.0,5.0,13.1,9.05,2.8
116,2017.10.25,3.6,0.2,2.8,12.2,7.5,6.1
117,2017.10.26,3.8,0.0,6.1,15.3,10.7,8.8
118,2017.10.27,8.4,1.3,8.8,14.6,11.7,6.1
119,2017.10.28,8.1,0.2,6.1,10.0,8.05,5.4
120,2017.10.29,14.4,8.5,5.4,10.2,7.8,4.2
121,2017.10.30,9.1,0.1,4.2,8.0,6.1,2.9
122,2017.10.31,6.1,0.0,2.9,8.4,5.65,0.5
123,2017.11.01,4.1,0.0,0.5,10.0,5.25,3.2
124,2017.11.02,5.0,0.0,3.2,11.6,7.4,3.9
125,2017.11.03,5.6,0.1,3.9,11.4,7.65,1.3
126,2017.11.04,3.4,0.0,1.3,11.4,6.3500000000000005,4.9
127,2017.11.05,4.5,0.7,4.9,11.7,8.3,5.8
128,2017.11.06,5.6,0.1,5.8,12.7,9.25,2.9
129,2017.11.07,5.0,1.9,2.9,11.2,7.05,6.2
130,2017.11.08,4.4,1.9,6.2,10.4,8.3,7.0
131,2017.11.09,3.2,2.1,7.0,9.8,8.4,3.1
132,2017.11.10,3.4,0.8,3.1,8.6,5.85,4.6
133,2017.11.11,4.7,0.3,4.6,10.5,7.55,4.3
134,2017.11.12,6.5,5.3,4.3,9.7,7.0,5.1
135,2017.11.13,6.3,13.8,5.1,9.1,7.1,2.7
136,2017.11.14,5.3,3.6,2.7,7.2,4.95,-3.1
137,2017.11.15,2.9,0.0,-3.1,5.8,1.3499999999999999,0.7
138,2017.11.16,2.2,0.0,0.7,6.4,3.5500000000000003,-0.1
139,2017.11.17,2.6,0.1,-0.1,6.2,3.0500000000000003,-0.0
140,2017.11.18,4.7,5.0,-0.0,5.3,2.65,-0.1
141,2017.11.19,4.5,0.7,-0.1,6.1,3.0,2.2
142,2017.11.20,6.9,0.5,2.2,5.9,4.050000000000001,1.5
143,2017.11.21,7.6,2.0,1.5,7.8,4.65,3.0
144,2017.11.22,4.4,0.6,3.0,9.1,6.05,-0.2
145,2017.11.23,2.2,0.2,-0.2,8.4,4.1000000000000005,2.4
146,2017.11.24,2.4,0.2,2.4,7.8,5.1,5.1
147,2017.11.25,6.1,0.5,5.1,8.8,6.95,2.3
148,2017.11.26,7.7,8.7,2.3,6.3,4.3,-0.3
149,2017.11.27,6.6,0.0,-0.3,5.0,2.35,-3.0
150,2017.11.28,3.4,0.0,-3.0,4.4,0.7000000000000002,-2.0
151,2017.11.29,5.3,3.2,-2.0,2.1,0.050000000000000044,0.8
152,2017.11.30,7.7,23.5,0.8,3.7,2.25,-3.9
153,2017.12.01,3.8,0.0,-3.9,3.1,-0.3999999999999999,-5.9
154,2017.12.02,2.8,0.1,-5.9,-0.1,-3.0,-5.6
155,2017.12.03,3.8,0.2,-5.6,-1.3,-3.4499999999999997,-3.7
156,2017.12.04,6.4,0.6,-3.7,1.5,-1.1,-0.5
157,2017.12.05,6.4,0.3,-0.5,2.8,1.15,-0.1
158,2017.12.06,7.4,0.0,-0.1,3.3,1.5999999999999999,-2.7
159,2017.12.07,4.6,0.0,-2.7,4.7,1.0,-2.9
160,2017.12.08,8.3,12.0,-2.9,7.6,2.3499999999999996,0.1
161,2017.12.09,8.4,1.0,0.1,2.5,1.3,-2.8
162,2017.12.10,9.1,1.2,-2.8,2.5,-0.1499999999999999,2.3
163,2017.12.11,8.9,5.9,2.3,10.4,6.35,10.0
164,2017.12.12,8.7,3.8,10.0,13.7,11.85,0.9
165,2017.12.13,5.8,2.0,0.9,5.0,2.95,-1.8
166,2017.12.14,5.6,5.5,-1.8,5.5,1.85,3.0
167,2017.12.15,7.0,27.6,3.0,8.7,5.85,0.9
168,2017.12.16,4.7,3.8,0.9,5.5,3.2,-2.3
169,2017.12.17,5.5,0.0,-2.3,3.0,0.3500000000000001,-5.1
170,2017.12.18,2.2,0.2,-5.1,0.6,-2.25,-5.6
171,2017.12.19,2.1,0.2,-5.6,-1.0,-3.3,-7.2
172,2017.12.20,2.0,0.2,-7.2,-2.4,-4.8,-8.8
173,2017.12.21,3.6,0.6,-8.8,-1.8,-5.300000000000001,-1.8
174,2017.12.22,5.7,0.0,-1.8,3.4,0.7999999999999999,-1.1
175,2017.12.23,7.5,0.2,-1.1,2.9,0.8999999999999999,2.9
176,2017.12.24,8.6,0.2,2.9,7.7,5.3,-2.6
177,2017.12.25,4.7,0.0,-2.6,6.2,1.8,-0.5
178,2017.12.26,6.7,0.1,-0.5,8.2,3.8499999999999996,1.8
179,2017.12.27,7.2,0.0,1.8,8.0,4.9,2.2
180,2017.12.28,7.5,7.0,2.2,7.3,4.75,-1.8
181,2017.12.29,9.5,0.4,-1.8,2.4,0.29999999999999993,-4.3
182,2017.12.30,5.3,0.2,-4.3,2.0,-1.15,-0.3
183,2017.12.31,5.0,3.9,-0.3,4.4,2.0500000000000003,1.6
184,2018.01.01,5.0,0.3,1.6,7.0,4.3,1.2
185,2018.01.02,7.8,8.7,1.2,4.8,3.0,-1.0
186,2018.01.03,7.4,6.1,-1.0,4.1,1.5499999999999998,2.8
187,2018.01.04,6.2,0.3,2.8,7.7,5.25,2.9
188,2018.01.05,3.5,1.1,2.9,8.6,5.75,6.4
189,2018.01.06,4.7,0.4,6.4,12.5,9.45,4.0
190,2018.01.07,3.2,0.1,4.0,9.6,6.8,5.7
191,2018.01.08,4.0,0.3,5.7,8.3,7.0,4.7
192,2018.01.09,5.5,0.0,4.7,7.4,6.050000000000001,3.7
193,2018.01.10,6.3,1.3,3.7,5.4,4.550000000000001,2.8
194,2018.01.11,3.0,3.1,2.8,6.2,4.5,2.6
195,2018.01.12,3.9,4.0,2.6,4.6,3.5999999999999996,-0.7
196,2018.01.13,7.6,2.6,-0.7,2.4,0.85,-3.4
197,2018.01.14,5.0,3.6,-3.4,-0.6,-2.0,-5.2
198,2018.01.15,2.9,0.9,-5.2,-2.4,-3.8,-3.7
199,2018.01.16,5.4,2.7,-3.7,1.3,-1.2000000000000002,-4.7
200,2018.01.17,8.4,0.0,-4.7,3.0,-0.8500000000000001,-1.0
201,2018.01.18,7.3,0.3,-1.0,3.5,1.25,-0.3
202,2018.01.19,7.1,1.2,-0.3,4.6,2.15,-4.1
203,2018.01.20,3.8,0.1,-4.1,3.1,-0.4999999999999998,-2.2
204,2018.01.21,9.4,6.2,-2.2,2.2,0.0,-3.4
205,2018.01.22,7.1,0.0,-3.4,1.3,-1.0499999999999998,-7.9
206,2018.01.23,2.0,0.7,-7.9,-0.7,-4.3,-12.5
207,2018.01.24,2.8,0.3,-12.5,-2.3,-7.4,-5.9
208,2018.01.25,4.6,1.4,-5.9,1.4,-2.25,-5.1
209,2018.01.26,3.8,0.0,-5.1,0.2,-2.4499999999999997,-4.3
210,2018.01.27,3.0,0.1,-4.3,2.0,-1.15,-2.8
211,2018.01.28,3.7,0.1,-2.8,3.9,0.55,0.9
212,2018.01.29,4.8,0.1,0.9,8.5,4.7,-0.9
213,2018.01.30,7.8,0.0,-0.9,6.6,2.8499999999999996,-2.2
214,2018.01.31,4.1,0.1,-2.2,4.7,1.25,3.8
215,2018.02.01,7.4,6.9,3.8,8.3,6.050000000000001,4.0
216,2018.02.02,4.7,7.5,4.0,8.7,6.35,0.2
217,2018.02.03,7.6,13.5,0.2,2.4,1.3,-1.9
218,2018.02.04,6.9,0.0,-1.9,2.4,0.25,-4.4
219,2018.02.05,1.7,0.1,-4.4,1.9,-1.2500000000000002,-2.0
220,2018.02.06,4.2,1.6,-2.0,0.2,-0.9,-3.3
221,2018.02.07,5.7,3.6,-3.3,2.3,-0.5,0.1
222,2018.02.08,4.8,7.4,0.1,2.8,1.45,-2.8
223,2018.02.09,3.6,0.4,-2.8,1.4,-0.7,-2.2
224,2018.02.10,2.1,0.6,-2.2,1.1,-0.55,-4.7
225,2018.02.11,2.0,0.2,-4.7,1.8,-1.4500000000000002,-3.5
226,2018.02.12,2.0,0.2,-3.5,3.3,-0.10000000000000009,-2.0
227,2018.02.13,5.0,1.1,-2.0,2.6,0.30000000000000004,-1.0
228,2018.02.14,4.5,2.8,-1.0,1.7,0.35,-4.6
229,2018.02.15,2.0,0.1,-4.6,2.1,-1.2499999999999998,-7.0
230,2018.02.16,2.1,1.0,-7.0,2.4,-2.3,-2.6
231,2018.02.17,3.6,2.3,-2.6,2.0,-0.30000000000000004,-4.3
232,2018.02.18,3.2,5.2,-4.3,3.3,-0.5,-9.3
233,2018.02.19,3.8,1.6,-9.3,1.0,-4.15,-1.6
234,2018.02.20,4.3,8.6,-1.6,0.9,-0.35000000000000003,-0.9
235,2018.02.21,4.5,3.9,-0.9,1.7,0.39999999999999997,-3.0
236,2018.02.22,6.2,2.3,-3.0,0.4,-1.3,-3.5
237,2018.02.23,4.4,0.2,-3.5,2.0,-0.75,-9.3
238,2018.02.24,6.2,1.4,-9.3,-0.1,-4.7,-11.9
239,2018.02.25,5.7,0.0,-11.9,-6.6,-9.25,-11.3
240,2018.02.26,6.9,0.8,-11.3,-6.1,-8.7,-9.7
241,2018.02.27,6.6,1.9,-9.7,-7.2,-8.45,-13.1
242,2018.02.28,3.9,0.2,-13.1,-6.5,-9.8,-12.9
243,2018.03.01,4.3,0.7,-12.9,-7.4,-10.15,-9.9
244,2018.03.02,4.7,2.5,-9.9,-6.3,-8.1,-13.5
245,2018.03.03,3.5,0.1,-13.5,-4.4,-8.95,-16.6
246,2018.03.04,4.0,0.1,-16.6,-3.6,-10.100000000000001,-17.4
247,2018.03.05,4.0,0.4,-17.4,-2.4,-9.899999999999999,-2.0
248,2018.03.06,4.7,6.3,-2.0,1.8,-0.09999999999999998,-2.6
249,2018.03.07,2.9,0.2,-2.6,6.0,1.7,-2.8
250,2018.03.08,3.8,1.8,-2.8,6.4,1.8000000000000003,-2.0
251,2018.03.09,3.5,0.0,-2.0,9.3,3.6500000000000004,1.3
252,2018.03.10,5.2,0.5,1.3,9.7,5.5,4.9
253,2018.03.11,5.6,3.6,4.9,12.3,8.600000000000001,9.4
254,2018.03.12,7.2,7.3,9.4,13.4,11.4,6.1
255,2018.03.13,5.9,2.9,6.1,12.6,9.35,5.3
256,2018.03.14,7.0,0.2,5.3,10.9,8.1,4.4
257,2018.03.15,4.4,2.5,4.4,10.2,7.3,6.2
258,2018.03.16,6.0,18.6,6.2,9.9,8.05,0.6
259,2018.03.17,6.5,1.5,0.6,5.8,3.1999999999999997,-4.7
260,2018.03.18,10.4,13.4,-4.7,-0.4,-2.5500000000000003,-6.5
261,2018.03.19,3.6,1.1,-6.5,0.6,-2.95,-4.1
262,2018.03.20,5.5,1.6,-4.1,0.0,-2.05,-3.5
263,2018.03.21,5.4,0.7,-3.5,2.8,-0.3500000000000001,-7.8
264,2018.03.22,2.2,0.0,-7.8,2.8,-2.5,-6.1
265,2018.03.23,2.1,0.0,-6.1,6.1,0.0,-3.5
266,2018.03.24,3.8,0.0,-3.5,6.3,1.4,-3.6
267,2018.03.25,5.7,0.0,-3.6,7.8,2.0999999999999996,-2.1
268,2018.03.26,2.6,0.0,-2.1,8.6,3.25,1.9
269,2018.03.27,4.9,0.0,1.9,9.3,5.6000000000000005,-0.7
270,2018.03.28,4.1,1.3,-0.7,10.6,4.95,3.2
271,2018.03.29,4.8,1.8,3.2,11.1,7.15,4.2
272,2018.03.30,4.1,5.4,4.2,11.9,8.05,7.4
273,2018.03.31,7.1,5.1,7.4,14.2,10.8,6.3
274,2018.04.01,9.7,0.2,6.3,10.5,8.4,5.2
275,2018.04.02,9.5,0.1,5.2,11.2,8.2,6.4
276,2018.04.03,7.3,0.0,6.4,15.3,10.850000000000001,9.1
277,2018.04.04,7.0,0.0,9.1,17.2,13.149999999999999,10.7
278,2018.04.05,7.4,0.2,10.7,17.7,14.2,9.0
279,2018.04.06,7.8,0.0,9.0,14.7,11.85,7.2
280,2018.04.07,4.0,0.1,7.2,16.1,11.65,8.2
281,2018.04.08,8.0,0.0,8.2,18.8,13.5,11.6
282,2018.04.09,6.3,0.6,11.6,21.0,16.3,10.7
283,2018.04.10,6.8,0.0,10.7,17.4,14.049999999999999,8.9
284,2018.04.11,5.8,0.0,8.9,17.1,13.0,11.0
285,2018.04.12,4.8,0.0,11.0,22.1,16.55,13.4
286,2018.04.13,4.8,0.6,13.4,18.5,15.95,10.5
287,2018.04.14,3.0,0.0,10.5,21.2,15.85,13.3
288,2018.04.15,5.2,0.0,13.3,22.9,18.1,15.1
289,2018.04.16,5.2,2.3,15.1,19.0,17.05,12.9
290,2018.04.17,4.1,4.8,12.9,19.9,16.4,14.5
291,2018.04.18,4.3,3.5,14.5,20.1,17.3,10.6
292,2018.04.19,5.0,0.0,10.6,20.9,15.75,10.6
293,2018.04.20,3.4,0.0,10.6,19.8,15.2,8.9
294,2018.04.21,2.8,0.0,8.9,19.9,14.399999999999999,10.0
295,2018.04.22,2.5,0.0,10.0,22.8,16.4,13.2
296,2018.04.23,4.0,0.7,13.2,25.3,19.25,14.5
297,2018.04.24,5.3,2.1,14.5,22.6,18.55,12.8
298,2018.04.25,5.1,0.1,12.8,24.7,18.75,13.9
299,2018.04.26,7.0,1.2,13.9,22.5,18.2,10.9
300,2018.04.27,5.9,0.0,10.9,18.4,14.649999999999999,10.8
301,2018.04.28,4.6,2.3,10.8,24.7,17.75,16.2
302,2018.04.29,5.8,9.9,16.2,23.3,19.75,16.0
303,2018.04.30,5.1,7.7,16.0,23.8,19.9,14.0
304,2018.05.01,3.8,0.6,14.0,23.5,18.75,15.0
305,2018.05.02,3.9,8.4,15.0,24.6,19.8,15.0
306,2018.05.03,4.6,0.0,15.0,24.9,19.95,15.0
307,2018.05.04,4.4,1.2,15.0,26.6,20.8,18.6
308,2018.05.05,6.2,0.0,18.6,27.6,23.1,17.3
309,2018.05.06,6.3,0.0,17.3,23.5,20.4,15.2
310,2018.05.07,6.0,0.0,15.2,22.6,18.9,13.0
311,2018.05.08,4.7,0.4,13.0,20.7,16.85,13.4
312,2018.05.09,2.7,5.2,13.4,23.6,18.5,16.4
313,2018.05.10,4.3,3.3,16.4,24.5,20.45,14.2
314,2018.05.11,2.0,1.7,14.2,24.9,19.549999999999997,16.4
315,2018.05.12,3.6,0.0,16.4,23.2,19.799999999999997,13.4
316,2018.05.13,5.3,0.1,13.4,22.5,17.95,13.7
317,2018.05.14,5.7,0.0,13.7,20.0,16.85,11.4
318,2018.05.15,5.2,8.9,11.4,18.2,14.8,9.4
319,2018.05.16,6.5,0.8,9.4,17.7,13.55,12.8
320,2018.05.17,7.6,1.5,12.8,18.2,15.5,14.1
321,2018.05.18,7.1,1.8,14.1,22.4,18.25,12.7
322,2018.05.19,3.9,1.4,12.7,22.7,17.7,11.3
323,2018.05.20,4.9,0.0,11.3,21.9,16.6,14.0
324,2018.05.21,6.1,0.0,14.0,22.4,18.2,13.6
325,2018.05.22,4.8,0.6,13.6,21.2,17.4,15.7
326,2018.05.23,3.2,1.3,15.7,23.0,19.35,16.4
327,2018.05.24,5.7,0.0,16.4,25.9,21.15,18.1
328,2018.05.25,4.8,0.0,18.1,23.1,20.6,16.2
329,2018.05.26,2.0,0.0,16.2,26.2,21.2,17.2
330,2018.05.27,2.1,4.3,17.2,25.0,21.1,17.3
331,2018.05.28,3.3,0.0,17.3,26.6,21.950000000000003,18.2
332,2018.05.29,5.2,0.4,18.2,23.8,21.0,16.2
333,2018.05.30,5.4,0.0,16.2,25.4,20.799999999999997,17.0
334,2018.05.31,3.5,0.0,17.0,27.3,22.15,18.1
335,2018.06.01,2.5,0.0,18.1,28.4,23.25,18.5
336,2018.06.02,4.0,0.0,18.5,26.9,22.7,20.0
337,2018.06.03,5.8,0.0,20.0,27.2,23.6,17.3
338,2018.06.04,2.9,2.4,17.3,26.4,21.85,17.9
339,2018.06.05,2.1,6.5,17.9,26.4,22.15,17.3
340,2018.06.06,6.0,18.7,17.3,21.7,19.5,16.2
341,2018.06.07,5.2,0.9,16.2,23.4,19.799999999999997,17.6
342,2018.06.08,3.0,26.1,17.6,24.6,21.1,17.7
343,2018.06.09,3.1,31.0,17.7,23.6,20.65,19.1
344,2018.06.10,2.4,0.0,19.1,27.8,23.450000000000003,21.5
345,2018.06.11,3.4,0.0,21.5,28.5,25.0,19.2
346,2018.06.12,4.5,9.0,19.2,27.7,23.45,18.0
347,2018.06.13,4.3,1.7,18.0,24.9,21.45,17.0
348,2018.06.14,4.5,10.8,17.0,20.6,18.8,17.4
349,2018.06.15,5.3,6.2,17.4,19.8,18.6,18.2
350,2018.06.16,5.9,0.0,18.2,24.1,21.15,18.8
351,2018.06.17,4.3,0.0,18.8,25.1,21.950000000000003,18.2
352,2018.06.18,5.1,0.3,18.2,25.4,21.799999999999997,19.3
353,2018.06.19,3.9,2.7,19.3,26.7,23.0,20.4
354,2018.06.20,2.5,0.0,20.4,27.5,23.95,20.1
355,2018.06.21,3.8,0.6,20.1,27.9,24.0,13.7
356,2018.06.22,7.6,6.3,13.7,19.0,16.35,11.0
357,2018.06.23,5.1,0.0,11.0,19.1,15.05,10.4
358,2018.06.24,5.4,0.0,10.4,18.5,14.45,10.4
359,2018.06.25,2.7,0.0,10.4,20.8,15.600000000000001,11.6
360,2018.06.26,3.0,0.3,11.6,21.9,16.75,13.3
361,2018.06.27,6.3,1.3,13.3,22.3,17.8,15.8
362,2018.06.28,6.5,11.9,15.8,21.9,18.85,18.2
363,2018.06.29,5.2,8.4,18.2,25.5,21.85,14.1
364,2018.06.30,7.7,0.0,14.1,20.8,17.45,13.3
365,2018.07.01,4.2,0.0,13.3,19.2,16.25,9.6
366,2018.07.02,3.6,0.0,9.6,21.0,15.3,11.5
367,2018.07.03,3.0,0.0,11.5,22.9,17.2,12.0
368,2018.07.04,2.5,0.0,12.0,26.2,19.1,14.9
369,2018.07.05,2.9,1.1,14.9,27.9,21.4,17.0
370,2018.07.06,3.5,6.3,17.0,27.8,22.4,17.3
371,2018.07.07,5.1,10.1,17.3,24.7,21.0,15.1
372,2018.07.08,4.8,0.0,15.1,23.6,19.35,15.7
373,2018.07.09,3.0,0.3,15.7,26.3,21.0,16.1
374,2018.07.10,2.0,0.7,16.1,25.4,20.75,16.9
375,2018.07.11,6.0,3.9,16.9,22.0,19.45,13.6
376,2018.07.12,4.9,3.0,13.6,23.8,18.7,15.5
377,2018.07.13,6.2,0.0,15.5,25.1,20.3,16.7
378,2018.07.14,5.5,0.0,16.7,25.1,20.9,15.5
379,2018.07.15,4.7,0.0,15.5,25.9,20.7,15.4
380,2018.07.16,4.7,0.0,15.4,26.2,20.8,15.3
381,2018.07.17,5.5,0.0,15.3,26.7,21.0,19.0
382,2018.07.18,10.9,1.3,19.0,22.8,20.9,18.9
383,2018.07.19,9.2,3.7,18.9,22.5,20.7,18.3
384,2018.07.20,4.8,3.0,18.3,25.3,21.8,17.7
385,2018.07.21,2.5,0.0,17.7,26.1,21.9,17.8
386,2018.07.22,3.1,21.4,17.8,25.8,21.8,17.9
387,2018.07.23,4.5,20.3,17.9,24.0,20.95,17.4
388,2018.07.24,4.7,0.0,17.4,27.9,22.65,17.7
389,2018.07.25,3.1,0.0,17.7,28.1,22.9,17.9
390,2018.07.26,2.1,1.6,17.9,27.1,22.5,20.5
391,2018.07.27,3.5,6.3,20.5,27.2,23.85,19.3
392,2018.07.28,2.9,2.5,19.3,28.3,23.8,21.7
393,2018.07.29,3.6,6.5,21.7,30.1,25.9,21.5
394,2018.07.30,3.9,0.9,21.5,28.4,24.95,22.6
395,2018.07.31,4.0,1.0,22.6,30.3,26.450000000000003,22.2
396,2018.08.01,4.4,0.0,22.2,30.4,26.299999999999997,20.7
397,2018.08.02,2.0,6.7,20.7,30.4,25.549999999999997,20.6
398,2018.08.03,4.6,0.0,20.6,29.2,24.9,17.9
399,2018.08.04,2.6,0.0,17.9,28.4,23.15,17.9
400,2018.08.05,2.7,0.0,17.9,30.2,24.049999999999997,18.9
401,2018.08.06,3.3,0.1,18.9,28.9,23.9,18.2
402,2018.08.07,3.4,0.0,18.2,29.1,23.65,18.1
403,2018.08.08,3.9,0.0,18.1,31.5,24.8,20.0
404,2018.08.09,4.7,0.0,20.0,32.4,26.2,23.0
405,2018.08.10,4.6,1.1,23.0,33.2,28.1,18.7
406,2018.08.11,5.1,1.0,18.7,27.6,23.15,17.5
407,2018.08.12,2.9,0.0,17.5,30.1,23.8,18.0
408,2018.08.13,4.8,0.0,18.0,32.4,25.2,20.0
409,2018.08.14,5.7,0.0,20.0,29.1,24.55,20.2
410,2018.08.15,5.6,0.0,20.2,27.2,23.7,15.0
411,2018.08.16,2.8,0.0,15.0,27.9,21.45,17.5
412,2018.08.17,3.4,0.0,17.5,29.3,23.4,19.3
413,2018.08.18,2.0,0.2,19.3,29.7,24.5,18.7
414,2018.08.19,4.0,0.0,18.7,31.3,25.0,20.1
415,2018.08.20,3.2,0.1,20.1,32.1,26.1,21.0
416,2018.08.21,2.5,0.0,21.0,32.3,26.65,21.6
417,2018.08.22,4.0,0.0,21.6,32.4,27.0,21.6
418,2018.08.23,3.9,0.9,21.6,31.2,26.4,18.4
419,2018.08.24,3.7,2.6,18.4,30.3,24.35,18.3
420,2018.08.25,6.8,0.2,18.3,24.0,21.15,14.2
421,2018.08.26,6.2,16.8,14.2,16.6,15.4,8.9
422,2018.08.27,2.5,0.0,8.9,21.2,15.05,9.6
423,2018.08.28,3.9,0.0,9.6,25.6,17.6,12.1
424,2018.08.29,3.5,0.0,12.1,26.4,19.25,13.1
425,2018.08.30,2.5,0.0,13.1,27.5,20.3,17.2
426,2018.08.31,3.4,0.9,17.2,27.4,22.299999999999997,16.4
427,2018.09.01,3.5,1.8,16.4,28.9,22.65,17.6
428,2018.09.02,4.4,2.7,17.6,27.4,22.5,17.3
429,2018.09.03,5.2,3.7,17.3,22.2,19.75,16.4
430,2018.09.04,2.4,20.5,16.4,18.4,17.4,15.8
431,2018.09.05,3.5,0.1,15.8,24.3,20.05,14.6
432,2018.09.06,2.1,0.2,14.6,22.3,18.45,11.3
433,2018.09.07,2.1,0.0,11.3,23.7,17.5,14.9
434,2018.09.08,4.2,0.0,14.9,24.4,19.65,12.6
435,2018.09.09,2.5,0.0,12.6,23.7,18.15,11.9
436,2018.09.10,2.7,0.0,11.9,23.8,17.85,12.5
437,2018.09.11,4.9,0.0,12.5,25.1,18.8,13.0
438,2018.09.12,2.1,0.0,13.0,26.7,19.85,13.1
439,2018.09.13,2.0,0.0,13.1,28.2,20.65,16.2
440,2018.09.14,2.1,0.0,16.2,26.0,21.1,17.9
441,2018.09.15,6.1,0.0,17.9,25.9,21.9,13.5
442,2018.09.16,3.4,0.0,13.5,22.0,17.75,11.5
443,2018.09.17,3.0,0.0,11.5,26.8,19.15,10.9
444,2018.09.18,2.3,0.0,10.9,25.4,18.15,11.3
445,2018.09.19,3.0,0.0,11.3,27.3,19.3,12.0
446,2018.09.20,2.1,0.0,12.0,28.0,20.0,13.6
447,2018.09.21,3.9,0.0,13.6,28.5,21.05,12.2
448,2018.09.22,9.5,0.3,12.2,17.5,14.85,9.5
449,2018.09.23,5.4,0.0,9.5,18.3,13.9,10.6
450,2018.09.24,10.1,3.1,10.6,18.9,14.75,7.6
451,2018.09.25,6.8,0.0,7.6,14.4,11.0,3.9
452,2018.09.26,4.0,0.0,3.9,14.1,9.0,2.8
453,2018.09.27,3.8,0.0,2.8,18.5,10.65,4.6
454,2018.09.28,3.1,0.0,4.6,18.1,11.350000000000001,7.0
455,2018.09.29,4.7,0.7,7.0,15.1,11.05,4.0
456,2018.09.30,4.4,0.0,4.0,15.7,9.85,6.4
457,2018.10.01,4.4,0.2,6.4,18.0,12.2,6.8
458,2018.10.02,6.3,0.8,6.8,14.3,10.55,3.5
459,2018.10.03,7.4,0.1,3.5,16.8,10.15,5.7
460,2018.10.04,4.3,0.0,5.7,15.7,10.7,2.9
461,2018.10.05,3.7,0.0,2.9,17.1,10.0,4.0
462,2018.10.06,5.1,0.0,4.0,20.3,12.15,12.7
463,2018.10.07,4.4,0.0,12.7,20.3,16.5,11.9
464,2018.10.08,2.6,0.4,11.9,19.6,15.75,10.0
465,2018.10.09,3.1,0.0,10.0,22.7,16.35,9.2
466,2018.10.10,2.7,0.0,9.2,23.1,16.15,9.0
467,2018.10.11,3.3,0.0,9.0,22.3,15.65,8.6
468,2018.10.12,2.9,0.0,8.6,21.0,14.8,8.2
469,2018.10.13,2.4,0.0,8.2,21.4,14.799999999999999,8.3
470,2018.10.14,4.3,0.0,8.3,19.5,13.9,7.5
471,2018.10.15,4.8,0.0,7.5,19.4,13.45,8.5
472,2018.10.16,4.9,0.0,8.5,18.8,13.65,8.8
473,2018.10.17,3.2,0.0,8.8,21.2,15.0,9.4
474,2018.10.18,2.0,0.0,9.4,21.1,15.25,8.9
475,2018.10.19,2.3,0.0,8.9,21.0,14.95,7.2
476,2018.10.20,5.2,0.0,7.2,19.6,13.4,8.3
477,2018.10.21,5.3,4.6,8.3,10.8,9.55,7.7
478,2018.10.22,3.5,0.3,7.7,15.0,11.35,8.2
479,2018.10.23,8.6,0.0,8.2,12.7,10.45,6.8
480,2018.10.24,12.6,1.4,6.8,12.8,9.8,6.0
481,2018.10.25,7.8,0.7,6.0,14.3,10.15,7.1
482,2018.10.26,5.1,0.0,7.1,14.1,10.6,10.6
483,2018.10.27,5.3,4.1,10.6,13.9,12.25,11.4
484,2018.10.28,7.3,6.9,11.4,20.7,16.05,16.0
485,2018.10.29,7.7,20.5,16.0,20.4,18.2,10.8
486,2018.10.30,7.7,4.7,10.8,18.1,14.450000000000001,9.9
487,2018.10.31,4.6,0.0,9.9,18.4,14.149999999999999,8.8
488,2018.11.01,4.7,0.0,8.8,20.8,14.8,13.0
489,2018.11.02,4.3,0.2,13.0,21.2,17.1,11.3
490,2018.11.03,2.7,0.0,11.3,19.6,15.450000000000001,7.9
491,2018.11.04,2.6,0.0,7.9,17.3,12.600000000000001,6.6
492,2018.11.05,4.2,0.0,6.6,17.2,11.899999999999999,7.3
493,2018.11.06,4.9,0.0,7.3,15.8,11.55,6.6
494,2018.11.07,4.8,0.0,6.6,15.6,11.1,5.4
495,2018.11.08,3.1,0.0,5.4,14.3,9.850000000000001,3.0
496,2018.11.09,3.6,0.0,3.0,12.7,7.85,3.2
497,2018.11.10,4.3,0.1,3.2,10.9,7.050000000000001,4.8
498,2018.11.11,4.0,0.2,4.8,15.0,9.9,4.3
499,2018.11.12,3.6,0.0,4.3,14.7,9.5,5.8
500,2018.11.13,3.8,0.1,5.8,13.8,9.8,3.5
501,2018.11.14,6.9,0.0,3.5,12.0,7.75,0.6
502,2018.11.15,2.5,0.0,0.6,10.7,5.6499999999999995,0.9
503,2018.11.16,5.3,0.0,0.9,8.3,4.6000000000000005,-1.5
504,2018.11.17,5.5,0.0,-1.5,5.9,2.2,-3.6
505,2018.11.18,2.5,0.0,-3.6,6.4,1.4000000000000001,-0.5
506,2018.11.19,4.1,1.2,-0.5,1.9,0.7,0.3
507,2018.11.20,8.7,4.0,0.3,4.5,2.4,3.4
508,2018.11.21,5.4,4.6,3.4,4.3,3.8499999999999996,2.4
509,2018.11.22,2.9,0.7,2.4,4.9,3.6500000000000004,2.7
510,2018.11.23,3.7,0.6,2.7,4.8,3.75,1.5
511,2018.11.24,4.4,2.8,1.5,6.4,3.95,4.7
512,2018.11.25,4.9,14.8,4.7,6.9,5.800000000000001,5.3
513,2018.11.26,6.7,14.3,5.3,9.4,7.35,0.9
514,2018.11.27,5.6,8.8,0.9,4.6,2.75,-3.8
515,2018.11.28,7.1,0.4,-3.8,1.6,-1.0999999999999999,-6.3
516,2018.11.29,5.4,0.6,-6.3,-0.2,-3.25,-5.3
517,2018.11.30,3.2,0.3,-5.3,-2.1,-3.7,-5.6
518,2018.12.01,2.8,0.1,-5.6,-1.8,-3.6999999999999997,-4.4
519,2018.12.02,4.3,0.0,-4.4,0.3,-2.0500000000000003,-2.4
520,2018.12.03,3.3,0.4,-2.4,3.3,0.44999999999999996,0.2
521,2018.12.04,5.9,0.7,0.2,5.4,2.8000000000000003,-5.0
522,2018.12.05,6.7,0.0,-5.0,4.9,-0.04999999999999982,-5.9
523,2018.12.06,3.0,0.1,-5.9,2.0,-1.9500000000000002,-0.9
524,2018.12.07,2.6,3.5,-0.9,2.6,0.8500000000000001,0.1
525,2018.12.08,6.0,6.4,0.1,6.8,3.4499999999999997,-0.1
526,2018.12.09,5.7,0.8,-0.1,6.1,3.0,1.4
527,2018.12.10,7.9,0.6,1.4,5.9,3.6500000000000004,-0.2
528,2018.12.11,5.6,0.8,-0.2,3.7,1.75,-0.9
529,2018.12.12,5.6,0.4,-0.9,3.1,1.1,-5.3
530,2018.12.13,2.0,0.0,-5.3,1.6,-1.8499999999999999,-5.7
531,2018.12.14,4.5,0.7,-5.7,-0.6,-3.15,-1.1
532,2018.12.15,5.8,14.8,-1.1,-0.4,-0.75,-4.2
533,2018.12.16,3.0,4.3,-4.2,-0.7,-2.45,-7.6
534,2018.12.17,1.9,0.4,-7.6,-4.3,-5.949999999999999,-8.2
535,2018.12.18,2.0,0.1,-8.2,-2.6,-5.3999999999999995,-9.8
536,2018.12.19,4.0,0.7,-9.8,-7.0,-8.4,-8.3
537,2018.12.20,4.7,1.2,-8.3,-4.2,-6.25,-6.3
538,2018.12.21,3.1,0.0,-6.3,-0.9,-3.6,1.1
539,2018.12.22,5.7,1.4,1.1,6.7,3.9000000000000004,2.1
540,2018.12.23,6.3,0.6,2.1,6.4,4.25,-2.1
541,2018.12.24,6.0,6.2,-2.1,4.0,0.95,-3.5
542,2018.12.25,7.9,0.4,-3.5,2.0,-0.75,-0.8
543,2018.12.26,7.1,0.2,-0.8,3.8,1.5,0.0
544,2018.12.27,5.6,0.0,0.0,5.9,2.95,2.3
545,2018.12.28,6.5,0.0,2.3,6.1,4.199999999999999,0.0
546,2018.12.29,5.7,0.0,0.0,5.1,2.55,-0.7
547,2018.12.30,8.8,1.4,-0.7,4.8,2.05,-1.5
548,2018.12.31,7.5,0.3,-1.5,4.2,1.35,-4.6
549,2019.01.01,6.1,0.9,-4.6,2.7,-0.9499999999999997,-0.7
550,2019.01.02,9.5,0.9,-0.7,3.1,1.2000000000000002,-3.3
551,2019.01.03,7.9,0.1,-3.3,0.3,-1.5,-6.3
552,2019.01.04,5.4,0.2,-6.3,-1.0,-3.65,-3.2
553,2019.01.05,5.8,4.0,-3.2,2.2,-0.5,-6.5
554,2019.01.06,7.3,0.0,-6.5,0.4,-3.05,-14.9
555,2019.01.07,1.9,0.0,-14.9,-5.2,-10.05,-10.4
556,2019.01.08,4.4,4.7,-10.4,0.0,-5.2,-1.2
557,2019.01.09,4.6,1.9,-1.2,1.8,0.30000000000000004,-8.6
558,2019.01.10,3.2,0.3,-8.6,0.2,-4.2,-9.8
559,2019.01.11,5.6,0.1,-9.8,-6.5,-8.15,-4.3
560,2019.01.12,6.0,1.2,-4.3,3.3,-0.5,0.0
561,2019.01.13,5.9,1.4,0.0,3.3,1.65,-1.4
562,2019.01.14,10.1,4.7,-1.4,3.1,0.8500000000000001,-3.2
563,2019.01.15,8.2,0.7,-3.2,1.2,-1.0,-1.3
564,2019.01.16,10.0,0.2,-1.3,5.7,2.2,-1.1
565,2019.01.17,6.0,3.3,-1.1,10.0,4.45,-3.2
566,2019.01.18,8.1,7.2,-3.2,5.6,1.1999999999999997,-4.7
567,2019.01.19,3.6,0.0,-4.7,0.6,-2.0500000000000003,-2.1
568,2019.01.20,3.7,2.7,-2.1,0.0,-1.05,-7.0
569,2019.01.21,1.8,0.1,-7.0,0.0,-3.5,-9.9
570,2019.01.22,3.0,0.0,-9.9,-2.4,-6.15,-7.1
571,2019.01.23,4.7,2.7,-7.1,-1.4,-4.25,-3.1
572,2019.01.24,3.6,1.2,-3.1,1.5,-0.8,-6.3
573,2019.01.25,6.7,2.5,-6.3,-3.3,-4.8,-6.5
574,2019.01.26,7.1,0.0,-6.5,-2.7,-4.6,-2.1
575,2019.01.27,5.2,0.7,-2.1,2.7,0.30000000000000004,-1.9
576,2019.01.28,4.5,5.7,-1.9,3.6,0.8500000000000001,-3.6
577,2019.01.29,4.8,0.1,-3.6,3.3,-0.15000000000000013,-8.5
578,2019.01.30,2.6,0.1,-8.5,-1.3,-4.9,-3.4
579,2019.01.31,2.4,0.2,-3.4,0.1,-1.65,-2.0
580,2019.02.01,4.7,1.8,-2.0,2.3,0.1499999999999999,5.3
581,2019.02.02,6.7,2.5,5.3,9.5,7.4,3.5
582,2019.02.03,7.6,2.0,3.5,11.0,7.25,0.9
583,2019.02.04,8.5,0.3,0.9,4.4,2.6500000000000004,-1.4
584,2019.02.05,3.0,0.2,-1.4,4.7,1.6500000000000001,-4.8
585,2019.02.06,3.0,0.0,-4.8,3.3,-0.75,-5.5
586,2019.02.07,2.5,0.0,-5.5,2.2,-1.65,-4.5
587,2019.02.08,2.0,0.3,-4.5,3.8,-0.3500000000000001,-3.7
588,2019.02.09,2.7,0.1,-3.7,3.8,0.04999999999999982,-4.5
589,2019.02.10,7.7,0.8,-4.5,6.3,0.8999999999999999,2.6
590,2019.02.11,10.5,4.3,2.6,6.0,4.3,-0.7
591,2019.02.12,9.6,0.1,-0.7,3.2,1.25,-1.7
592,2019.02.13,5.9,0.1,-1.7,3.6,0.9500000000000001,-0.3
593,2019.02.14,6.5,0.0,-0.3,7.1,3.4,-2.6
594,2019.02.15,1.9,0.0,-2.6,7.1,2.25,-2.3
595,2019.02.16,2.3,0.0,-2.3,8.4,3.0500000000000003,-2.1
596,2019.02.17,1.9,0.0,-2.1,9.7,3.8,-2.3
597,2019.02.18,2.2,0.0,-2.3,7.3,2.5,-1.3
598,2019.02.19,2.3,0.2,-1.3,7.2,2.95,0.8
599,2019.02.20,4.9,0.0,0.8,8.3,4.550000000000001,-0.5
600,2019.02.21,4.2,0.5,-0.5,8.6,4.05,-2.7
601,2019.02.22,7.6,1.6,-2.7,10.6,3.9499999999999997,-6.4
602,2019.02.23,6.2,0.0,-6.4,-0.8,-3.6,-6.6
603,2019.02.24,3.3,0.0,-6.6,1.5,-2.55,-4.0
604,2019.02.25,3.0,0.0,-4.0,6.5,1.25,-3.9
605,2019.02.26,6.9,0.0,-3.9,10.5,3.3,-0.1
606,2019.02.27,5.0,0.0,-0.1,9.5,4.7,0.9
607,2019.02.28,8.4,0.0,0.9,12.9,6.9,4.7
608,2019.03.01,5.5,0.1,4.7,11.6,8.15,2.5
609,2019.03.02,4.5,0.4,2.5,6.9,4.7,3.1
610,2019.03.03,5.7,0.5,3.1,11.7,7.3999999999999995,4.1
611,2019.03.04,9.8,0.0,4.1,14.8,9.45,5.0
612,2019.03.05,6.9,1.5,5.0,11.9,8.45,3.5
613,2019.03.06,4.7,0.5,3.5,13.6,8.55,6.5
614,2019.03.07,8.8,0.0,6.5,17.2,11.85,7.8
615,2019.03.08,4.7,1.7,7.8,14.8,11.3,5.8
616,2019.03.09,5.8,0.2,5.8,12.8,9.3,6.8
617,2019.03.10,9.1,0.2,6.8,13.8,10.3,3.8
618,2019.03.11,14.0,0.3,3.8,9.3,6.550000000000001,0.0
619,2019.03.12,5.8,0.0,0.0,7.9,3.95,-1.6
620,2019.03.13,5.7,2.1,-1.6,6.0,2.2,-0.9
621,2019.03.14,3.8,0.0,-0.9,9.5,4.3,4.5
622,2019.03.15,8.2,2.2,4.5,10.1,7.3,7.7
623,2019.03.16,7.2,0.9,7.7,10.0,8.85,3.6
624,2019.03.17,6.5,0.0,3.6,17.6,10.600000000000001,6.2
625,2019.03.18,8.7,1.5,6.2,11.5,8.85,5.2
626,2019.03.19,5.5,0.4,5.2,9.9,7.550000000000001,2.5
627,2019.03.20,2.1,0.0,2.5,10.0,6.25,-0.6
628,2019.03.21,2.0,0.0,-0.6,11.1,5.25,0.7
629,2019.03.22,2.0,0.0,0.7,14.0,7.35,2.5
630,2019.03.23,2.8,0.0,2.5,15.6,9.05,5.5
631,2019.03.24,4.8,0.0,5.5,17.7,11.6,7.5
632,2019.03.25,5.5,0.2,7.5,12.1,9.8,5.2
633,2019.03.26,5.9,0.0,5.2,11.0,8.1,1.6
634,2019.03.27,5.6,0.0,1.6,9.0,5.3,-1.1
635,2019.03.28,3.6,0.0,-1.1,13.2,6.05,2.3
636,2019.03.29,2.2,0.0,2.3,13.8,8.05,2.1
637,2019.03.30,2.0,0.0,2.1,15.7,8.9,3.1
638,2019.03.31,2.5,0.0,3.1,17.7,10.4,6.1
639,2019.04.01,5.9,0.0,6.1,13.9,10.0,5.0
640,2019.04.02,6.6,0.0,5.0,15.2,10.1,8.2
641,2019.04.03,6.6,0.0,8.2,15.5,11.85,9.0
642,2019.04.04,7.0,0.0,9.0,17.0,13.0,6.6
643,2019.04.05,7.7,3.0,6.6,15.0,10.8,5.9
644,2019.04.06,3.5,3.0,5.9,15.5,10.7,6.7
645,2019.04.07,4.0,0.0,6.7,17.6,12.15,8.6
646,2019.04.08,3.3,0.0,8.6,19.7,14.149999999999999,12.0
647,2019.04.09,4.5,0.4,12.0,19.0,15.5,10.9
648,2019.04.10,5.4,0.0,10.9,17.5,14.2,10.0
649,2019.04.11,6.5,6.4,10.0,14.2,12.1,7.7
650,2019.04.12,5.4,13.4,7.7,10.5,9.1,7.7
651,2019.04.13,5.4,0.2,7.7,10.1,8.9,8.4
652,2019.04.14,6.4,1.3,8.4,14.4,11.4,4.6
653,2019.04.15,6.4,0.0,4.6,12.4,8.5,2.1
654,2019.04.16,3.9,0.0,2.1,12.8,7.45,3.4
655,2019.04.17,3.0,0.0,3.4,15.2,9.299999999999999,9.2
656,2019.04.18,4.1,0.1,9.2,18.4,13.799999999999999,11.3
657,2019.04.19,4.0,0.0,11.3,20.7,16.0,11.0
658,2019.04.20,3.2,0.0,11.0,19.6,15.3,11.8
659,2019.04.21,3.6,0.0,11.8,20.3,16.05,12.0
660,2019.04.22,7.1,0.3,12.0,19.1,15.55,9.9
661,2019.04.23,7.4,4.8,9.9,11.8,10.850000000000001,10.2
662,2019.04.24,6.0,2.1,10.2,21.4,15.799999999999999,12.7
663,2019.04.25,6.3,0.0,12.7,23.8,18.25,15.8
664,2019.04.26,6.1,2.8,15.8,25.9,20.85,12.2
665,2019.04.27,6.7,4.3,12.2,17.7,14.95,11.7
666,2019.04.28,8.2,0.4,11.7,15.8,13.75,10.3
667,2019.04.29,5.2,0.9,10.3,15.9,13.100000000000001,9.0
668,2019.04.30,3.8,6.1,9.0,16.8,12.9,10.4
669,2019.05.01,6.4,0.0,10.4,19.3,14.850000000000001,10.8
670,2019.05.02,5.5,1.0,10.8,21.1,15.950000000000001,11.9
671,2019.05.03,5.9,0.6,11.9,16.9,14.399999999999999,12.3
672,2019.05.04,5.0,10.9,12.3,17.4,14.85,7.1
673,2019.05.05,5.8,27.1,7.1,11.3,9.2,7.1
674,2019.05.06,4.9,9.1,7.1,11.7,9.399999999999999,6.8
675,2019.05.07,6.3,0.0,6.8,15.2,11.0,7.8
676,2019.05.08,4.6,0.0,7.8,17.8,12.8,9.9
677,2019.05.09,5.0,17.0,9.9,11.4,10.65,9.9
678,2019.05.10,6.6,0.6,9.9,19.3,14.600000000000001,11.2
679,2019.05.11,3.6,0.8,11.2,22.3,16.75,13.6
680,2019.05.12,4.9,9.8,13.6,22.3,17.95,8.8
681,2019.05.13,6.3,1.2,8.8,16.4,12.6,6.8
682,2019.05.14,6.0,30.3,6.8,10.5,8.65,8.5
683,2019.05.15,3.0,9.3,8.5,11.6,10.05,7.4
684,2019.05.16,2.2,0.1,7.4,17.0,12.2,10.4
685,2019.05.17,2.6,0.0,10.4,20.0,15.2,11.8
686,2019.05.18,3.9,0.2,11.8,23.4,17.6,14.2
687,2019.05.19,4.7,3.5,14.2,24.4,19.299999999999997,15.9
688,2019.05.20,6.0,7.7,15.9,22.4,19.15,12.7
689,2019.05.21,5.4,5.7,12.7,19.8,16.25,14.3
690,2019.05.22,7.1,1.5,14.3,17.6,15.950000000000001,12.6
691,2019.05.23,7.7,0.0,12.6,18.5,15.55,10.5
692,2019.05.24,3.5,2.2,10.5,20.5,15.5,13.6
693,2019.05.25,2.9,0.0,13.6,23.9,18.75,16.0
694,2019.05.26,2.8,0.0,16.0,25.6,20.8,17.3
695,2019.05.27,4.2,7.8,17.3,25.6,21.450000000000003,15.3
696,2019.05.28,4.2,9.4,15.3,23.6,19.450000000000003,14.2
697,2019.05.29,3.3,5.8,14.2,21.8,18.0,12.7
698,2019.05.30,4.2,23.1,12.7,16.7,14.7,12.9
699,2019.05.31,3.3,1.4,12.9,23.1,18.0,15.8
700,2019.06.01,4.9,0.9,15.8,25.2,20.5,17.0
701,2019.06.02,3.6,0.0,17.0,27.2,22.1,18.1
702,2019.06.03,3.5,0.2,18.1,28.1,23.1,18.7
703,2019.06.04,3.3,0.0,18.7,27.5,23.1,19.7
704,2019.06.05,3.9,3.0,19.7,27.7,23.7,17.3
705,2019.06.06,4.8,4.6,17.3,26.2,21.75,18.2
706,2019.06.07,4.1,8.8,18.2,27.7,22.95,18.2
707,2019.06.08,6.0,0.0,18.2,27.1,22.65,17.9
708,2019.06.09,3.6,0.0,17.9,28.1,23.0,20.0
709,2019.06.10,4.2,0.0,20.0,30.4,25.2,21.1
710,2019.06.11,4.4,0.0,21.1,30.9,26.0,21.5
711,2019.06.12,5.4,0.0,21.5,31.1,26.3,22.3
712,2019.06.13,4.1,3.2,22.3,33.3,27.799999999999997,23.3
713,2019.06.14,3.7,0.0,23.3,33.0,28.15,23.6
714,2019.06.15,3.9,0.3,23.6,33.8,28.7,24.4
715,2019.06.16,4.7,7.1,24.4,31.7,28.049999999999997,21.0
716,2019.06.17,3.7,10.7,21.0,29.4,25.2,19.9
717,2019.06.18,4.3,3.0,19.9,26.6,23.25,22.9
718,2019.06.19,4.8,15.9,22.9,29.7,26.299999999999997,22.4
719,2019.06.20,2.5,6.9,22.4,29.8,26.1,21.0
720,2019.06.21,4.5,0.8,21.0,29.2,25.1,22.3
721,2019.06.22,3.3,2.4,22.3,29.8,26.05,21.1
722,2019.06.23,4.2,20.1,21.1,26.8,23.950000000000003,20.3
723,2019.06.24,5.7,0.8,20.3,29.0,24.65,20.4
724,2019.06.25,4.2,0.0,20.4,31.3,25.85,23.9
725,2019.06.26,3.2,0.0,23.9,32.5,28.2,23.2
726,2019.06.27,7.5,0.0,23.2,32.5,27.85,18.3
727,2019.06.28,4.0,0.0,18.3,26.2,22.25,18.6
728,2019.06.29,3.2,0.0,18.6,28.2,23.4,20.7
729,2019.06.30,4.3,0.0,20.7,29.1,24.9,20.8
730,2019.07.01,3.8,0.0,20.8,32.2,26.5,23.2
731,2019.07.02,6.3,0.0,23.2,30.9,27.049999999999997,20.1
732,2019.07.03,5.1,0.0,20.1,27.1,23.6,19.1
733,2019.07.04,4.2,0.0,19.1,25.8,22.450000000000003,19.7
734,2019.07.05,5.3,0.0,19.7,28.4,24.049999999999997,20.8
735,2019.07.06,5.7,0.0,20.8,29.6,25.200000000000003,20.8
736,2019.07.07,6.6,13.3,20.8,24.3,22.55,17.4
737,2019.07.08,4.7,0.0,17.4,23.0,20.2,17.7
738,2019.07.09,5.6,0.0,17.7,22.5,20.1,17.3
739,2019.07.10,5.7,0.0,17.3,23.1,20.200000000000003,15.1
740,2019.07.11,5.2,0.0,15.1,23.9,19.5,17.3
741,2019.07.12,3.5,0.0,17.3,21.3,19.3,15.9
742,2019.07.13,4.9,12.9,15.9,22.4,19.15,15.6
743,2019.07.14,4.9,0.6,15.6,25.9,20.75,17.6
744,2019.07.15,3.6,0.8,17.6,23.8,20.700000000000003,18.0
745,2019.07.16,4.5,0.0,18.0,26.1,22.05,14.7
746,2019.07.17,4.9,0.0,14.7,24.6,19.65,18.8
747,2019.07.18,3.8,1.0,18.8,27.8,23.3,20.2
748,2019.07.19,3.5,2.4,20.2,28.5,24.35,20.8
749,2019.07.20,4.3,0.0,20.8,30.2,25.5,22.0
750,2019.07.21,5.2,0.6,22.0,32.0,27.0,21.1
751,2019.07.22,5.7,0.0,21.1,28.6,24.85,21.2
752,2019.07.23,4.6,0.0,21.2,27.8,24.5,19.9
753,2019.07.24,3.4,0.0,19.9,29.8,24.85,21.6
754,2019.07.25,2.6,0.0,21.6,30.1,25.85,22.6
755,2019.07.26,3.1,0.1,22.6,32.5,27.55,21.8
756,2019.07.27,3.8,12.9,21.8,30.2,26.0,20.7
757,2019.07.28,5.0,5.4,20.7,32.2,26.450000000000003,20.7
758,2019.07.29,4.3,4.3,20.7,29.3,25.0,20.8
759,2019.07.30,5.5,0.0,20.8,30.5,25.65,22.6
760,2019.07.31,4.6,0.0,22.6,28.7,25.65,21.8
761,2019.08.01,4.4,0.9,21.8,30.6,26.200000000000003,21.8
762,2019.08.02,4.3,0.0,21.8,27.9,24.85,18.2
763,2019.08.03,5.6,37.4,18.2,25.8,22.0,17.5
764,2019.08.04,3.0,0.0,17.5,26.9,22.2,19.7
765,2019.08.05,4.2,0.5,19.7,27.2,23.45,20.5
766,2019.08.06,3.0,0.4,20.5,31.2,25.85,22.6
767,2019.08.07,6.0,1.5,22.6,31.7,27.15,20.7
768,2019.08.08,5.9,0.0,20.7,28.8,24.75,22.0
769,2019.08.09,4.1,0.1,22.0,30.7,26.35,23.1
770,2019.08.10,3.2,0.0,23.1,33.4,28.25,23.7
771,2019.08.11,4.7,0.0,23.7,33.6,28.65,24.8
772,2019.08.12,3.7,0.0,24.8,36.2,30.5,20.3
773,2019.08.13,7.2,3.7,20.3,28.0,24.15,17.4
774,2019.08.14,4.6,12.0,17.4,23.0,20.2,16.8
775,2019.08.15,2.5,0.0,16.8,24.2,20.5,19.1
776,2019.08.16,4.3,1.1,19.1,25.4,22.25,17.9
777,2019.08.17,3.1,0.0,17.9,27.4,22.65,20.0
778,2019.08.18,4.2,0.0,20.0,29.7,24.85,21.7
779,2019.08.19,3.3,0.0,21.7,32.3,27.0,23.3
780,2019.08.20,3.0,0.0,23.3,33.6,28.450000000000003,22.5
781,2019.08.21,5.5,0.5,22.5,30.2,26.35,19.4
782,2019.08.22,3.1,2.3,19.4,27.7,23.549999999999997,21.6
783,2019.08.23,2.2,0.0,21.6,30.5,26.05,23.4
784,2019.08.24,4.0,0.0,23.4,32.1,27.75,23.7
785,2019.08.25,3.3,1.5,23.7,32.0,27.85,24.3
786,2019.08.26,4.0,1.3,24.3,31.5,27.9,24.4
787,2019.08.27,3.9,0.9,24.4,31.5,27.95,24.7
788,2019.08.28,3.2,0.0,24.7,33.4,29.049999999999997,25.4
789,2019.08.29,2.9,0.0,25.4,33.1,29.25,24.7
790,2019.08.30,2.6,0.0,24.7,34.7,29.700000000000003,25.0
791,2019.08.31,3.9,0.1,25.0,33.1,29.05,24.8
792,2019.09.01,3.7,0.0,24.8,32.3,28.549999999999997,22.2
793,2019.09.02,4.7,0.0,22.2,32.6,27.4,16.1
794,2019.09.03,6.8,2.2,16.1,21.9,19.0,15.9
795,2019.09.04,1.9,0.0,15.9,25.6,20.75,18.6
796,2019.09.05,2.0,0.0,18.6,26.5,22.55,17.3
797,2019.09.06,4.0,0.0,17.3,26.3,21.8,18.2
798,2019.09.07,3.0,2.4,18.2,20.5,19.35,17.6
799,2019.09.08,2.6,5.3,17.6,23.0,20.3,15.0
800,2019.09.09,5.6,20.3,15.0,21.8,18.4,14.7
801,2019.09.10,3.2,0.0,14.7,22.7,18.7,16.7
802,2019.09.11,2.0,0.0,16.7,26.1,21.4,19.7
803,2019.09.12,5.4,0.0,19.7,25.5,22.6,16.3
804,2019.09.13,4.3,0.0,16.3,25.4,20.85,18.4
805,2019.09.14,4.4,0.0,18.4,25.6,22.0,15.7
806,2019.09.15,3.2,0.0,15.7,23.8,19.75,17.5
807,2019.09.16,3.5,0.0,17.5,26.7,22.1,16.7
808,2019.09.17,6.1,0.0,16.7,22.0,19.35,11.2
809,2019.09.18,8.4,0.0,11.2,17.2,14.2,10.4
810,2019.09.19,4.8,0.0,10.4,17.1,13.75,9.8
811,2019.09.20,3.5,0.0,9.8,18.8,14.3,12.4
812,2019.09.21,2.0,0.0,12.4,19.5,15.95,13.1
813,2019.09.22,4.2,0.0,13.1,22.5,17.8,13.7
814,2019.09.23,4.7,0.0,13.7,17.7,15.7,14.2
815,2019.09.24,2.1,0.0,14.2,20.4,17.299999999999997,14.9
816,2019.09.25,3.3,1.3,14.9,20.2,17.55,14.5
817,2019.09.26,5.2,1.9,14.5,21.1,17.8,14.7
818,2019.09.27,2.8,0.0,14.7,23.0,18.85,16.4
819,2019.09.28,3.6,0.7,16.4,17.5,16.95,14.7
820,2019.09.29,4.4,0.0,14.7,22.6,18.65,15.9
821,2019.09.30,10.7,0.0,15.9,24.0,19.95,13.4
822,2019.10.01,4.7,0.0,13.4,22.7,18.05,15.9
823,2019.10.02,5.5,2.5,15.9,23.1,19.5,10.2
824,2019.10.03,9.1,0.3,10.2,15.2,12.7,8.1
825,2019.10.04,3.5,0.0,8.1,16.2,12.149999999999999,10.3
826,2019.10.05,7.3,4.1,10.3,13.1,11.7,8.9
827,2019.10.06,7.1,0.3,8.9,14.6,11.75,8.2
828,2019.10.07,3.4,0.0,8.2,12.1,10.149999999999999,7.2
829,2019.10.08,4.3,0.0,7.2,13.9,10.55,10.3
830,2019.10.09,7.9,0.0,10.3,19.2,14.75,11.1
831,2019.10.10,6.8,2.2,11.1,15.4,13.25,9.4
832,2019.10.11,4.2,0.0,9.4,17.3,13.350000000000001,11.1
833,2019.10.12,3.1,0.0,11.1,20.6,15.850000000000001,13.3
834,2019.10.13,2.2,0.0,13.3,20.6,16.950000000000003,14.6
835,2019.10.14,3.2,0.0,14.6,21.4,18.0,14.8
836,2019.10.15,3.6,0.0,14.8,22.7,18.75,14.1
837,2019.10.16,3.1,0.0,14.1,17.3,15.7,13.8
838,2019.10.17,1.6,0.0,13.8,21.5,17.65,14.5
839,2019.10.18,3.1,0.0,14.5,21.0,17.75,13.4
840,2019.10.19,5.5,0.0,13.4,21.6,17.5,15.0
841,2019.10.20,5.1,0.0,15.0,22.8,18.9,15.6
842,2019.10.21,3.7,0.0,15.6,23.6,19.6,15.7
843,2019.10.22,1.5,0.0,15.7,23.0,19.35,16.2
844,2019.10.23,2.7,0.0,16.2,23.3,19.75,14.8
845,2019.10.24,2.8,0.0,14.8,22.1,18.450000000000003,14.7
846,2019.10.25,2.3,0.0,14.7,21.9,18.299999999999997,13.7
847,2019.10.26,1.7,0.0,13.7,19.7,16.7,13.6
848,2019.10.27,1.2,0.0,13.6,20.4,17.0,12.3
849,2019.10.28,4.0,0.0,12.3,17.2,14.75,9.3
850,2019.10.29,2.4,9.8,9.3,11.4,10.350000000000001,7.5
851,2019.10.30,3.1,0.0,7.5,11.5,9.5,5.6
852,2019.10.31,1.5,0.0,5.6,10.1,7.85,5.3
853,2019.11.01,3.5,0.0,5.3,9.7,7.5,6.3
854,2019.11.02,4.8,0.0,6.3,11.1,8.7,9.8
855,2019.11.03,6.6,0.4,9.8,16.4,13.1,9.9
856,2019.11.04,5.3,9.6,9.9,15.7,12.8,9.2
857,2019.11.05,6.6,12.3,9.2,16.3,12.75,9.7
858,2019.11.06,4.3,5.1,9.7,12.7,11.2,9.6
859,2019.11.07,2.2,8.2,9.6,13.9,11.75,8.5
860,2019.11.08,4.3,0.0,8.5,13.5,11.0,10.5
861,2019.11.09,3.1,0.0,10.5,15.1,12.8,7.4
862,2019.11.10,4.2,1.3,7.4,10.1,8.75,5.5
863,2019.11.11,6.1,0.0,5.5,10.2,7.85,7.0
864,2019.11.12,3.5,1.9,7.0,10.2,8.6,10.4
865,2019.11.13,7.7,14.9,10.4,16.4,13.399999999999999,6.4
866,2019.11.14,3.9,0.3,6.4,11.4,8.9,8.4
867,2019.11.15,3.8,0.0,8.4,14.5,11.45,10.3
868,2019.11.16,4.0,0.0,10.3,16.3,13.3,10.2
869,2019.11.17,4.6,0.0,10.2,13.8,12.0,9.6
870,2019.11.18,5.0,0.2,9.6,14.1,11.85,8.1
871,2019.11.19,3.5,0.0,8.1,11.6,9.85,9.3
872,2019.11.20,4.9,4.3,9.3,10.9,10.100000000000001,9.5
873,2019.11.21,4.0,5.3,9.5,11.5,10.5,8.4
874,2019.11.22,5.1,1.3,8.4,11.8,10.100000000000001,4.6
875,2019.11.23,5.3,0.0,4.6,9.0,6.8,5.7
876,2019.11.24,4.5,0.0,5.7,9.8,7.75,5.7
877,2019.11.25,1.8,0.0,5.7,10.6,8.15,6.6
878,2019.11.26,1.2,0.0,6.6,10.2,8.399999999999999,5.4
879,2019.11.27,5.0,2.6,5.4,9.7,7.55,9.0
880,2019.11.28,2.6,7.5,9.0,10.3,9.65,7.4
881,2019.11.29,3.8,0.0,7.4,11.0,9.2,1.6
882,2019.11.30,7.4,0.0,1.6,5.5,3.55,0.7
883,2019.12.01,4.7,0.0,0.7,4.2,2.45,0.2
884,2019.12.02,4.7,6.7,0.2,1.8,1.0,-1.6
885,2019.12.03,4.1,0.0,-1.6,1.0,-0.30000000000000004,-3.5
886,2019.12.04,2.0,0.0,-3.5,-0.7,-2.1,-2.6
887,2019.12.05,2.4,0.0,-2.6,-0.2,-1.4000000000000001,-2.8
888,2019.12.06,1.6,0.0,-2.8,0.2,-1.2999999999999998,-1.6
889,2019.12.07,2.6,0.0,-1.6,2.8,0.5999999999999999,1.6
890,2019.12.08,2.1,0.0,1.6,6.3,3.95,4.2
891,2019.12.09,3.3,3.3,4.2,6.2,5.2,1.2
892,2019.12.10,8.3,4.9,1.2,5.7,3.45,-0.4
893,2019.12.11,2.6,0.0,-0.4,2.4,1.0,1.0
894,2019.12.12,2.9,4.7,1.0,3.5,2.25,3.3
895,2019.12.13,4.5,5.0,3.3,5.0,4.15,3.7
896,2019.12.14,4.2,1.6,3.7,4.7,4.2,2.5
897,2019.12.15,3.4,0.0,2.5,7.4,4.95,4.6
898,2019.12.16,3.8,0.0,4.6,9.2,6.8999999999999995,7.2
899,2019.12.17,6.7,0.0,7.2,14.1,10.65,7.6
900,2019.12.18,3.9,0.0,7.6,12.0,9.8,6.3
901,2019.12.19,2.3,0.0,6.3,8.9,7.6,5.2
902,2019.12.20,6.1,0.0,5.2,10.1,7.65,9.6
903,2019.12.21,6.3,4.5,9.6,10.9,10.25,6.2
904,2019.12.22,6.3,17.2,6.2,9.3,7.75,7.0
905,2019.12.23,9.9,4.9,7.0,7.6,7.3,5.4
906,2019.12.24,9.4,0.0,5.4,7.8,6.6,4.6
907,2019.12.25,6.2,3.1,4.6,8.3,6.45,3.2
908,2019.12.26,6.0,0.0,3.2,6.4,4.800000000000001,1.6
909,2019.12.27,4.9,0.0,1.6,4.6,3.0999999999999996,-0.1
910,2019.12.28,7.2,0.0,-0.1,3.0,1.45,-1.1
911,2019.12.29,3.2,0.0,-1.1,1.0,-0.050000000000000044,-1.5
912,2019.12.30,2.3,0.0,-1.5,1.1,-0.19999999999999996,-0.6
913,2019.12.31,5.1,0.0,-0.6,4.4,1.9000000000000001,0.2
914,2020.01.01,4.5,0.0,0.2,3.0,1.6,-0.5
915,2020.01.02,1.6,0.0,-0.5,3.3,1.4,-0.7
916,2020.01.03,1.6,0.0,-0.7,2.4,0.85,1.1
917,2020.01.04,7.4,0.0,1.1,6.7,3.9000000000000004,-0.7
918,2020.01.05,7.9,0.1,-0.7,3.5,1.4,-1.0
919,2020.01.06,1.7,0.0,-1.0,1.0,0.0,-1.3
920,2020.01.07,1.5,0.0,-1.3,1.7,0.19999999999999996,-1.2
921,2020.01.08,1.2,0.0,-1.2,1.1,-0.04999999999999993,-1.0
922,2020.01.09,1.8,0.0,-1.0,1.3,0.15000000000000002,-0.7
923,2020.01.10,2.6,0.0,-0.7,1.5,0.4,0.2
924,2020.01.11,4.8,0.0,0.2,6.5,3.35,0.8
925,2020.01.12,1.4,0.0,0.8,4.2,2.5,-0.3
926,2020.01.13,1.9,0.0,-0.3,2.7,1.2000000000000002,-0.5
927,2020.01.14,2.1,0.0,-0.5,2.9,1.2,-0.4
928,2020.01.15,2.3,0.0,-0.4,3.1,1.35,-0.1
929,2020.01.16,1.4,0.0,-0.1,3.0,1.45,-0.3
930,2020.01.17,2.2,0.0,-0.3,2.5,1.1,-0.8
931,2020.01.18,2.3,0.0,-0.8,1.7,0.44999999999999996,0.1
932,2020.01.19,2.5,0.1,0.1,2.8,1.45,-0.1
933,2020.01.20,2.6,0.0,-0.1,4.4,2.1500000000000004,-0.5
934,2020.01.21,1.5,0.0,-0.5,3.6,1.55,-0.9
935,2020.01.22,4.7,0.0,-0.9,2.8,0.95,-0.6
936,2020.01.23,4.6,0.0,-0.6,3.4,1.4,-1.6
937,2020.01.24,1.9,0.0,-1.6,1.7,0.04999999999999993,-0.9
938,2020.01.25,1.6,0.9,-0.9,1.6,0.35000000000000003,0.3
939,2020.01.26,1.9,0.4,0.3,1.2,0.75,1.5
940,2020.01.27,2.0,0.0,1.5,5.7,3.6,0.3
941,2020.01.28,3.6,6.8,0.3,4.7,2.5,1.5
942,2020.01.29,6.8,0.1,1.5,5.3,3.4,0.3
943,2020.01.30,6.7,0.4,0.3,4.5,2.4,1.5
944,2020.01.31,7.1,0.7,1.5,11.0,6.25,5.5
945,2020.02.01,3.3,0.0,5.5,10.6,8.05,8.6
946,2020.02.02,8.4,0.4,8.6,12.8,10.7,7.3
947,2020.02.03,7.6,5.0,7.3,10.8,9.05,3.0
948,2020.02.04,12.6,9.8,3.0,7.4,5.2,0.9
949,2020.02.05,11.2,0.0,0.9,7.0,3.95,-0.1
950,2020.02.06,7.3,0.0,-0.1,4.3,2.1,1.2
951,2020.02.07,5.3,0.0,1.2,6.8,4.0,-0.8
952,2020.02.08,3.7,0.0,-0.8,4.1,1.65,-0.6
953,2020.02.09,2.9,0.0,-0.6,5.3,2.35,3.5
954,2020.02.10,8.6,0.4,3.5,12.0,7.75,4.4
955,2020.02.11,11.0,2.1,4.4,7.9,6.15,2.2
956,2020.02.12,7.3,0.0,2.2,6.4,4.300000000000001,1.4
957,2020.02.13,6.3,1.0,1.4,7.4,4.4,4.9
958,2020.02.14,6.7,4.3,4.9,8.0,6.45,2.5
959,2020.02.15,3.4,0.0,2.5,8.2,5.35,2.0
960,2020.02.16,3.6,0.0,2.0,9.1,5.55,3.6
961,2020.02.17,2.6,0.0,3.6,11.0,7.3,6.0
962,2020.02.18,6.1,0.4,6.0,10.8,8.4,3.1
963,2020.02.19,6.0,0.2,3.1,7.8,5.45,2.2
964,2020.02.20,5.8,0.0,2.2,6.8,4.5,2.6
965,2020.02.21,8.8,0.4,2.6,7.8,5.2,1.6
966,2020.02.22,4.9,0.0,1.6,8.6,5.1,5.0
967,2020.02.23,8.5,0.4,5.0,10.8,7.9,5.0
968,2020.02.24,9.6,1.9,5.0,12.3,8.65,4.2
969,2020.02.25,5.5,1.9,4.2,14.4,9.3,4.7
970,2020.02.26,7.7,7.1,4.7,8.9,6.800000000000001,2.6
971,2020.02.27,7.8,0.0,2.6,6.8,4.7,2.1
972,2020.02.28,11.9,3.7,2.1,7.1,4.6,1.4
973,2020.02.29,6.6,0.0,1.4,8.9,5.15,6.5
974,2020.03.01,6.2,5.6,6.5,9.6,8.05,7.5
975,2020.03.02,6.6,12.9,7.5,12.4,9.95,6.1
976,2020.03.03,4.7,4.3,6.1,10.5,8.3,5.1
977,2020.03.04,6.4,0.0,5.1,8.9,7.0,2.9
978,2020.03.05,4.0,0.0,2.9,9.8,6.3500000000000005,3.8
979,2020.03.06,4.8,11.8,3.8,5.6,4.699999999999999,4.9
980,2020.03.07,6.8,1.2,4.9,9.3,7.1000000000000005,2.5
981,2020.03.08,4.5,0.0,2.5,9.0,5.75,3.4
982,2020.03.09,2.6,0.0,3.4,10.0,6.7,4.4
983,2020.03.10,4.6,0.0,4.4,11.3,7.8500000000000005,6.8
984,2020.03.11,4.8,1.5,6.8,14.6,10.7,9.5
985,2020.03.12,5.3,0.0,9.5,16.7,13.1,7.2
986,2020.03.13,7.6,0.4,7.2,13.1,10.15,4.8
987,2020.03.14,5.8,0.0,4.8,9.7,7.25,2.1
988,2020.03.15,4.1,0.0,2.1,8.9,5.5,2.5
989,2020.03.16,6.1,0.0,2.5,10.6,6.55,4.1
990,2020.03.17,1.5,0.0,4.1,13.1,8.6,7.8
991,2020.03.18,1.7,0.0,7.8,15.5,11.65,8.9
992,2020.03.19,2.2,0.0,8.9,17.2,13.05,10.5
993,2020.03.20,2.8,0.0,10.5,17.6,14.05,4.8
994,2020.03.21,6.9,2.9,4.8,15.4,10.1,1.4
995,2020.03.22,4.8,1.0,1.4,5.8,3.5999999999999996,0.0
996,2020.03.23,9.3,1.1,0.0,3.7,1.85,0.1
997,2020.03.24,7.7,0.0,0.1,6.2,3.15,0.5
998,2020.03.25,6.2,0.0,0.5,5.0,2.75,3.0
999,2020.03.26,5.4,0.0,3.0,11.9,7.45,6.2
1000,2020.03.27,3.6,0.0,6.2,14.4,10.3,8.0
1001,2020.03.28,2.7,0.0,8.0,16.4,12.2,8.8
1002,2020.03.29,5.7,0.0,8.8,15.8,12.3,2.0
1003,2020.03.30,4.2,1.4,2.0,8.1,5.05,1.6
1004,2020.03.31,2.8,0.0,1.6,8.3,4.95,3.1
1005,2020.04.01,1.9,0.0,3.1,10.0,6.55,3.2
1006,2020.04.02,2.8,0.0,3.2,11.1,7.15,4.2
1007,2020.04.03,4.1,0.0,4.2,13.8,9.0,6.6
1008,2020.04.04,3.8,0.0,6.6,15.0,10.8,7.9
1009,2020.04.05,4.6,0.0,7.9,15.9,11.9,8.0
1010,2020.04.06,3.8,0.0,8.0,15.6,11.8,8.2
1011,2020.04.07,1.9,0.0,8.2,17.0,12.6,9.8
1012,2020.04.08,1.4,0.0,9.8,19.2,14.5,11.3
1013,2020.04.09,3.9,0.0,11.3,20.5,15.9,12.5
1014,2020.04.10,4.7,0.0,12.5,18.8,15.65,10.6
1015,2020.04.11,2.5,0.0,10.6,18.9,14.75,10.8
1016,2020.04.12,3.4,0.0,10.8,17.9,14.35,11.9
1017,2020.04.13,6.1,0.3,11.9,21.1,16.5,7.2
1018,2020.04.14,6.9,0.2,7.2,10.9,9.05,5.3
1019,2020.04.15,5.0,0.0,5.3,13.6,9.45,8.1
1020,2020.04.16,4.1,0.0,8.1,19.5,13.8,11.4
1021,2020.04.17,5.4,0.0,11.4,21.4,16.4,12.7
1022,2020.04.18,3.0,1.0,12.7,20.5,16.6,12.4
1023,2020.04.19,5.1,11.4,12.4,17.0,14.7,8.4
1024,2020.04.20,5.5,0.0,8.4,15.4,11.9,7.8
1025,2020.04.21,6.0,0.0,7.8,16.2,12.0,8.4
1026,2020.04.22,4.1,0.0,8.4,17.2,12.8,9.6
1027,2020.04.23,2.8,0.0,9.6,18.5,14.05,11.4
1028,2020.04.24,4.7,0.0,11.4,18.9,15.149999999999999,12.3
1029,2020.04.25,8.5,0.4,12.3,18.4,15.35,9.2
1030,2020.04.26,3.2,0.0,9.2,18.3,13.75,10.9
1031,2020.04.27,3.9,0.0,10.9,18.8,14.850000000000001,12.1
1032,2020.04.28,5.3,2.5,12.1,22.2,17.15,14.2
1033,2020.04.29,5.6,3.1,14.2,18.4,16.299999999999997,12.1
1034,2020.04.30,6.3,0.5,12.1,21.0,16.55,14.1
1035,2020.05.01,4.8,1.1,14.1,19.1,16.6,12.3
1036,2020.05.02,6.0,0.0,12.3,19.4,15.85,10.9
1037,2020.05.03,7.9,0.0,10.9,17.8,14.350000000000001,10.0
1038,2020.05.04,4.1,0.1,10.0,19.5,14.75,12.0
1039,2020.05.05,7.4,4.8,12.0,17.5,14.75,8.0
1040,2020.05.06,8.5,0.0,8.0,15.6,11.8,9.4
1041,2020.05.07,8.0,0.0,9.4,16.3,12.850000000000001,9.7
1042,2020.05.08,2.6,0.0,9.7,21.8,15.75,14.1
1043,2020.05.09,3.4,0.0,14.1,23.1,18.6,15.8
1044,2020.05.10,4.2,0.0,15.8,24.0,19.9,15.8
1045,2020.05.11,8.3,0.0,15.8,24.6,20.200000000000003,8.4
1046,2020.05.12,7.9,0.0,8.4,15.5,11.95,7.3
1047,2020.05.13,3.5,1.0,7.3,11.2,9.25,11.3
1048,2020.05.14,4.7,0.6,11.3,22.4,16.85,11.1
1049,2020.05.15,7.6,4.1,11.1,19.4,15.25,9.1
1050,2020.05.16,3.1,0.0,9.1,19.9,14.5,12.8
1051,2020.05.17,3.5,6.3,12.8,20.9,16.85,13.7
1052,2020.05.18,2.4,0.0,13.7,24.3,19.0,16.7
1053,2020.05.19,4.0,0.1,16.7,25.1,20.9,15.7
1054,2020.05.20,3.7,9.7,15.7,19.7,17.7,13.2
1055,2020.05.21,4.9,0.0,13.2,20.0,16.6,11.0
1056,2020.05.22,4.1,0.0,11.0,19.1,15.05,13.0
1057,2020.05.23,3.1,1.5,13.0,16.8,14.9,12.0
1058,2020.05.24,9.9,2.7,12.0,19.9,15.95,12.0
1059,2020.05.25,7.1,0.2,12.0,17.9,14.95,10.5
1060,2020.05.26,4.8,2.0,10.5,20.4,15.45,12.1
1061,2020.05.27,3.9,1.2,12.1,21.8,16.95,13.1
1062,2020.05.28,6.1,0.3,13.1,20.9,17.0,12.5
1063,2020.05.29,4.8,1.2,12.5,20.4,16.45,12.5
1064,2020.05.30,3.9,5.1,12.5,19.7,16.1,10.7
1065,2020.05.31,8.3,0.0,10.7,13.4,12.05,12.1
1066,2020.06.01,4.3,1.5,12.1,22.4,17.25,13.5
1067,2020.06.02,4.8,0.2,13.5,19.9,16.7,11.7
1068,2020.06.03,3.9,1.3,11.7,21.8,16.75,14.6
1069,2020.06.04,7.9,1.3,14.6,24.5,19.55,16.6
1070,2020.06.05,7.6,9.1,16.6,23.3,19.950000000000003,14.8
1071,2020.06.06,3.4,1.9,14.8,25.9,20.35,19.3
1072,2020.06.07,4.5,12.1,19.3,27.0,23.15,15.4
1073,2020.06.08,4.2,3.1,15.4,23.6,19.5,15.9
1074,2020.06.09,2.1,1.6,15.9,26.1,21.0,18.7
1075,2020.06.10,3.3,8.2,18.7,25.1,21.9,18.4
1076,2020.06.11,3.0,2.4,18.4,25.3,21.85,16.5
1077,2020.06.12,2.2,0.4,16.5,26.5,21.5,19.1
1078,2020.06.13,2.3,1.2,19.1,30.2,24.65,22.2
1079,2020.06.14,3.2,17.6,22.2,28.3,25.25,18.1
1080,2020.06.15,3.3,19.0,18.1,23.6,20.85,18.0
1081,2020.06.16,4.1,19.3,18.0,21.3,19.65,18.9
1082,2020.06.17,3.8,9.9,18.9,23.1,21.0,18.6
1083,2020.06.18,5.5,10.2,18.6,22.5,20.55,16.8
1084,2020.06.19,7.9,0.0,16.8,24.0,20.4,16.6
1085,2020.06.20,7.6,0.0,16.6,20.3,18.450000000000003,15.1
1086,2020.06.21,6.8,2.8,15.1,21.2,18.15,17.1
1087,2020.06.22,5.8,0.8,17.1,22.8,19.950000000000003,18.8
1088,2020.06.23,4.4,0.0,18.8,26.2,22.5,15.8
1089,2020.06.24,3.7,0.0,15.8,25.1,20.450000000000003,18.2
1090,2020.06.25,3.3,0.0,18.2,27.5,22.85,20.3
1091,2020.06.26,6.2,3.6,20.3,29.7,25.0,20.7
1092,2020.06.27,4.4,2.3,20.7,30.4,25.549999999999997,22.9
1093,2020.06.28,3.5,0.0,22.9,33.0,27.95,19.1
1094,2020.06.29,9.6,2.3,19.1,32.0,25.55,18.0
1095,2020.06.30,4.8,0.0,18.0,27.6,22.8,20.7
1096,2020.07.01,4.1,0.0,20.7,30.5,25.6,23.1
1097,2020.07.02,3.1,3.9,23.1,31.8,27.450000000000003,21.4
1098,2020.07.03,7.0,6.4,21.4,25.2,23.299999999999997,20.4
1099,2020.07.04,3.5,1.2,20.4,28.1,24.25,19.3
1100,2020.07.05,4.1,0.0,19.3,29.3,24.3,21.9
1101,2020.07.06,7.6,0.0,21.9,29.8,25.85,15.8
1102,2020.07.07,9.1,1.3,15.8,23.1,19.450000000000003,16.2
1103,2020.07.08,3.5,0.0,16.2,26.5,21.35,19.4
1104,2020.07.09,3.7,0.0,19.4,26.7,23.049999999999997,20.7
1105,2020.07.10,4.8,0.0,20.7,31.8,26.25,18.1
1106,2020.07.11,6.3,3.5,18.1,31.2,24.65,16.2
1107,2020.07.12,5.2,4.0,16.2,22.6,19.4,17.1
1108,2020.07.13,3.2,0.3,17.1,23.8,20.450000000000003,17.4
1109,2020.07.14,2.2,0.0,17.4,24.6,21.0,18.1
1110,2020.07.15,3.4,0.0,18.1,26.0,22.05,18.6
1111,2020.07.16,5.0,0.0,18.6,24.6,21.6,16.4
1112,2020.07.17,4.7,0.8,16.4,23.1,19.75,17.1
1113,2020.07.18,2.6,2.1,17.1,21.2,19.15,16.4
1114,2020.07.19,2.2,3.2,16.4,27.4,21.9,18.4
1115,2020.07.20,4.1,0.0,18.4,28.9,23.65,21.0
1116,2020.07.21,3.8,0.4,21.0,30.2,25.6,20.9
1117,2020.07.22,3.9,2.8,20.9,28.2,24.549999999999997,22.6
1118,2020.07.23,3.8,0.0,22.6,29.5,26.05,21.2
1119,2020.07.24,4.8,7.3,21.2,29.8,25.5,20.2
1120,2020.07.25,4.1,5.7,20.2,27.3,23.75,19.4
1121,2020.07.26,4.1,0.0,19.4,29.2,24.299999999999997,20.9
1122,2020.07.27,4.2,0.0,20.9,29.7,25.299999999999997,22.6
1123,2020.07.28,4.4,0.0,22.6,32.9,27.75,23.8
1124,2020.07.29,5.0,0.0,23.8,30.5,27.15,24.0
1125,2020.07.30,3.2,0.0,24.0,32.8,28.4,24.6
1126,2020.07.31,4.6,0.0,24.6,31.4,28.0,21.2
1127,2020.08.01,3.9,0.0,21.2,28.8,25.0,20.5
1128,2020.08.02,4.3,0.0,20.5,29.8,25.15,21.7
1129,2020.08.03,5.2,0.5,21.7,31.5,26.6,20.6
1130,2020.08.04,5.4,4.3,20.6,29.6,25.1,20.6
1131,2020.08.05,3.1,3.4,20.6,25.0,22.8,20.5
1132,2020.08.06,4.7,1.3,20.5,29.7,25.1,22.7
1133,2020.08.07,5.8,0.0,22.7,31.5,27.1,24.2
1134,2020.08.08,3.8,0.0,24.2,32.9,28.549999999999997,24.8
1135,2020.08.09,3.1,0.0,24.8,33.0,28.9,25.3
1136,2020.08.10,2.8,1.5,25.3,33.0,29.15,23.5
1137,2020.08.11,3.8,1.4,23.5,33.1,28.3,24.1
1138,2020.08.12,4.0,0.0,24.1,32.1,28.1,22.6
1139,2020.08.13,3.2,0.0,22.6,31.3,26.950000000000003,24.6
1140,2020.08.14,3.3,0.0,24.6,31.0,27.8,23.0
1141,2020.08.15,2.6,1.1,23.0,28.9,25.95,20.5
1142,2020.08.16,3.4,25.9,20.5,26.0,23.25,21.8
1143,2020.08.17,3.9,4.4,21.8,30.9,26.35,22.1
1144,2020.08.18,4.3,6.6,22.1,27.4,24.75,21.2
1145,2020.08.19,4.5,1.1,21.2,27.8,24.5,20.0
1146,2020.08.20,3.6,0.0,20.0,30.1,25.05,22.3
1147,2020.08.21,2.7,0.0,22.3,31.6,26.950000000000003,23.2
1148,2020.08.22,2.1,0.0,23.2,32.9,28.049999999999997,21.6
1149,2020.08.23,4.9,3.7,21.6,28.7,25.15,22.0
1150,2020.08.24,4.0,0.0,22.0,28.9,25.45,21.0
1151,2020.08.25,4.6,0.0,21.0,26.7,23.85,20.4
1152,2020.08.26,5.6,0.0,20.4,30.3,25.35,19.5
1153,2020.08.27,7.7,0.0,19.5,26.1,22.8,19.0
1154,2020.08.28,4.8,0.0,19.0,29.1,24.05,22.1
1155,2020.08.29,6.7,0.0,22.1,32.7,27.400000000000002,23.4
1156,2020.08.30,7.6,0.0,23.4,34.3,28.849999999999998,19.1
1157,2020.08.31,7.0,0.2,19.1,26.2,22.65,15.7
1158,2020.09.01,5.5,16.7,15.7,19.7,17.7,13.9
1159,2020.09.02,5.3,0.0,13.9,24.0,18.95,17.1
1160,2020.09.03,4.1,0.0,17.1,25.1,21.1,16.7
1161,2020.09.04,3.0,0.0,16.7,25.9,21.299999999999997,19.7
1162,2020.09.05,2.4,0.0,19.7,28.9,24.299999999999997,21.0
1163,2020.09.06,2.3,0.0,21.0,30.1,25.55,20.4
1164,2020.09.07,4.9,0.2,20.4,26.5,23.45,17.5
1165,2020.09.08,2.8,0.0,17.5,25.9,21.7,18.5
1166,2020.09.09,2.1,0.0,18.5,28.0,23.25,19.6
1167,2020.09.10,3.0,0.0,19.6,27.7,23.65,19.6
1168,2020.09.11,2.8,0.0,19.6,27.5,23.55,20.5
1169,2020.09.12,3.0,0.0,20.5,29.6,25.05,22.3
1170,2020.09.13,2.7,0.0,22.3,30.2,26.25,22.4
1171,2020.09.14,3.9,0.0,22.4,30.5,26.45,22.8
1172,2020.09.15,3.9,0.0,22.8,30.7,26.75,23.0
1173,2020.09.16,2.7,0.0,23.0,30.5,26.75,19.9
1174,2020.09.17,3.9,0.8,19.9,30.5,25.2,17.2
1175,2020.09.18,3.6,0.0,17.2,23.5,20.35,16.5
1176,2020.09.19,2.6,0.0,16.5,23.1,19.8,16.3
1177,2020.09.20,4.0,0.0,16.3,25.7,21.0,17.8
1178,2020.09.21,4.1,0.0,17.8,26.8,22.3,18.5
1179,2020.09.22,4.7,0.0,18.5,28.1,23.3,19.4
1180,2020.09.23,2.5,1.8,19.4,26.4,22.9,18.9
1181,2020.09.24,2.0,1.0,18.9,24.9,21.9,18.5
1182,2020.09.25,5.6,9.2,18.5,21.6,20.05,11.8
1183,2020.09.26,7.6,10.4,11.8,18.3,15.05,9.5
1184,2020.09.27,6.0,0.0,9.5,16.9,13.2,13.3
1185,2020.09.28,6.0,8.5,13.3,19.6,16.450000000000003,13.4
1186,2020.09.29,6.0,0.2,13.4,17.0,15.2,11.9
1187,2020.09.30,6.9,0.2,11.9,16.0,13.95,13.9
1188,2020.10.01,5.2,6.0,13.9,15.8,14.850000000000001,12.5
1189,2020.10.02,4.3,0.2,12.5,21.6,17.05,16.1
1190,2020.10.03,6.9,0.0,16.1,27.0,21.55,17.6
1191,2020.10.04,6.4,6.0,17.6,22.4,20.0,16.2
1192,2020.10.05,5.7,0.0,16.2,22.8,19.5,14.8
1193,2020.10.06,4.3,0.0,14.8,21.9,18.35,14.5
1194,2020.10.07,6.8,2.5,14.5,15.9,15.2,11.3
1195,2020.10.08,6.6,0.0,11.3,18.1,14.700000000000001,12.1
1196,2020.10.09,2.5,0.0,12.1,18.8,15.45,15.1
1197,2020.10.10,2.3,0.0,15.1,20.6,17.85,12.5
1198,2020.10.11,3.7,1.5,12.5,14.7,13.6,9.6
1199,2020.10.12,4.9,30.1,9.6,13.5,11.55,8.0
1200,2020.10.13,7.9,32.5,8.0,10.1,9.05,7.5
1201,2020.10.14,8.9,8.8,7.5,13.1,10.3,10.3
1202,2020.10.15,4.2,10.4,10.3,12.6,11.45,9.3
1203,2020.10.16,3.8,0.9,9.3,12.8,11.05,8.6
1204,2020.10.17,5.5,0.0,8.6,10.6,9.6,7.9
1205,2020.10.18,6.0,0.0,7.9,12.3,10.100000000000001,8.0
1206,2020.10.19,2.8,0.0,8.0,14.1,11.05,9.6
1207,2020.10.20,4.0,0.0,9.6,14.8,12.2,8.9
1208,2020.10.21,4.2,0.0,8.9,16.6,12.75,10.3
1209,2020.10.22,3.2,0.0,10.3,15.7,13.0,10.8
1210,2020.10.23,1.8,0.0,10.8,16.4,13.6,12.1
1211,2020.10.24,5.6,0.0,12.1,17.9,15.0,12.9
1212,2020.10.25,2.3,4.5,12.9,13.3,13.100000000000001,11.7
1213,2020.10.26,6.6,0.0,11.7,19.0,15.35,12.1
1214,2020.10.27,3.0,0.0,12.1,18.1,15.100000000000001,11.7
1215,2020.10.28,2.1,0.0,11.7,17.6,14.65,11.7
1216,2020.10.29,5.7,0.4,11.7,16.4,14.049999999999999,8.8
1217,2020.10.30,5.5,2.0,8.8,12.6,10.7,12.6
1218,2020.10.31,6.9,0.9,12.6,17.0,14.8,9.1
1219,2020.11.01,2.3,0.6,9.1,13.4,11.25,11.7
1220,2020.11.02,1.8,1.5,11.7,13.6,12.649999999999999,13.2
1221,2020.11.03,1.5,0.0,13.2,17.5,15.35,13.1
1222,2020.11.04,0.9,3.7,13.1,13.8,13.45,9.8
1223,2020.11.05,3.7,8.7,9.8,12.5,11.15,8.1
1224,2020.11.06,1.6,0.0,8.1,12.7,10.399999999999999,8.2
1225,2020.11.07,1.5,0.0,8.2,13.1,10.649999999999999,7.8
1226,2020.11.08,1.4,0.0,7.8,12.8,10.3,7.9
1227,2020.11.09,0.8,0.0,7.9,13.0,10.45,7.9
1228,2020.11.10,1.3,0.0,7.9,12.8,10.350000000000001,7.0
1229,2020.11.11,1.3,0.0,7.0,11.1,9.05,7.9
1230,2020.11.12,3.0,0.0,7.9,9.4,8.65,6.7
1231,2020.11.13,1.1,0.0,6.7,11.3,9.0,6.6
1232,2020.11.14,1.7,0.0,6.6,11.0,8.8,6.3
1233,2020.11.15,2.7,0.0,6.3,11.1,8.7,7.6
1234,2020.11.16,3.3,0.3,7.6,9.1,8.35,6.7
1235,2020.11.17,2.0,0.0,6.7,11.5,9.1,7.0
1236,2020.11.18,1.6,0.0,7.0,11.4,9.2,5.8
1237,2020.11.19,2.5,1.1,5.8,10.7,8.25,3.9
1238,2020.11.20,5.9,0.0,3.9,8.8,6.3500000000000005,1.9
1239,2020.11.21,3.1,0.0,1.9,6.6,4.25,1.6
1240,2020.11.22,2.3,0.0,1.6,5.7,3.6500000000000004,3.1
1241,2020.11.23,2.2,0.0,3.1,6.3,4.7,2.0
1242,2020.11.24,2.2,0.0,2.0,6.6,4.3,1.2
1243,2020.11.25,2.1,0.0,1.2,5.9,3.5500000000000003,1.2
1244,2020.11.26,1.3,0.0,1.2,5.8,3.5,1.8
1245,2020.11.27,0.7,0.0,1.8,5.5,3.65,1.2
1246,2020.11.28,1.8,0.0,1.2,3.4,2.3,1.2
1247,2020.11.29,1.4,0.0,1.2,3.1,2.15,0.0
1248,2020.11.30,1.5,0.0,0.0,2.8,1.4,-0.6
1249,2020.12.01,2.9,0.0,-0.6,2.1,0.75,-0.4
1250,2020.12.02,2.8,0.0,-0.4,2.6,1.1,0.0
1251,2020.12.03,5.7,1.3,0.0,2.8,1.4,2.4
1252,2020.12.04,4.8,0.0,2.4,7.2,4.8,4.5
1253,2020.12.05,3.6,0.0,4.5,10.2,7.35,6.4
1254,2020.12.06,6.6,0.0,6.4,12.2,9.3,6.6
1255,2020.12.07,6.8,10.6,6.6,8.9,7.75,4.1
1256,2020.12.08,5.6,0.0,4.1,7.7,5.9,2.9
1257,2020.12.09,5.2,3.7,2.9,6.1,4.5,4.6
1258,2020.12.10,4.2,7.8,4.6,6.2,5.4,3.3
1259,2020.12.11,2.1,0.0,3.3,6.5,4.9,2.4
1260,2020.12.12,3.0,0.0,2.4,5.5,3.95,2.8
1261,2020.12.13,3.1,0.0,2.8,6.3,4.55,1.7
1262,2020.12.14,2.2,0.0,1.7,5.8,3.75,1.3
1263,2020.12.15,2.5,0.0,1.3,5.1,3.1999999999999997,1.5
1264,2020.12.16,1.4,0.0,1.5,4.1,2.8,1.4
1265,2020.12.17,1.3,0.0,1.4,5.0,3.2,4.4
1266,2020.12.18,1.0,0.0,4.4,5.5,4.95,2.5
1267,2020.12.19,2.1,0.0,2.5,5.0,3.75,1.9
1268,2020.12.20,2.2,0.0,1.9,4.6,3.25,2.1
1269,2020.12.21,2.2,0.0,2.1,4.4,3.25,2.9
1270,2020.12.22,2.1,2.6,2.9,4.7,3.8,5.7
1271,2020.12.23,2.4,0.7,5.7,8.9,7.300000000000001,7.1
1272,2020.12.24,6.0,1.1,7.1,9.7,8.399999999999999,3.4
1273,2020.12.25,6.1,0.0,3.4,6.8,5.1,1.0
1274,2020.12.26,4.1,0.0,1.0,4.0,2.5,-0.1
1275,2020.12.27,4.3,0.1,-0.1,3.6,1.75,3.4
1276,2020.12.28,9.2,4.4,3.4,8.8,6.1000000000000005,5.6
1277,2020.12.29,9.7,1.6,5.6,9.6,7.6,5.7
1278,2020.12.30,4.0,3.3,5.7,6.9,6.300000000000001,4.2
1279,2020.12.31,2.6,0.0,4.2,6.3,5.25,2.2
1280,2021.01.01,2.5,0.0,2.2,4.4,3.3000000000000003,3.2
1281,2021.01.02,3.8,0.0,3.2,5.9,4.550000000000001,3.6
1282,2021.01.03,4.6,0.9,3.6,5.6,4.6,4.4
1283,2021.01.04,2.8,0.2,4.4,6.2,5.300000000000001,3.9
1284,2021.01.05,4.2,0.0,3.9,7.5,5.7,2.7
1285,2021.01.06,3.6,2.1,2.7,5.1,3.9,1.6
1286,2021.01.07,5.3,1.5,1.6,4.6,3.0999999999999996,0.6
1287,2021.01.08,2.4,1.0,0.6,3.6,2.1,-0.2
1288,2021.01.09,2.8,0.0,-0.2,2.6,1.2,-0.1
1289,2021.01.10,2.7,0.0,-0.1,1.8,0.85,-0.5
1290,2021.01.11,2.8,0.0,-0.5,2.4,0.95,-1.6
1291,2021.01.12,2.6,0.0,-1.6,1.7,0.04999999999999993,-0.4
1292,2021.01.13,6.4,1.2,-0.4,1.9,0.75,-1.4
1293,2021.01.14,7.4,1.7,-1.4,0.4,-0.49999999999999994,-1.9
1294,2021.01.15,5.1,0.0,-1.9,0.0,-0.95,-3.7
1295,2021.01.16,5.9,0.0,-3.7,-0.8,-2.25,-4.3
1296,2021.01.17,5.2,0.0,-4.3,-1.5,-2.9,-5.9
1297,2021.01.18,2.6,0.0,-5.9,-2.7,-4.300000000000001,-2.4
1298,2021.01.19,3.4,0.0,-2.4,2.5,0.050000000000000044,0.6
1299,2021.01.20,4.7,0.4,0.6,6.2,3.4,3.0
1300,2021.01.21,5.3,0.0,3.0,9.6,6.3,5.1
1301,2021.01.22,6.3,0.5,5.1,9.7,7.3999999999999995,5.3
1302,2021.01.23,5.6,7.0,5.3,10.4,7.85,2.9
1303,2021.01.24,7.1,1.3,2.9,5.7,4.3,0.8
1304,2021.01.25,7.8,2.1,0.8,3.2,2.0,0.0
1305,2021.01.26,6.0,0.0,0.0,3.1,1.55,0.0
1306,2021.01.27,6.0,0.0,0.0,3.0,1.5,-0.5
1307,2021.01.28,3.8,0.0,-0.5,2.3,0.8999999999999999,1.7
1308,2021.01.29,4.0,2.5,1.7,5.7,3.7,3.8
1309,2021.01.30,6.7,0.0,3.8,9.6,6.699999999999999,-0.3
1310,2021.01.31,5.1,0.9,-0.3,2.8,1.25,0.2
1311,2021.02.01,2.4,0.0,0.2,4.6,2.4,1.4
1312,2021.02.02,2.1,0.0,1.4,6.2,3.8,2.3
1313,2021.02.03,4.6,0.5,2.3,10.0,6.15,6.4
1314,2021.02.04,8.3,0.1,6.4,11.6,9.0,4.9
1315,2021.02.05,2.7,1.8,4.9,6.2,5.550000000000001,5.0
1316,2021.02.06,4.0,0.5,5.0,7.1,6.05,3.0
1317,2021.02.07,4.1,4.5,3.0,9.0,6.0,1.1
1318,2021.02.08,6.1,3.5,1.1,6.6,3.8499999999999996,1.0
1319,2021.02.09,3.1,13.4,1.0,3.4,2.2,2.3
1320,2021.02.10,2.6,10.7,2.3,6.6,4.449999999999999,-7.1
1321,2021.02.11,11.3,0.8,-7.1,3.0,-2.05,-7.1
1322,2021.02.12,6.3,0.0,-7.1,-3.4,-5.25,-7.1
1323,2021.02.13,3.6,0.0,-7.1,-2.6,-4.85,-3.9
1324,2021.02.14,3.4,0.0,-3.9,0.9,-1.5,-4.1
1325,2021.02.15,4.4,0.0,-4.1,0.6,-1.7499999999999998,-1.9
1326,2021.02.16,2.1,0.0,-1.9,1.4,-0.25,-0.1
1327,2021.02.17,5.1,0.2,-0.1,3.2,1.55,1.1
1328,2021.02.18,4.4,0.0,1.1,7.1,4.1,1.1
1329,2021.02.19,2.6,0.0,1.1,3.5,2.3,2.8
1330,2021.02.20,2.3,0.0,2.8,6.4,4.6,2.7
1331,2021.02.21,3.8,0.0,2.7,8.1,5.4,1.5
1332,2021.02.22,3.0,0.0,1.5,10.8,6.15,3.7
1333,2021.02.23,2.1,0.0,3.7,10.7,7.199999999999999,5.5
1334,2021.02.24,1.0,0.0,5.5,13.7,9.6,6.5
1335,2021.02.25,1.6,0.0,6.5,15.0,10.75,7.3
1336,2021.02.26,1.8,0.0,7.3,15.3,11.3,5.5
1337,2021.02.27,7.8,0.0,5.5,10.3,7.9,3.0
1338,2021.02.28,2.4,0.0,3.0,8.6,5.8,3.6
1339,2021.03.01,2.2,0.0,3.6,10.7,7.1499999999999995,4.1
1340,2021.03.02,2.6,0.0,4.1,11.6,7.85,5.3
1341,2021.03.03,2.3,0.0,5.3,13.5,9.4,6.0
1342,2021.03.04,2.5,0.0,6.0,14.4,10.2,3.8
1343,2021.03.05,5.1,0.2,3.8,10.0,6.9,1.4
1344,2021.03.06,3.0,0.4,1.4,6.3,3.8499999999999996,1.4
1345,2021.03.07,3.7,0.0,1.4,7.8,4.6,2.2
1346,2021.03.08,5.4,0.0,2.2,8.0,5.1,1.1
1347,2021.03.09,3.7,0.0,1.1,6.2,3.6500000000000004,2.0
1348,2021.03.10,3.1,0.0,2.0,7.3,4.65,1.7
1349,2021.03.11,5.7,0.0,1.7,8.9,5.3,6.7
1350,2021.03.12,6.0,1.3,6.7,10.9,8.8,5.6
1351,2021.03.13,5.3,0.0,5.6,13.1,9.35,7.4
1352,2021.03.14,5.8,0.9,7.4,10.6,9.0,3.9
1353,2021.03.15,6.0,0.0,3.9,9.6,6.75,3.8
1354,2021.03.16,6.6,0.0,3.8,9.4,6.6,2.4
1355,2021.03.17,5.7,0.0,2.4,10.0,6.2,2.2
1356,2021.03.18,3.4,0.0,2.2,8.4,5.300000000000001,1.1
1357,2021.03.19,2.9,2.7,1.1,7.5,4.3,2.7
1358,2021.03.20,3.5,0.0,2.7,6.5,4.6,0.2
1359,2021.03.21,4.2,0.0,0.2,5.8,3.0,2.2
1360,2021.03.22,5.2,0.1,2.2,6.8,4.5,1.9
1361,2021.03.23,4.3,0.0,1.9,10.5,6.2,2.8
1362,2021.03.24,3.7,0.5,2.8,8.1,5.449999999999999,3.5
1363,2021.03.25,2.1,0.0,3.5,11.1,7.3,5.4
1364,2021.03.26,2.6,0.0,5.4,14.5,9.95,7.7
1365,2021.03.27,7.6,0.0,7.7,16.1,11.9,6.0
1366,2021.03.28,5.4,0.0,6.0,11.8,8.9,7.2
1367,2021.03.29,4.1,0.0,7.2,15.1,11.15,10.4
1368,2021.03.30,1.6,0.0,10.4,13.9,12.15,10.1
1369,2021.03.31,2.2,0.0,10.1,18.6,14.350000000000001,12.0
1370,2021.04.01,3.6,9.2,12.0,20.2,16.1,10.4
1371,2021.04.02,7.5,0.4,10.4,15.1,12.75,5.0
1372,2021.04.03,7.4,4.5,5.0,11.9,8.45,4.6
1373,2021.04.04,3.3,0.2,4.6,11.7,8.149999999999999,5.0
1374,2021.04.05,6.4,0.0,5.0,14.1,9.55,1.1
1375,2021.04.06,7.0,3.3,1.1,6.9,4.0,1.0
1376,2021.04.07,7.6,0.3,1.0,7.2,4.1,0.8
1377,2021.04.08,7.2,1.4,0.8,7.6,4.2,2.6
1378,2021.04.09,5.8,0.0,2.6,13.5,8.05,6.1
1379,2021.04.10,6.2,0.0,6.1,15.7,10.899999999999999,7.9
1380,2021.04.11,5.5,0.0,7.9,16.6,12.25,9.9
1381,2021.04.12,5.8,0.6,9.9,19.3,14.600000000000001,3.7
1382,2021.04.13,4.5,20.8,3.7,6.1,4.9,2.9
1383,2021.04.14,4.0,6.9,2.9,6.3,4.6,2.8
1384,2021.04.15,6.4,0.0,2.8,9.5,6.15,2.0
1385,2021.04.16,4.5,0.0,2.0,8.0,5.0,3.3
1386,2021.04.17,3.1,0.0,3.3,12.6,7.949999999999999,7.5
1387,2021.04.18,2.4,2.9,7.5,10.5,9.0,6.7
1388,2021.04.19,2.8,4.9,6.7,11.4,9.05,5.4
1389,2021.04.20,3.0,0.0,5.4,13.7,9.55,7.2
1390,2021.04.21,4.6,0.1,7.2,17.5,12.35,8.5
1391,2021.04.22,7.1,2.6,8.5,17.1,12.8,6.5
1392,2021.04.23,5.7,0.0,6.5,13.9,10.2,6.2
1393,2021.04.24,3.4,0.0,6.2,15.7,10.95,9.1
1394,2021.04.25,5.5,0.5,9.1,15.3,12.2,6.8
1395,2021.04.26,3.1,0.0,6.8,14.1,10.45,6.3
1396,2021.04.27,5.0,0.2,6.3,12.6,9.45,6.7
1397,2021.04.28,3.5,0.0,6.7,13.9,10.3,10.5
1398,2021.04.29,4.2,2.2,10.5,18.7,14.6,11.1
1399,2021.04.30,3.4,0.3,11.1,18.9,15.0,11.9
1400,2021.05.01,5.1,1.5,11.9,23.0,17.45,8.8
1401,2021.05.02,7.5,13.3,8.8,18.6,13.700000000000001,8.2
1402,2021.05.03,5.1,0.0,8.2,15.0,11.6,8.3
1403,2021.05.04,5.5,0.0,8.3,18.6,13.450000000000001,10.0
1404,2021.05.05,6.9,0.3,10.0,19.3,14.65,7.5
1405,2021.05.06,3.5,0.2,7.5,14.6,11.05,9.6
1406,2021.05.07,4.0,9.4,9.6,14.4,12.0,5.5
1407,2021.05.08,3.9,0.0,5.5,15.3,10.4,8.2
1408,2021.05.09,5.3,0.0,8.2,19.3,13.75,10.9
1409,2021.05.10,5.9,0.0,10.9,24.3,17.6,13.3
1410,2021.05.11,5.4,0.0,13.3,25.0,19.15,14.7
1411,2021.05.12,4.5,0.2,14.7,22.8,18.75,12.1
1412,2021.05.13,5.3,0.1,12.1,14.2,13.149999999999999,10.6
1413,2021.05.14,5.7,0.6,10.6,17.6,14.100000000000001,10.1
1414,2021.05.15,2.7,1.9,10.1,19.3,14.7,13.0
1415,2021.05.16,5.4,1.6,13.0,17.5,15.25,10.7
1416,2021.05.17,6.8,13.2,10.7,13.8,12.25,9.7
1417,2021.05.18,7.3,0.0,9.7,17.9,13.799999999999999,10.2
1418,2021.05.19,3.8,3.7,10.2,13.8,12.0,10.0
1419,2021.05.20,7.2,20.9,10.0,12.0,11.0,9.5
1420,2021.05.21,4.9,0.0,9.5,20.2,14.85,11.6
1421,2021.05.22,5.0,0.5,11.6,15.0,13.3,10.8
1422,2021.05.23,2.7,5.7,10.8,12.5,11.65,9.0
1423,2021.05.24,5.7,0.7,9.0,19.7,14.35,11.6
1424,2021.05.25,6.8,1.5,11.6,15.6,13.6,7.8
1425,2021.05.26,2.5,0.0,7.8,20.6,14.200000000000001,11.4
1426,2021.05.27,4.8,0.0,11.4,19.9,15.649999999999999,11.4
1427,2021.05.28,6.9,0.0,11.4,19.5,15.45,11.6
1428,2021.05.29,6.2,0.0,11.6,19.5,15.55,9.9
1429,2021.05.30,4.5,4.0,9.9,17.8,13.850000000000001,11.3
1430,2021.05.31,3.6,3.4,11.3,18.4,14.85,9.3
1431,2021.06.01,4.2,0.1,9.3,18.2,13.75,11.4
1432,2021.06.02,1.8,0.0,11.4,22.6,17.0,14.5
1433,2021.06.03,3.1,0.0,14.5,23.4,18.95,16.1
1434,2021.06.04,1.9,0.0,16.1,24.7,20.4,16.8
1435,2021.06.05,3.9,0.0,16.8,26.1,21.450000000000003,15.1
1436,2021.06.06,2.5,2.5,15.1,24.2,19.65,16.7
1437,2021.06.07,3.1,0.3,16.7,25.5,21.1,18.9
1438,2021.06.08,2.4,0.3,18.9,26.0,22.45,18.1
1439,2021.06.09,2.9,1.0,18.1,26.6,22.35,17.2
1440,2021.06.10,1.7,2.8,17.2,25.6,21.4,15.7
1441,2021.06.11,2.8,0.0,15.7,24.5,20.1,16.4
1442,2021.06.12,4.2,0.0,16.4,27.0,21.7,14.9
1443,2021.06.13,8.1,0.0,14.9,21.9,18.4,11.1
1444,2021.06.14,3.2,0.0,11.1,21.6,16.35,14.4
1445,2021.06.15,3.5,0.0,14.4,25.2,19.8,17.5
1446,2021.06.16,3.4,0.0,17.5,28.0,22.75,19.5
1447,2021.06.17,3.6,0.0,19.5,29.5,24.5,19.7
1448,2021.06.18,3.4,0.0,19.7,30.4,25.049999999999997,21.5
1449,2021.06.19,3.3,1.7,21.5,32.2,26.85,20.3
1450,2021.06.20,2.0,2.0,20.3,31.3,25.8,21.7
1451,2021.06.21,4.9,0.3,21.7,33.3,27.5,21.5
1452,2021.06.22,4.0,0.7,21.5,33.1,27.3,23.8
1453,2021.06.23,3.8,0.0,23.8,34.8,29.299999999999997,24.2
1454,2021.06.24,4.0,0.0,24.2,35.5,29.85,20.0
1455,2021.06.25,4.8,0.6,20.0,29.7,24.85,19.1
1456,2021.06.26,3.8,0.0,19.1,29.7,24.4,20.3
1457,2021.06.27,2.6,0.0,20.3,30.0,25.15,21.2
1458,2021.06.28,5.0,0.1,21.2,32.9,27.049999999999997,20.3
1459,2021.06.29,4.8,0.0,20.3,34.3,27.299999999999997,20.3
1460,2021.06.30,4.8,0.0,20.3,30.1,25.200000000000003,17.2
1461,2021.07.01,6.3,1.4,17.2,27.1,22.15,15.9
1462,2021.07.02,6.2,0.0,15.9,24.7,20.3,14.8
1463,2021.07.03,4.7,0.0,14.8,27.2,21.0,18.1
1464,2021.07.04,3.6,0.0,18.1,29.2,23.65,18.9
1465,2021.07.05,4.8,0.0,18.9,28.1,23.5,19.8
1466,2021.07.06,2.5,0.0,19.8,32.6,26.200000000000003,22.6
1467,2021.07.07,4.4,0.0,22.6,36.1,29.35,24.5
1468,2021.07.08,5.0,0.4,24.5,38.6,31.55,20.2
1469,2021.07.09,6.5,8.8,20.2,36.3,28.25,17.0
1470,2021.07.10,3.1,0.0,17.0,31.1,24.05,20.5
1471,2021.07.11,4.3,4.9,20.5,32.6,26.55,18.6
1472,2021.07.12,2.7,1.9,18.6,32.6,25.6,21.7
1473,2021.07.13,4.4,0.0,21.7,38.2,29.950000000000003,23.0
1474,2021.07.14,5.1,1.9,23.0,35.7,29.35,21.5
1475,2021.07.15,3.7,0.0,21.5,31.8,26.65,21.2
1476,2021.07.16,5.5,12.2,21.2,34.1,27.65,20.6
1477,2021.07.17,3.5,5.1,20.6,30.5,25.55,19.4
1478,2021.07.18,5.1,6.9,19.4,32.6,26.0,19.7
1479,2021.07.19,3.5,9.6,19.7,25.7,22.7,19.0
1480,2021.07.20,5.5,0.1,19.0,28.5,23.75,15.8
1481,2021.07.21,3.2,0.0,15.8,26.1,20.950000000000003,18.8
1482,2021.07.22,1.8,0.0,18.8,29.0,23.9,19.5
1483,2021.07.23,1.6,0.0,19.5,29.3,24.4,21.3
1484,2021.07.24,3.2,0.0,21.3,32.1,26.700000000000003,21.4
1485,2021.07.25,5.7,0.6,21.4,34.4,27.9,20.8
1486,2021.07.26,4.8,1.8,20.8,33.7,27.25,23.4
1487,2021.07.27,3.3,0.0,23.4,33.1,28.25,25.4
1488,2021.07.28,5.2,0.0,25.4,35.8,30.599999999999998,21.4
1489,2021.07.29,4.2,0.2,21.4,33.2,27.3,24.0
1490,2021.07.30,4.3,0.2,24.0,36.3,30.15,23.0
1491,2021.07.31,5.1,3.3,23.0,30.3,26.65,20.5
1492,2021.08.01,7.8,4.8,20.5,35.5,28.0,16.9
1493,2021.08.02,6.1,0.0,16.9,27.2,22.049999999999997,18.5
1494,2021.08.03,4.0,0.9,18.5,29.6,24.05,20.5
1495,2021.08.04,3.5,0.0,20.5,30.6,25.55,16.9
1496,2021.08.05,4.2,12.8,16.9,24.3,20.6,15.8
1497,2021.08.06,6.8,0.0,15.8,26.7,21.25,19.4
1498,2021.08.07,4.5,0.0,19.4,34.3,26.849999999999998,21.2
1499,2021.08.08,4.4,2.6,21.2,31.0,26.1,18.6
1500,2021.08.09,4.3,0.3,18.6,30.3,24.450000000000003,22.5
1501,2021.08.10,2.9,0.0,22.5,32.7,27.6,23.1
1502,2021.08.11,5.1,0.0,23.1,33.4,28.25,21.4
1503,2021.08.12,4.0,0.0,21.4,31.2,26.299999999999997,21.3
1504,2021.08.13,2.6,0.0,21.3,33.2,27.25,24.1
1505,2021.08.14,4.5,0.1,24.1,35.9,30.0,25.5
1506,2021.08.15,6.7,5.0,25.5,36.4,30.95,23.4
1507,2021.08.16,2.8,1.1,23.4,35.4,29.4,19.1
1508,2021.08.17,7.7,0.3,19.1,22.0,20.55,15.2
1509,2021.08.18,6.0,1.0,15.2,23.5,19.35,16.3
1510,2021.08.19,4.6,0.0,16.3,27.3,21.8,19.2
1511,2021.08.20,2.9,0.0,19.2,29.6,24.4,21.8
1512,2021.08.21,4.1,0.0,21.8,30.1,25.950000000000003,21.6
1513,2021.08.22,3.5,0.0,21.6,32.3,26.95,19.5
1514,2021.08.23,6.1,0.1,19.5,24.0,21.75,17.1
1515,2021.08.24,4.4,0.1,17.1,25.5,21.3,16.9
1516,2021.08.25,2.8,0.0,16.9,20.7,18.799999999999997,15.8
1517,2021.08.26,6.0,0.7,15.8,24.2,20.0,15.5
1518,2021.08.27,4.8,1.4,15.5,20.6,18.05,14.5
1519,2021.08.28,2.6,2.4,14.5,21.5,18.0,14.0
1520,2021.08.29,3.1,9.4,14.0,23.1,18.55,14.4
1521,2021.08.30,3.7,3.4,14.4,22.3,18.35,16.2
1522,2021.08.31,6.4,1.1,16.2,21.6,18.9,14.8
1523,2021.09.01,8.4,0.5,14.8,20.5,17.65,13.1
1524,2021.09.02,3.1,0.0,13.1,24.1,18.6,16.3
1525,2021.09.03,2.8,0.0,16.3,26.4,21.35,17.1
1526,2021.09.04,2.7,0.0,17.1,26.8,21.950000000000003,17.9
1527,2021.09.05,5.3,0.0,17.9,26.3,22.1,15.7
1528,2021.09.06,2.6,0.0,15.7,25.5,20.6,16.9
1529,2021.09.07,2.1,0.0,16.9,26.7,21.799999999999997,17.3
1530,2021.09.08,2.0,0.0,17.3,27.5,22.4,17.5
1531,2021.09.09,3.5,0.0,17.5,27.3,22.4,18.2
1532,2021.09.10,1.9,0.0,18.2,28.1,23.15,18.6
1533,2021.09.11,1.4,0.0,18.6,28.7,23.65,19.6
1534,2021.09.12,2.0,0.0,19.6,29.1,24.35,20.1
1535,2021.09.13,3.2,0.0,20.1,29.3,24.700000000000003,19.7
1536,2021.09.14,2.0,0.0,19.7,29.1,24.4,20.6
1537,2021.09.15,2.3,0.0,20.6,31.2,25.9,21.3
1538,2021.09.16,5.2,0.3,21.3,28.5,24.9,16.8
1539,2021.09.17,7.3,2.8,16.8,22.7,19.75,15.5
1540,2021.09.18,6.3,0.0,15.5,20.8,18.15,14.4
1541,2021.09.19,4.5,0.0,14.4,21.5,17.95,12.3
1542,2021.09.20,3.2,0.0,12.3,18.5,15.4,10.6
1543,2021.09.21,3.8,0.0,10.6,18.1,14.350000000000001,11.9
1544,2021.09.22,6.5,0.3,11.9,15.3,13.600000000000001,10.1
1545,2021.09.23,3.5,0.0,10.1,19.5,14.8,14.4
1546,2021.09.24,6.8,0.0,14.4,20.1,17.25,15.1
1547,2021.09.25,3.6,0.0,15.1,25.8,20.45,17.3
1548,2021.09.26,2.6,0.0,17.3,27.0,22.15,18.4
1549,2021.09.27,3.6,1.5,18.4,22.8,20.6,16.3
1550,2021.09.28,3.1,0.0,16.3,20.5,18.4,15.6
1551,2021.09.29,3.8,0.0,15.6,19.9,17.75,13.1
1552,2021.09.30,3.9,10.1,13.1,15.9,14.5,13.0
1553,2021.10.01,2.9,0.0,13.0,17.1,15.05,13.1
1554,2021.10.02,5.3,0.0,13.1,20.4,16.75,12.5
1555,2021.10.03,5.4,0.0,12.5,22.2,17.35,13.9
1556,2021.10.04,3.3,0.0,13.9,23.8,18.85,15.8
1557,2021.10.05,6.0,0.0,15.8,24.3,20.05,11.9
1558,2021.10.06,4.4,12.7,11.9,16.7,14.3,11.4
1559,2021.10.07,5.2,9.8,11.4,15.6,13.5,10.9
1560,2021.10.08,5.1,0.0,10.9,17.0,13.95,9.4
1561,2021.10.09,4.5,0.0,9.4,15.2,12.3,9.7
1562,2021.10.10,4.5,0.8,9.7,11.4,10.55,11.2
1563,2021.10.11,3.6,0.2,11.2,15.2,13.2,9.2
1564,2021.10.12,5.4,0.0,9.2,15.2,12.2,8.3
1565,2021.10.13,5.9,0.0,8.3,13.1,10.7,6.1
1566,2021.10.14,3.4,0.0,6.1,12.8,9.45,7.7
1567,2021.10.15,1.5,0.0,7.7,13.7,10.7,8.9
1568,2021.10.16,2.1,0.0,8.9,15.8,12.350000000000001,9.1
1569,2021.10.17,2.0,0.0,9.1,15.5,12.3,9.6
1570,2021.10.18,2.2,0.0,9.6,14.7,12.149999999999999,9.9
1571,2021.10.19,2.8,0.0,9.9,15.8,12.850000000000001,10.5
1572,2021.10.20,4.1,0.0,10.5,17.6,14.05,13.3
1573,2021.10.21,8.9,0.8,13.3,19.0,16.15,9.7
1574,2021.10.22,4.2,1.1,9.7,13.4,11.55,8.3
1575,2021.10.23,5.4,0.0,8.3,12.9,10.600000000000001,6.7
1576,2021.10.24,2.3,0.0,6.7,12.6,9.65,6.8
1577,2021.10.25,3.5,0.0,6.8,13.3,10.05,7.3
1578,2021.10.26,3.2,0.0,7.3,12.5,9.9,7.5
1579,2021.10.27,1.6,0.0,7.5,14.2,10.85,8.2
1580,2021.10.28,2.1,0.0,8.2,14.3,11.25,8.1
1581,2021.10.29,4.3,0.0,8.1,15.9,12.0,8.8
1582,2021.10.30,5.6,0.0,8.8,16.6,12.700000000000001,8.6
1583,2021.10.31,4.1,0.0,8.6,15.7,12.149999999999999,7.2
1584,2021.11.01,3.8,0.0,7.2,14.6,10.9,7.4
1585,2021.11.02,6.9,8.3,7.4,12.9,10.15,6.8
1586,2021.11.03,4.2,0.0,6.8,12.3,9.55,10.8
1587,2021.11.04,5.4,11.2,10.8,15.7,13.25,7.2
1588,2021.11.05,3.7,0.0,7.2,10.8,9.0,6.4
1589,2021.11.06,2.9,0.0,6.4,11.4,8.9,8.4
1590,2021.11.07,1.8,0.7,8.4,10.5,9.45,7.9
1591,2021.11.08,4.8,5.6,7.9,10.7,9.3,6.1
1592,2021.11.09,1.9,0.0,6.1,11.9,9.0,5.6
1593,2021.11.10,4.2,0.0,5.6,11.4,8.5,6.1
1594,2021.11.11,2.7,0.0,6.1,11.2,8.649999999999999,6.0
1595,2021.11.12,1.5,0.0,6.0,10.7,8.35,5.9
1596,2021.11.13,2.2,0.0,5.9,10.5,8.2,7.4
1597,2021.11.14,1.8,0.0,7.4,11.9,9.65,7.9
1598,2021.11.15,2.3,0.0,7.9,12.2,10.05,6.2
1599,2021.11.16,1.9,0.0,6.2,10.1,8.15,5.1
1600,2021.11.17,2.3,0.0,5.1,9.1,7.1,6.1
1601,2021.11.18,5.4,0.0,6.1,10.9,8.5,6.0
1602,2021.11.19,5.3,0.0,6.0,10.2,8.1,7.9
1603,2021.11.20,5.9,0.0,7.9,13.1,10.5,6.4
1604,2021.11.21,2.2,0.0,6.4,10.9,8.65,6.0
1605,2021.11.22,2.0,0.0,6.0,9.7,7.85,4.7
1606,2021.11.23,2.5,0.0,4.7,8.3,6.5,3.2
1607,2021.11.24,1.7,0.0,3.2,6.6,4.9,2.3
1608,2021.11.25,3.8,0.0,2.3,7.2,4.75,5.9
1609,2021.11.26,3.5,10.7,5.9,6.9,6.4,2.6
1610,2021.11.27,3.6,0.6,2.6,6.3,4.45,4.2
1611,2021.11.28,3.1,1.5,4.2,9.0,6.6,1.3
1612,2021.11.29,7.1,0.0,1.3,3.8,2.55,0.8
1613,2021.11.30,6.3,2.5,0.8,4.7,2.75,4.2
1614,2021.12.01,8.7,2.0,4.2,8.8,6.5,4.9
1615,2021.12.02,7.0,35.2,4.9,8.4,6.65,1.1
1616,2021.12.03,7.1,11.7,1.1,5.1,3.0999999999999996,0.2
1617,2021.12.04,3.6,0.0,0.2,3.3,1.75,0.9
1618,2021.12.05,2.3,4.2,0.9,2.2,1.55,1.2
1619,2021.12.06,3.8,6.4,1.2,2.4,1.7999999999999998,-0.8
1620,2021.12.07,4.1,0.0,-0.8,1.7,0.44999999999999996,-0.3
1621,2021.12.08,3.9,0.0,-0.3,2.1,0.9,0.3
1622,2021.12.09,5.4,5.8,0.3,3.0,1.65,1.2
1623,2021.12.10,3.1,0.0,1.2,3.1,2.15,-0.2
1624,2021.12.11,4.7,0.0,-0.2,1.8,0.8,-0.5
1625,2021.12.12,5.5,0.0,-0.5,2.5,1.0,-0.8
1626,2021.12.13,2.9,0.0,-0.8,2.6,0.9,0.5
1627,2021.12.14,1.7,0.0,0.5,3.6,2.05,0.5
1628,2021.12.15,1.7,0.0,0.5,4.0,2.25,1.7
1629,2021.12.16,2.0,0.0,1.7,4.5,3.1,1.4
1630,2021.12.17,4.6,0.0,1.4,5.1,3.25,0.7
1631,2021.12.18,3.4,0.0,0.7,3.9,2.3,1.1
1632,2021.12.19,7.2,0.0,1.1,6.9,4.0,1.0
1633,2021.12.20,8.1,0.0,1.0,5.8,3.4,-0.2
1634,2021.12.21,3.8,0.0,-0.2,1.9,0.85,-0.9
1635,2021.12.22,1.3,0.0,-0.9,0.9,0.0,-2.0
1636,2021.12.23,2.9,0.0,-2.0,-0.3,-1.15,-0.1
1637,2021.12.24,3.8,1.3,-0.1,6.5,3.2,2.8
1638,2021.12.25,3.3,0.0,2.8,6.2,4.5,0.7
1639,2021.12.26,2.7,0.7,0.7,2.9,1.7999999999999998,0.4
1640,2021.12.27,2.4,3.1,0.4,2.6,1.5,0.3
1641,2021.12.28,2.3,0.4,0.3,2.1,1.2,1.6
1642,2021.12.29,2.4,2.9,1.6,4.5,3.05,2.6
1643,2021.12.30,1.9,0.1,2.6,5.3,3.95,6.4
1644,2021.12.31,3.5,0.2,6.4,11.7,9.05,7.6
1645,2022.01.01,5.7,0.0,7.6,12.3,9.95,6.6
1646,2022.01.02,2.9,0.0,6.6,9.4,8.0,7.0
1647,2022.01.03,7.3,0.6,7.0,11.8,9.4,6.4
1648,2022.01.04,7.4,2.6,6.4,11.0,8.7,4.4
1649,2022.01.05,6.9,3.5,4.4,11.3,7.8500000000000005,2.0
1650,2022.01.06,6.0,0.0,2.0,5.3,3.65,0.4
1651,2022.01.07,2.2,0.0,0.4,2.9,1.65,-0.7
1652,2022.01.08,1.2,0.0,-0.7,1.6,0.45000000000000007,-1.2
1653,2022.01.09,2.8,0.0,-1.2,0.6,-0.3,-0.3
1654,2022.01.10,4.2,0.0,-0.3,3.4,1.55,0.1
1655,2022.01.11,4.6,0.0,0.1,2.6,1.35,-1.3
1656,2022.01.12,2.0,0.0,-1.3,1.0,-0.15000000000000002,-1.7
1657,2022.01.13,2.4,0.0,-1.7,1.6,-0.04999999999999993,-0.1
1658,2022.01.14,5.3,0.0,-0.1,5.3,2.6,1.1
1659,2022.01.15,3.7,0.0,1.1,5.0,3.05,-0.4
1660,2022.01.16,1.9,0.0,-0.4,1.9,0.75,2.2
1661,2022.01.17,9.6,1.3,2.2,5.8,4.0,0.1
1662,2022.01.18,6.6,0.0,0.1,3.8,1.95,-0.1
1663,2022.01.19,1.7,0.0,-0.1,3.1,1.5,-0.2
1664,2022.01.20,8.4,0.2,-0.2,4.5,2.15,-1.8
1665,2022.01.21,6.8,0.0,-1.8,0.8,-0.5,-0.9
1666,2022.01.22,6.7,0.1,-0.9,3.0,1.05,-2.4
1667,2022.01.23,3.5,0.0,-2.4,0.1,-1.15,-2.2
1668,2022.01.24,1.8,0.0,-2.2,0.2,-1.0,-3.0
1669,2022.01.25,2.5,0.0,-3.0,1.1,-0.95,-0.6
1670,2022.01.26,3.0,0.0,-0.6,3.1,1.25,0.4
1671,2022.01.27,4.5,0.0,0.4,4.4,2.4000000000000004,2.6
1672,2022.01.28,8.7,0.7,2.6,6.0,4.3,0.7
1673,2022.01.29,7.1,3.0,0.7,3.9,2.3,3.6
1674,2022.01.30,12.5,1.5,3.6,7.5,5.55,1.2
1675,2022.01.31,7.7,0.2,1.2,4.2,2.7,1.2
1676,2022.02.01,6.2,0.0,1.2,4.7,2.95,1.1
1677,2022.02.02,7.8,3.3,1.1,5.9,3.5,1.1
1678,2022.02.03,8.0,0.0,1.1,5.4,3.25,2.0
1679,2022.02.04,2.1,0.0,2.0,7.0,4.5,3.8
1680,2022.02.05,6.7,0.0,3.8,7.4,5.6,2.0
1681,2022.02.06,5.1,0.1,2.0,7.2,4.6,3.6
1682,2022.02.07,8.4,2.5,3.6,6.6,5.1,2.1
1683,2022.02.08,8.0,0.0,2.1,6.5,4.3,6.2
1684,2022.02.09,6.0,0.0,6.2,11.0,8.6,5.0
1685,2022.02.10,1.8,0.0,5.0,11.2,8.1,5.1
1686,2022.02.11,6.0,0.1,5.1,11.0,8.05,1.8
1687,2022.02.12,4.6,0.0,1.8,7.4,4.6000000000000005,0.5
1688,2022.02.13,4.3,0.0,0.5,6.9,3.7,0.7
1689,2022.02.14,4.1,0.7,0.7,9.4,5.05,7.3
1690,2022.02.15,4.9,1.1,7.3,10.5,8.9,5.8
1691,2022.02.16,4.0,4.8,5.8,10.2,8.0,6.0
1692,2022.02.17,8.1,0.6,6.0,13.8,9.9,5.8
1693,2022.02.18,7.1,0.0,5.8,11.7,8.75,6.3
1694,2022.02.19,5.7,0.3,6.3,9.4,7.85,3.8
1695,2022.02.20,5.8,0.0,3.8,8.9,6.35,4.4
1696,2022.02.21,6.2,3.4,4.4,6.6,5.5,4.4
1697,2022.02.22,8.2,0.0,4.4,8.6,6.5,3.4
1698,2022.02.23,7.6,1.7,3.4,9.1,6.25,3.3
1699,2022.02.24,3.8,0.0,3.3,10.4,6.85,4.3
1700,2022.02.25,6.9,0.0,4.3,9.8,7.050000000000001,2.6
1701,2022.02.26,6.1,0.0,2.6,8.3,5.45,3.6
1702,2022.02.27,6.3,0.0,3.6,8.6,6.1,2.2
1703,2022.02.28,5.6,2.2,2.2,4.5,3.35,1.2
1704,2022.03.01,4.3,0.0,1.2,7.6,4.3999999999999995,1.2
1705,2022.03.02,2.4,0.0,1.2,7.2,4.2,1.4
1706,2022.03.03,1.7,0.0,1.4,6.8,4.1,1.4
1707,2022.03.04,3.2,0.2,1.4,6.4,3.9000000000000004,1.5
1708,2022.03.05,3.2,0.0,1.5,6.8,4.15,1.0
1709,2022.03.06,2.7,0.0,1.0,7.5,4.25,2.8
1710,2022.03.07,3.9,0.3,2.8,6.8,4.8,1.1
1711,2022.03.08,4.0,0.0,1.1,7.3,4.2,1.9
1712,2022.03.09,2.5,0.0,1.9,9.2,5.55,1.0
1713,2022.03.10,5.3,1.4,1.0,6.3,3.65,-1.5
1714,2022.03.11,4.5,0.0,-1.5,4.6,1.5499999999999998,-0.6
1715,2022.03.12,3.2,0.0,-0.6,5.8,2.6,0.4
1716,2022.03.13,2.0,0.0,0.4,8.4,4.4,1.8
1717,2022.03.14,2.5,0.0,1.8,10.8,6.300000000000001,4.3
1718,2022.03.15,3.3,0.0,4.3,12.1,8.2,4.5
1719,2022.03.16,4.4,4.4,4.5,8.0,6.25,3.8
1720,2022.03.17,3.6,0.0,3.8,11.7,7.75,3.7
1721,2022.03.18,4.1,0.0,3.7,9.7,6.699999999999999,4.1
1722,2022.03.19,4.7,0.0,4.1,9.6,6.85,2.3
1723,2022.03.20,3.6,0.0,2.3,9.3,5.800000000000001,3.6
1724,2022.03.21,3.2,0.0,3.6,11.6,7.6,5.5
1725,2022.03.22,2.3,0.0,5.5,16.0,10.75,7.8
1726,2022.03.23,1.8,0.0,7.8,16.9,12.35,9.3
1727,2022.03.24,3.7,0.0,9.3,18.7,14.0,8.5
1728,2022.03.25,2.5,0.0,8.5,17.0,12.75,9.0
1729,2022.03.26,4.5,0.0,9.0,17.5,13.25,9.9
1730,2022.03.27,3.6,0.0,9.9,15.4,12.65,8.5
1731,2022.03.28,3.9,0.0,8.5,19.9,14.2,11.1
1732,2022.03.29,4.2,0.1,11.1,19.5,15.3,10.0
1733,2022.03.30,6.8,0.0,10.0,17.0,13.5,10.3
1734,2022.03.31,4.3,14.5,10.3,11.7,11.0,6.7
1735,2022.04.01,4.3,8.0,6.7,11.0,8.85,3.2
1736,2022.04.02,2.9,5.6,3.2,4.9,4.050000000000001,2.4
1737,2022.04.03,4.5,7.0,2.4,6.7,4.55,1.2
1738,2022.04.04,4.3,0.0,1.2,9.0,5.1,3.3
1739,2022.04.05,5.2,0.0,3.3,10.9,7.1,7.6
1740,2022.04.06,4.2,0.0,7.6,17.3,12.45,10.1
1741,2022.04.07,4.6,0.0,10.1,16.4,13.25,9.9
1742,2022.04.08,4.5,1.3,9.9,13.3,11.600000000000001,7.5
1743,2022.04.09,8.7,16.5,7.5,13.0,10.25,5.6
1744,2022.04.10,6.7,0.0,5.6,12.2,8.899999999999999,4.2
1745,2022.04.11,4.9,0.0,4.2,12.1,8.15,7.0
1746,2022.04.12,2.4,0.0,7.0,16.3,11.65,7.8
1747,2022.04.13,3.1,0.0,7.8,16.4,12.1,8.7
1748,2022.04.14,2.8,0.0,8.7,18.6,13.65,10.2
1749,2022.04.15,3.6,0.0,10.2,17.3,13.75,8.1
1750,2022.04.16,6.0,0.5,8.1,12.4,10.25,5.5
1751,2022.04.17,5.8,0.0,5.5,12.0,8.75,6.0
1752,2022.04.18,4.9,0.3,6.0,11.0,8.5,5.8
1753,2022.04.19,2.8,1.3,5.8,10.6,8.2,6.0
1754,2022.04.20,3.1,1.6,6.0,12.7,9.35,6.7
1755,2022.04.21,4.0,0.0,6.7,16.3,11.5,9.2
1756,2022.04.22,5.7,2.9,9.2,12.3,10.75,8.8
1757,2022.04.23,2.3,2.9,8.8,10.8,9.8,9.3
1758,2022.04.24,8.7,0.1,9.3,20.0,14.65,9.8
1759,2022.04.25,5.3,0.0,9.8,16.4,13.1,9.6
1760,2022.04.26,2.4,0.0,9.6,18.8,14.2,10.5
1761,2022.04.27,3.3,5.8,10.5,12.9,11.7,9.9
1762,2022.04.28,3.3,1.4,9.9,17.6,13.75,11.9
1763,2022.04.29,2.2,0.0,11.9,18.5,15.2,11.6
1764,2022.04.30,2.2,0.0,11.6,19.8,15.7,11.4
1765,2022.05.01,3.3,0.6,11.4,20.0,15.7,13.3
1766,2022.05.02,1.7,0.9,13.3,20.5,16.9,13.2
1767,2022.05.03,2.6,0.3,13.2,21.6,17.4,13.6
1768,2022.05.04,3.3,0.1,13.6,22.6,18.1,12.4
1769,2022.05.05,3.6,0.3,12.4,23.1,17.75,14.0
1770,2022.05.06,3.0,0.1,14.0,23.0,18.5,15.7
1771,2022.05.07,3.9,0.3,15.7,22.5,19.1,14.4
1772,2022.05.08,2.1,2.6,14.4,22.7,18.55,13.7
1773,2022.05.09,2.2,0.3,13.7,22.8,18.25,14.4
1774,2022.05.10,2.5,0.0,14.4,22.6,18.5,15.0
1775,2022.05.11,3.9,0.0,15.0,25.2,20.1,15.8
1776,2022.05.12,4.5,0.7,15.8,27.1,21.450000000000003,17.2
1777,2022.05.13,3.9,0.4,17.2,25.4,21.299999999999997,16.0
1778,2022.05.14,5.4,0.0,16.0,23.4,19.7,14.4
1779,2022.05.15,3.5,0.0,14.4,25.2,19.8,17.5
1780,2022.05.16,2.2,0.0,17.5,24.3,20.9,15.7
1781,2022.05.17,5.9,3.7,15.7,20.8,18.25,14.0
1782,2022.05.18,3.7,0.0,14.0,20.1,17.05,11.4
1783,2022.05.19,3.5,0.0,11.4,22.0,16.7,12.7
1784,2022.05.20,3.1,0.0,12.7,25.5,19.1,17.2
1785,2022.05.21,7.6,0.3,17.2,22.9,20.049999999999997,14.5
1786,2022.05.22,6.0,0.0,14.5,22.5,18.5,13.9
1787,2022.05.23,3.2,0.0,13.9,23.7,18.8,14.1
1788,2022.05.24,5.1,1.6,14.1,19.7,16.9,13.4
1789,2022.05.25,5.4,0.0,13.4,24.7,19.05,13.3
1790,2022.05.26,4.7,0.0,13.3,25.2,19.25,17.2
1791,2022.05.27,4.9,0.0,17.2,25.8,21.5,13.6
1792,2022.05.28,6.3,1.4,13.6,19.1,16.35,9.9
1793,2022.05.29,3.6,10.1,9.9,13.8,11.850000000000001,9.8
1794,2022.05.30,4.3,1.1,9.8,20.4,15.1,11.3
1795,2022.05.31,3.1,0.0,11.3,24.1,17.700000000000003,15.7
1796,2022.06.01,5.3,0.7,15.7,25.0,20.35,16.8
1797,2022.06.02,4.9,0.0,16.8,27.3,22.05,16.8
1798,2022.06.03,3.4,0.0,16.8,28.6,22.700000000000003,18.6
1799,2022.06.04,5.9,5.0,18.6,25.8,22.200000000000003,18.9
1800,2022.06.05,4.2,0.2,18.9,27.2,23.049999999999997,17.4
1801,2022.06.06,3.0,0.0,17.4,27.3,22.35,17.7
1802,2022.06.07,2.1,0.0,17.7,29.6,23.65,17.2
1803,2022.06.08,2.9,7.3,17.2,24.7,20.95,17.0
1804,2022.06.09,2.7,10.0,17.0,23.4,20.2,16.2
1805,2022.06.10,6.8,9.3,16.2,24.3,20.25,16.0
1806,2022.06.11,4.2,1.0,16.0,27.1,21.55,17.6
1807,2022.06.12,2.9,0.0,17.6,27.3,22.450000000000003,18.3
1808,2022.06.13,6.2,0.0,18.3,28.3,23.3,14.6
1809,2022.06.14,4.7,0.0,14.6,23.0,18.8,14.4
1810,2022.06.15,1.9,0.0,14.4,26.5,20.45,17.5
1811,2022.06.16,6.5,3.4,17.5,28.1,22.8,15.5
1812,2022.06.17,6.1,0.0,15.5,25.3,20.4,16.1
1813,2022.06.18,2.2,0.0,16.1,27.5,21.8,19.0
1814,2022.06.19,4.3,0.0,19.0,30.6,24.8,19.5
1815,2022.06.20,4.3,0.0,19.5,32.0,25.75,18.5
1816,2022.06.21,7.2,0.0,18.5,24.9,21.7,17.0
1817,2022.06.22,3.5,0.0,17.0,28.2,22.6,19.2
1818,2022.06.23,4.1,1.3,19.2,27.1,23.15,18.7
1819,2022.06.24,3.9,0.8,18.7,30.5,24.6,20.7
1820,2022.06.25,4.9,0.9,20.7,30.1,25.4,19.4
1821,2022.06.26,2.6,0.0,19.4,32.8,26.099999999999998,23.0
1822,2022.06.27,2.5,0.0,23.0,35.4,29.2,23.5
1823,2022.06.28,3.0,0.5,23.5,34.5,29.0,23.7
1824,2022.06.29,4.6,0.0,23.7,36.4,30.049999999999997,24.9
1825,2022.06.30,4.8,0.0,24.9,36.9,30.9,21.2
1826,2022.07.01,6.4,0.0,21.2,37.5,29.35,18.0
1827,2022.07.02,6.0,0.1,18.0,31.4,24.7,21.3
1828,2022.07.03,3.3,0.0,21.3,33.6,27.450000000000003,21.8
1829,2022.07.04,3.2,0.0,21.8,36.6,29.200000000000003,22.1
1830,2022.07.05,6.7,0.4,22.1,32.2,27.150000000000002,19.3
1831,2022.07.06,4.2,0.2,19.3,28.8,24.05,18.8
1832,2022.07.07,6.6,0.3,18.8,27.7,23.25,15.9
1833,2022.07.08,5.2,0.6,15.9,23.7,19.8,15.5
1834,2022.07.09,5.6,0.0,15.5,27.2,21.35,16.4
1835,2022.07.10,8.5,0.0,16.4,24.1,20.25,13.0
1836,2022.07.11,6.1,0.0,13.0,25.1,19.05,14.3
1837,2022.07.12,5.4,0.0,14.3,27.1,20.700000000000003,16.0
1838,2022.07.13,5.4,0.0,16.0,31.3,23.65,21.1
1839,2022.07.14,4.6,0.0,21.1,34.8,27.95,22.0
1840,2022.07.15,6.7,0.0,22.0,29.9,25.95,19.4
1841,2022.07.16,6.5,0.0,19.4,30.6,25.0,16.5
1842,2022.07.17,5.0,0.0,16.5,28.7,22.6,17.6
1843,2022.07.18,2.5,0.0,17.6,29.8,23.700000000000003,20.4
1844,2022.07.19,2.2,0.0,20.4,33.3,26.849999999999998,22.4
1845,2022.07.20,2.2,0.0,22.4,36.1,29.25,24.8
1846,2022.07.21,4.8,0.0,24.8,37.7,31.25,25.3
1847,2022.07.22,3.3,0.0,25.3,38.6,31.950000000000003,26.2
1848,2022.07.23,6.5,0.0,26.2,39.7,32.95,23.3
1849,2022.07.24,5.8,0.7,23.3,34.5,28.9,22.3
1850,2022.07.25,2.6,0.0,22.3,34.8,28.549999999999997,23.7
1851,2022.07.26,6.2,0.4,23.7,31.9,27.799999999999997,20.7
1852,2022.07.27,4.0,0.0,20.7,33.1,26.9,22.2
1853,2022.07.28,5.0,0.0,22.2,33.7,27.950000000000003,23.9
1854,2022.07.29,5.0,0.9,23.9,35.0,29.45,21.7
1855,2022.07.30,6.6,0.5,21.7,32.5,27.1,18.0
1856,2022.07.31,7.0,0.0,18.0,25.3,21.65,16.7
1857,2022.08.01,2.9,0.0,16.7,30.7,23.7,20.0
1858,2022.08.02,3.4,0.0,20.0,31.9,25.95,22.6
1859,2022.08.03,2.6,0.0,22.6,32.7,27.650000000000002,22.5
1860,2022.08.04,2.4,0.0,22.5,33.6,28.05,24.2
1861,2022.08.05,2.4,0.0,24.2,37.0,30.6,23.4
1862,2022.08.06,8.4,0.4,23.4,36.3,29.849999999999998,20.4
1863,2022.08.07,3.7,1.8,20.4,31.2,25.799999999999997,21.8
1864,2022.08.08,5.3,0.7,21.8,31.2,26.5,18.9
1865,2022.08.09,5.2,1.0,18.9,30.9,24.9,20.6
1866,2022.08.10,6.3,0.0,20.6,29.8,25.200000000000003,19.4
1867,2022.08.11,5.2,0.0,19.4,29.2,24.299999999999997,19.1
1868,2022.08.12,3.6,0.0,19.1,29.2,24.15,21.3
1869,2022.08.13,4.1,0.0,21.3,32.1,26.700000000000003,21.9
1870,2022.08.14,2.1,0.0,21.9,32.1,27.0,24.4
1871,2022.08.15,2.6,0.0,24.4,34.1,29.25,23.8
1872,2022.08.16,4.9,0.0,23.8,33.8,28.799999999999997,23.9
1873,2022.08.17,2.4,0.0,23.9,35.5,29.7,25.1
1874,2022.08.18,4.2,0.0,25.1,37.2,31.150000000000002,24.7
1875,2022.08.19,4.3,8.1,24.7,38.8,31.75,21.7
1876,2022.08.20,4.5,1.6,21.7,32.5,27.1,18.4
1877,2022.08.21,3.9,12.7,18.4,20.8,19.6,17.9
1878,2022.08.22,3.2,8.7,17.9,23.3,20.6,18.4
1879,2022.08.23,3.7,0.0,18.4,24.7,21.549999999999997,19.2
1880,2022.08.24,2.6,0.4,19.2,29.5,24.35,20.7
1881,2022.08.25,2.1,1.8,20.7,31.6,26.15,23.2
1882,2022.08.26,2.7,0.0,23.2,33.2,28.200000000000003,23.3
1883,2022.08.27,1.9,0.0,23.3,33.7,28.5,22.3
1884,2022.08.28,3.8,0.0,22.3,28.4,25.35,20.0
1885,2022.08.29,3.2,0.0,20.0,28.8,24.4,22.7
1886,2022.08.30,3.9,0.1,22.7,28.9,25.799999999999997,21.4
1887,2022.08.31,3.6,0.0,21.4,28.6,25.0,17.4
1888,2022.09.01,4.1,2.0,17.4,20.0,18.7,15.9
1889,2022.09.02,4.3,0.0,15.9,21.4,18.65,14.9
1890,2022.09.03,2.2,0.0,14.9,24.8,19.85,17.7
1891,2022.09.04,2.3,0.0,17.7,23.5,20.6,18.7
1892,2022.09.05,1.9,0.0,18.7,25.3,22.0,20.6
1893,2022.09.06,3.6,1.0,20.6,25.9,23.25,20.1
1894,2022.09.07,2.8,0.0,20.1,29.4,24.75,18.8
1895,2022.09.08,6.1,3.5,18.8,30.6,24.700000000000003,17.7
1896,2022.09.09,4.5,1.6,17.7,26.7,22.2,16.0
1897,2022.09.10,5.7,8.1,16.0,23.3,19.65,16.6
1898,2022.09.11,6.3,0.0,16.6,22.9,19.75,14.9
1899,2022.09.12,5.5,0.0,14.9,23.8,19.35,14.9
1900,2022.09.13,2.0,0.0,14.9,24.3,19.6,19.2
1901,2022.09.14,4.5,0.0,19.2,27.6,23.4,19.8
1902,2022.09.15,3.7,0.8,19.8,25.0,22.4,13.7
1903,2022.09.16,4.5,14.4,13.7,19.3,16.5,12.2
1904,2022.09.17,5.0,5.1,12.2,15.5,13.85,10.4
1905,2022.09.18,7.7,3.3,10.4,15.1,12.75,11.2
1906,2022.09.19,7.5,2.5,11.2,14.1,12.649999999999999,9.5
1907,2022.09.20,6.4,0.0,9.5,14.2,11.85,9.3
1908,2022.09.21,3.5,0.9,9.3,17.7,13.5,10.4
1909,2022.09.22,2.2,0.0,10.4,18.6,14.5,11.8
1910,2022.09.23,3.2,0.0,11.8,18.0,14.9,12.3
1911,2022.09.24,4.2,0.0,12.3,19.7,16.0,13.6
1912,2022.09.25,5.0,0.2,13.6,16.7,15.149999999999999,13.3
1913,2022.09.26,2.1,6.8,13.3,17.4,15.35,11.6
1914,2022.09.27,4.2,2.6,11.6,15.7,13.649999999999999,11.4
1915,2022.09.28,4.8,0.6,11.4,16.0,13.7,13.9
1916,2022.09.29,2.9,6.7,13.9,16.5,15.2,14.6
1917,2022.09.30,3.5,12.9,14.6,21.1,17.85,14.1
1918,2022.10.01,6.5,3.3,14.1,18.8,16.45,12.9
1919,2022.10.02,8.0,0.0,12.9,18.1,15.5,12.2
1920,2022.10.03,7.3,0.0,12.2,15.4,13.8,12.0
1921,2022.10.04,4.5,0.0,12.0,17.7,14.85,11.6
1922,2022.10.05,3.3,0.0,11.6,18.5,15.05,13.0
1923,2022.10.06,1.8,0.0,13.0,19.7,16.35,14.0
1924,2022.10.07,3.3,0.0,14.0,20.8,17.4,13.7
1925,2022.10.08,2.2,0.0,13.7,20.1,16.9,14.1
1926,2022.10.09,3.2,0.0,14.1,19.5,16.8,11.8
1927,2022.10.10,3.4,0.0,11.8,19.0,15.4,13.6
1928,2022.10.11,2.4,0.0,13.6,20.0,16.8,13.9
1929,2022.10.12,1.8,0.0,13.9,18.9,16.4,13.1
1930,2022.10.13,1.6,0.0,13.1,19.1,16.1,13.2
1931,2022.10.14,1.7,0.0,13.2,18.7,15.95,12.7
1932,2022.10.15,4.3,0.0,12.7,19.5,16.1,14.3
1933,2022.10.16,3.1,0.0,14.3,20.3,17.3,13.8
1934,2022.10.17,2.1,0.0,13.8,20.8,17.3,14.0
1935,2022.10.18,2.6,0.0,14.0,20.1,17.05,13.8
1936,2022.10.19,3.8,0.0,13.8,20.9,17.35,10.2
1937,2022.10.20,2.3,0.0,10.2,14.9,12.55,8.6
1938,2022.10.21,4.9,0.0,8.6,16.0,12.3,11.7
1939,2022.10.22,4.6,0.1,11.7,18.4,15.049999999999999,11.3
1940,2022.10.23,3.8,0.0,11.3,19.4,15.35,13.7
1941,2022.10.24,1.7,0.0,13.7,18.8,16.25,14.1
1942,2022.10.25,4.4,0.0,14.1,19.8,16.95,13.9
1943,2022.10.26,1.7,0.0,13.9,19.9,16.9,13.8
1944,2022.10.27,1.7,0.0,13.8,19.9,16.85,13.5
1945,2022.10.28,1.6,0.0,13.5,19.3,16.4,14.1
1946,2022.10.29,2.2,0.0,14.1,21.0,17.55,14.6
1947,2022.10.30,1.2,0.0,14.6,21.1,17.85,14.4
