,Date,Wind_m/s,Precipitation_mm,Target: Mean_temp
0,2017.07.01,6.1,14.0,20.0
1,2017.07.02,6.9,0.0,20.5
2,2017.07.03,6.7,0.0,19.5
3,2017.07.04,5.3,0.0,23.5
4,2017.07.05,4.2,0.0,23.5
5,2017.07.06,5.6,0.0,22.5
6,2017.07.07,4.7,0.0,24.0
7,2017.07.08,6.7,0.0,24.0
8,2017.07.09,2.2,0.0,28.0
9,2017.07.10,6.4,21.0,26.82
10,2017.07.11,3.7,0.4,25.845
11,2017.07.12,2.2,1.5,21.04
12,2017.07.13,7.0,1.0,19.55
13,2017.07.14,1.6,0.0,20.009999999999998
14,2017.07.15,5.2,2.4,19.895
15,2017.07.16,3.4,0.0,22.810000000000002
16,2017.07.17,1.5,0.0,25.36
17,2017.07.18,1.3,0.0,25.395
18,2017.07.19,2.3,0.0,26.740000000000002
19,2017.07.20,1.6,0.0,28.11
20,2017.07.21,4.0,0.0,27.865000000000002
21,2017.07.22,1.9,5.0,27.735
22,2017.07.23,2.5,0.6,26.395000000000003
23,2017.07.24,3.1,8.3,18.6
24,2017.07.25,8.4,12.9,16.95
25,2017.07.26,5.9,0.0,16.75
26,2017.07.27,7.1,1.0,19.5
27,2017.07.28,6.8,0.2,21.2
28,2017.07.29,3.3,0.0,22.15
29,2017.07.30,4.7,0.0,24.15
30,2017.07.31,3.8,0.0,26.25
31,2017.08.01,3.9,0.0,29.05
32,2017.08.02,5.5,0.0,27.55
33,2017.08.03,2.1,0.0,29.7
34,2017.08.04,2.1,2.8,29.349999999999998
35,2017.08.05,6.6,0.0,27.900000000000002
36,2017.08.06,7.9,0.4,20.15
37,2017.08.07,4.8,4.2,21.45
38,2017.08.08,3.0,0.0,23.75
39,2017.08.09,4.6,0.0,29.5
40,2017.08.10,5.3,0.0,28.349999999999998
41,2017.08.11,6.0,0.0,21.7
42,2017.08.12,8.6,0.5,21.75
43,2017.08.13,8.1,0.0,18.95
44,2017.08.14,3.4,0.0,21.15
45,2017.08.15,3.2,0.0,21.3
46,2017.08.16,2.8,0.0,23.55
47,2017.08.17,2.4,0.0,25.45
48,2017.08.18,3.8,0.0,26.6
49,2017.08.19,7.9,0.3,17.799999999999997
50,2017.08.20,7.2,7.8,18.25
51,2017.08.21,6.1,0.0,16.6
52,2017.08.22,2.7,0.0,17.25
53,2017.08.23,3.5,0.0,17.7
54,2017.08.24,2.9,0.1,21.8
55,2017.08.25,2.2,0.0,23.299999999999997
56,2017.08.26,2.6,0.0,25.25
57,2017.08.27,4.4,0.0,21.15
58,2017.08.28,3.7,0.0,20.2
59,2017.08.29,3.0,0.0,20.05
60,2017.08.30,3.5,0.0,20.65
61,2017.08.31,3.9,0.0,23.4
62,2017.09.01,3.8,2.9,19.1
63,2017.09.02,4.8,10.9,17.65
64,2017.09.03,4.8,2.2,15.5
65,2017.09.04,6.7,1.9,15.600000000000001
66,2017.09.05,5.9,0.0,16.3
67,2017.09.06,6.7,2.1,16.05
68,2017.09.07,7.4,0.0,15.049999999999999
69,2017.09.08,3.0,0.0,17.9
70,2017.09.09,4.4,1.0,19.9
71,2017.09.10,5.4,0.0,22.35
72,2017.09.11,4.5,3.4,17.200000000000003
73,2017.09.12,6.6,1.8,17.3
74,2017.09.13,6.6,0.0,17.65
75,2017.09.14,9.8,0.8,14.75
76,2017.09.15,8.2,0.5,16.05
77,2017.09.16,3.6,1.8,13.0
78,2017.09.17,8.2,11.6,13.8
79,2017.09.18,3.4,0.8,13.05
80,2017.09.19,5.3,9.9,14.4
81,2017.09.20,2.7,15.0,13.0
82,2017.09.21,7.5,5.4,13.75
83,2017.09.22,7.0,0.4,11.7
84,2017.09.23,7.7,16.9,12.95
85,2017.09.24,5.8,0.2,13.899999999999999
86,2017.09.25,3.6,0.9,14.35
87,2017.09.26,4.1,0.0,14.399999999999999
88,2017.09.27,4.5,0.0,12.3
89,2017.09.28,3.8,0.0,11.15
90,2017.09.29,2.1,0.0,10.6
91,2017.09.30,2.1,0.0,10.45
92,2017.10.01,2.4,0.0,10.05
93,2017.10.02,5.3,0.0,10.25
94,2017.10.03,4.3,6.1,13.100000000000001
95,2017.10.04,6.9,0.0,15.05
96,2017.10.05,9.9,0.0,12.7
97,2017.10.06,7.7,0.0,11.55
98,2017.10.07,6.4,0.0,10.8
99,2017.10.08,7.6,0.1,11.35
100,2017.10.09,5.4,0.1,12.1
101,2017.10.10,4.5,0.2,14.2
102,2017.10.11,4.5,0.4,14.25
103,2017.10.12,5.0,0.0,14.3
104,2017.10.13,5.4,0.0,13.7
105,2017.10.14,3.1,0.0,14.75
106,2017.10.15,2.8,0.0,15.35
107,2017.10.16,2.0,0.0,15.5
108,2017.10.17,2.9,0.0,15.65
109,2017.10.18,3.0,0.0,13.4
110,2017.10.19,2.0,0.0,13.549999999999999
111,2017.10.20,2.3,0.0,12.299999999999999
112,2017.10.21,2.0,0.0,12.5
113,2017.10.22,4.8,5.8,9.95
114,2017.10.23,7.3,44.8,9.05
115,2017.10.24,6.8,0.0,7.5
116,2017.10.25,3.6,0.2,10.7
117,2017.10.26,3.8,0.0,11.7
118,2017.10.27,8.4,1.3,8.05
119,2017.10.28,8.1,0.2,7.8
120,2017.10.29,14.4,8.5,6.1
121,2017.10.30,9.1,0.1,5.65
122,2017.10.31,6.1,0.0,5.25
123,2017.11.01,4.1,0.0,7.4
124,2017.11.02,5.0,0.0,7.65
125,2017.11.03,5.6,0.1,6.3500000000000005
126,2017.11.04,3.4,0.0,8.3
127,2017.11.05,4.5,0.7,9.25
128,2017.11.06,5.6,0.1,7.05
129,2017.11.07,5.0,1.9,8.3
130,2017.11.08,4.4,1.9,8.4
131,2017.11.09,3.2,2.1,5.85
132,2017.11.10,3.4,0.8,7.55
133,2017.11.11,4.7,0.3,7.0
134,2017.11.12,6.5,5.3,7.1
135,2017.11.13,6.3,13.8,4.95
136,2017.11.14,5.3,3.6,1.3499999999999999
137,2017.11.15,2.9,0.0,3.5500000000000003
138,2017.11.16,2.2,0.0,3.0500000000000003
139,2017.11.17,2.6,0.1,2.65
140,2017.11.18,4.7,5.0,3.0
141,2017.11.19,4.5,0.7,4.050000000000001
142,2017.11.20,6.9,0.5,4.65
143,2017.11.21,7.6,2.0,6.05
144,2017.11.22,4.4,0.6,4.1000000000000005
145,2017.11.23,2.2,0.2,5.1
146,2017.11.24,2.4,0.2,6.95
147,2017.11.25,6.1,0.5,4.3
148,2017.11.26,7.7,8.7,2.35
149,2017.11.27,6.6,0.0,0.7000000000000002
150,2017.11.28,3.4,0.0,0.050000000000000044
151,2017.11.29,5.3,3.2,2.25
152,2017.11.30,7.7,23.5,-0.3999999999999999
153,2017.12.01,3.8,0.0,-3.0
154,2017.12.02,2.8,0.1,-3.4499999999999997
155,2017.12.03,3.8,0.2,-1.1
156,2017.12.04,6.4,0.6,1.15
157,2017.12.05,6.4,0.3,1.5999999999999999
158,2017.12.06,7.4,0.0,1.0
159,2017.12.07,4.6,0.0,2.3499999999999996
160,2017.12.08,8.3,12.0,1.3
161,2017.12.09,8.4,1.0,-0.1499999999999999
162,2017.12.10,9.1,1.2,6.35
163,2017.12.11,8.9,5.9,11.85
164,2017.12.12,8.7,3.8,2.95
165,2017.12.13,5.8,2.0,1.85
166,2017.12.14,5.6,5.5,5.85
167,2017.12.15,7.0,27.6,3.2
168,2017.12.16,4.7,3.8,0.3500000000000001
169,2017.12.17,5.5,0.0,-2.25
170,2017.12.18,2.2,0.2,-3.3
171,2017.12.19,2.1,0.2,-4.8
172,2017.12.20,2.0,0.2,-5.300000000000001
173,2017.12.21,3.6,0.6,0.7999999999999999
174,2017.12.22,5.7,0.0,0.8999999999999999
175,2017.12.23,7.5,0.2,5.3
176,2017.12.24,8.6,0.2,1.8
177,2017.12.25,4.7,0.0,3.8499999999999996
178,2017.12.26,6.7,0.1,4.9
179,2017.12.27,7.2,0.0,4.75
180,2017.12.28,7.5,7.0,0.29999999999999993
181,2017.12.29,9.5,0.4,-1.15
182,2017.12.30,5.3,0.2,2.0500000000000003
183,2017.12.31,5.0,3.9,4.3
184,2018.01.01,5.0,0.3,3.0
185,2018.01.02,7.8,8.7,1.5499999999999998
186,2018.01.03,7.4,6.1,5.25
187,2018.01.04,6.2,0.3,5.75
188,2018.01.05,3.5,1.1,9.45
189,2018.01.06,4.7,0.4,6.8
190,2018.01.07,3.2,0.1,7.0
191,2018.01.08,4.0,0.3,6.050000000000001
192,2018.01.09,5.5,0.0,4.550000000000001
193,2018.01.10,6.3,1.3,4.5
194,2018.01.11,3.0,3.1,3.5999999999999996
195,2018.01.12,3.9,4.0,0.85
196,2018.01.13,7.6,2.6,-2.0
197,2018.01.14,5.0,3.6,-3.8
198,2018.01.15,2.9,0.9,-1.2000000000000002
199,2018.01.16,5.4,2.7,-0.8500000000000001
200,2018.01.17,8.4,0.0,1.25
201,2018.01.18,7.3,0.3,2.15
202,2018.01.19,7.1,1.2,-0.4999999999999998
203,2018.01.20,3.8,0.1,0.0
204,2018.01.21,9.4,6.2,-1.0499999999999998
205,2018.01.22,7.1,0.0,-4.3
206,2018.01.23,2.0,0.7,-7.4
207,2018.01.24,2.8,0.3,-2.25
208,2018.01.25,4.6,1.4,-2.4499999999999997
209,2018.01.26,3.8,0.0,-1.15
210,2018.01.27,3.0,0.1,0.55
211,2018.01.28,3.7,0.1,4.7
212,2018.01.29,4.8,0.1,2.8499999999999996
213,2018.01.30,7.8,0.0,1.25
214,2018.01.31,4.1,0.1,6.050000000000001
215,2018.02.01,7.4,6.9,6.35
216,2018.02.02,4.7,7.5,1.3
217,2018.02.03,7.6,13.5,0.25
218,2018.02.04,6.9,0.0,-1.2500000000000002
219,2018.02.05,1.7,0.1,-0.9
220,2018.02.06,4.2,1.6,-0.5
221,2018.02.07,5.7,3.6,1.45
222,2018.02.08,4.8,7.4,-0.7
223,2018.02.09,3.6,0.4,-0.55
224,2018.02.10,2.1,0.6,-1.4500000000000002
225,2018.02.11,2.0,0.2,-0.10000000000000009
226,2018.02.12,2.0,0.2,0.30000000000000004
227,2018.02.13,5.0,1.1,0.35
228,2018.02.14,4.5,2.8,-1.2499999999999998
229,2018.02.15,2.0,0.1,-2.3
230,2018.02.16,2.1,1.0,-0.30000000000000004
231,2018.02.17,3.6,2.3,-0.5
232,2018.02.18,3.2,5.2,-4.15
233,2018.02.19,3.8,1.6,-0.35000000000000003
234,2018.02.20,4.3,8.6,0.39999999999999997
235,2018.02.21,4.5,3.9,-1.3
236,2018.02.22,6.2,2.3,-0.75
237,2018.02.23,4.4,0.2,-4.7
238,2018.02.24,6.2,1.4,-9.25
239,2018.02.25,5.7,0.0,-8.7
240,2018.02.26,6.9,0.8,-8.45
241,2018.02.27,6.6,1.9,-9.8
242,2018.02.28,3.9,0.2,-10.15
243,2018.03.01,4.3,0.7,-8.1
244,2018.03.02,4.7,2.5,-8.95
245,2018.03.03,3.5,0.1,-10.100000000000001
246,2018.03.04,4.0,0.1,-9.899999999999999
247,2018.03.05,4.0,0.4,-0.09999999999999998
248,2018.03.06,4.7,6.3,1.7
249,2018.03.07,2.9,0.2,1.8000000000000003
250,2018.03.08,3.8,1.8,3.6500000000000004
251,2018.03.09,3.5,0.0,5.5
252,2018.03.10,5.2,0.5,8.600000000000001
253,2018.03.11,5.6,3.6,11.4
254,2018.03.12,7.2,7.3,9.35
255,2018.03.13,5.9,2.9,8.1
256,2018.03.14,7.0,0.2,7.3
257,2018.03.15,4.4,2.5,8.05
258,2018.03.16,6.0,18.6,3.1999999999999997
259,2018.03.17,6.5,1.5,-2.5500000000000003
260,2018.03.18,10.4,13.4,-2.95
261,2018.03.19,3.6,1.1,-2.05
262,2018.03.20,5.5,1.6,-0.3500000000000001
263,2018.03.21,5.4,0.7,-2.5
264,2018.03.22,2.2,0.0,0.0
265,2018.03.23,2.1,0.0,1.4
266,2018.03.24,3.8,0.0,2.0999999999999996
267,2018.03.25,5.7,0.0,3.25
268,2018.03.26,2.6,0.0,5.6000000000000005
269,2018.03.27,4.9,0.0,4.95
270,2018.03.28,4.1,1.3,7.15
271,2018.03.29,4.8,1.8,8.05
272,2018.03.30,4.1,5.4,10.8
273,2018.03.31,7.1,5.1,8.4
274,2018.04.01,9.7,0.2,8.2
275,2018.04.02,9.5,0.1,10.850000000000001
276,2018.04.03,7.3,0.0,13.149999999999999
277,2018.04.04,7.0,0.0,14.2
278,2018.04.05,7.4,0.2,11.85
279,2018.04.06,7.8,0.0,11.65
280,2018.04.07,4.0,0.1,13.5
281,2018.04.08,8.0,0.0,16.3
282,2018.04.09,6.3,0.6,14.049999999999999
283,2018.04.10,6.8,0.0,13.0
284,2018.04.11,5.8,0.0,16.55
285,2018.04.12,4.8,0.0,15.95
286,2018.04.13,4.8,0.6,15.85
287,2018.04.14,3.0,0.0,18.1
288,2018.04.15,5.2,0.0,17.05
289,2018.04.16,5.2,2.3,16.4
290,2018.04.17,4.1,4.8,17.3
291,2018.04.18,4.3,3.5,15.75
292,2018.04.19,5.0,0.0,15.2
293,2018.04.20,3.4,0.0,14.399999999999999
294,2018.04.21,2.8,0.0,16.4
295,2018.04.22,2.5,0.0,19.25
296,2018.04.23,4.0,0.7,18.55
297,2018.04.24,5.3,2.1,18.75
298,2018.04.25,5.1,0.1,18.2
299,2018.04.26,7.0,1.2,14.649999999999999
300,2018.04.27,5.9,0.0,17.75
301,2018.04.28,4.6,2.3,19.75
302,2018.04.29,5.8,9.9,19.9
303,2018.04.30,5.1,7.7,18.75
304,2018.05.01,3.8,0.6,19.8
305,2018.05.02,3.9,8.4,19.95
306,2018.05.03,4.6,0.0,20.8
307,2018.05.04,4.4,1.2,23.1
308,2018.05.05,6.2,0.0,20.4
309,2018.05.06,6.3,0.0,18.9
310,2018.05.07,6.0,0.0,16.85
311,2018.05.08,4.7,0.4,18.5
312,2018.05.09,2.7,5.2,20.45
313,2018.05.10,4.3,3.3,19.549999999999997
314,2018.05.11,2.0,1.7,19.799999999999997
315,2018.05.12,3.6,0.0,17.95
316,2018.05.13,5.3,0.1,16.85
317,2018.05.14,5.7,0.0,14.8
318,2018.05.15,5.2,8.9,13.55
319,2018.05.16,6.5,0.8,15.5
320,2018.05.17,7.6,1.5,18.25
321,2018.05.18,7.1,1.8,17.7
322,2018.05.19,3.9,1.4,16.6
323,2018.05.20,4.9,0.0,18.2
324,2018.05.21,6.1,0.0,17.4
325,2018.05.22,4.8,0.6,19.35
326,2018.05.23,3.2,1.3,21.15
327,2018.05.24,5.7,0.0,20.6
328,2018.05.25,4.8,0.0,21.2
329,2018.05.26,2.0,0.0,21.1
330,2018.05.27,2.1,4.3,21.950000000000003
331,2018.05.28,3.3,0.0,21.0
332,2018.05.29,5.2,0.4,20.799999999999997
333,2018.05.30,5.4,0.0,22.15
334,2018.05.31,3.5,0.0,23.25
335,2018.06.01,2.5,0.0,22.7
336,2018.06.02,4.0,0.0,23.6
337,2018.06.03,5.8,0.0,21.85
338,2018.06.04,2.9,2.4,22.15
339,2018.06.05,2.1,6.5,19.5
340,2018.06.06,6.0,18.7,19.799999999999997
341,2018.06.07,5.2,0.9,21.1
342,2018.06.08,3.0,26.1,20.65
343,2018.06.09,3.1,31.0,23.450000000000003
344,2018.06.10,2.4,0.0,25.0
345,2018.06.11,3.4,0.0,23.45
346,2018.06.12,4.5,9.0,21.45
347,2018.06.13,4.3,1.7,18.8
348,2018.06.14,4.5,10.8,18.6
349,2018.06.15,5.3,6.2,21.15
350,2018.06.16,5.9,0.0,21.950000000000003
351,2018.06.17,4.3,0.0,21.799999999999997
352,2018.06.18,5.1,0.3,23.0
353,2018.06.19,3.9,2.7,23.95
354,2018.06.20,2.5,0.0,24.0
355,2018.06.21,3.8,0.6,16.35
356,2018.06.22,7.6,6.3,15.05
357,2018.06.23,5.1,0.0,14.45
358,2018.06.24,5.4,0.0,15.600000000000001
359,2018.06.25,2.7,0.0,16.75
360,2018.06.26,3.0,0.3,17.8
361,2018.06.27,6.3,1.3,18.85
362,2018.06.28,6.5,11.9,21.85
363,2018.06.29,5.2,8.4,17.45
364,2018.06.30,7.7,0.0,16.25
365,2018.07.01,4.2,0.0,15.3
366,2018.07.02,3.6,0.0,17.2
367,2018.07.03,3.0,0.0,19.1
368,2018.07.04,2.5,0.0,21.4
369,2018.07.05,2.9,1.1,22.4
370,2018.07.06,3.5,6.3,21.0
371,2018.07.07,5.1,10.1,19.35
372,2018.07.08,4.8,0.0,21.0
373,2018.07.09,3.0,0.3,20.75
374,2018.07.10,2.0,0.7,19.45
375,2018.07.11,6.0,3.9,18.7
376,2018.07.12,4.9,3.0,20.3
377,2018.07.13,6.2,0.0,20.9
378,2018.07.14,5.5,0.0,20.7
379,2018.07.15,4.7,0.0,20.8
380,2018.07.16,4.7,0.0,21.0
381,2018.07.17,5.5,0.0,20.9
382,2018.07.18,10.9,1.3,20.7
383,2018.07.19,9.2,3.7,21.8
384,2018.07.20,4.8,3.0,21.9
385,2018.07.21,2.5,0.0,21.8
386,2018.07.22,3.1,21.4,20.95
387,2018.07.23,4.5,20.3,22.65
388,2018.07.24,4.7,0.0,22.9
389,2018.07.25,3.1,0.0,22.5
390,2018.07.26,2.1,1.6,23.85
391,2018.07.27,3.5,6.3,23.8
392,2018.07.28,2.9,2.5,25.9
393,2018.07.29,3.6,6.5,24.95
394,2018.07.30,3.9,0.9,26.450000000000003
395,2018.07.31,4.0,1.0,26.299999999999997
396,2018.08.01,4.4,0.0,25.549999999999997
397,2018.08.02,2.0,6.7,24.9
398,2018.08.03,4.6,0.0,23.15
399,2018.08.04,2.6,0.0,24.049999999999997
400,2018.08.05,2.7,0.0,23.9
401,2018.08.06,3.3,0.1,23.65
402,2018.08.07,3.4,0.0,24.8
403,2018.08.08,3.9,0.0,26.2
404,2018.08.09,4.7,0.0,28.1
405,2018.08.10,4.6,1.1,23.15
406,2018.08.11,5.1,1.0,23.8
407,2018.08.12,2.9,0.0,25.2
408,2018.08.13,4.8,0.0,24.55
409,2018.08.14,5.7,0.0,23.7
410,2018.08.15,5.6,0.0,21.45
411,2018.08.16,2.8,0.0,23.4
412,2018.08.17,3.4,0.0,24.5
413,2018.08.18,2.0,0.2,25.0
414,2018.08.19,4.0,0.0,26.1
415,2018.08.20,3.2,0.1,26.65
416,2018.08.21,2.5,0.0,27.0
417,2018.08.22,4.0,0.0,26.4
418,2018.08.23,3.9,0.9,24.35
419,2018.08.24,3.7,2.6,21.15
420,2018.08.25,6.8,0.2,15.4
421,2018.08.26,6.2,16.8,15.05
422,2018.08.27,2.5,0.0,17.6
423,2018.08.28,3.9,0.0,19.25
424,2018.08.29,3.5,0.0,20.3
425,2018.08.30,2.5,0.0,22.299999999999997
426,2018.08.31,3.4,0.9,22.65
427,2018.09.01,3.5,1.8,22.5
428,2018.09.02,4.4,2.7,19.75
429,2018.09.03,5.2,3.7,17.4
430,2018.09.04,2.4,20.5,20.05
431,2018.09.05,3.5,0.1,18.45
432,2018.09.06,2.1,0.2,17.5
433,2018.09.07,2.1,0.0,19.65
434,2018.09.08,4.2,0.0,18.15
435,2018.09.09,2.5,0.0,17.85
436,2018.09.10,2.7,0.0,18.8
437,2018.09.11,4.9,0.0,19.85
438,2018.09.12,2.1,0.0,20.65
439,2018.09.13,2.0,0.0,21.1
440,2018.09.14,2.1,0.0,21.9
441,2018.09.15,6.1,0.0,17.75
442,2018.09.16,3.4,0.0,19.15
443,2018.09.17,3.0,0.0,18.15
444,2018.09.18,2.3,0.0,19.3
445,2018.09.19,3.0,0.0,20.0
446,2018.09.20,2.1,0.0,21.05
447,2018.09.21,3.9,0.0,14.85
448,2018.09.22,9.5,0.3,13.9
449,2018.09.23,5.4,0.0,14.75
450,2018.09.24,10.1,3.1,11.0
451,2018.09.25,6.8,0.0,9.0
452,2018.09.26,4.0,0.0,10.65
453,2018.09.27,3.8,0.0,11.350000000000001
454,2018.09.28,3.1,0.0,11.05
455,2018.09.29,4.7,0.7,9.85
456,2018.09.30,4.4,0.0,12.2
457,2018.10.01,4.4,0.2,10.55
458,2018.10.02,6.3,0.8,10.15
459,2018.10.03,7.4,0.1,10.7
460,2018.10.04,4.3,0.0,10.0
461,2018.10.05,3.7,0.0,12.15
462,2018.10.06,5.1,0.0,16.5
463,2018.10.07,4.4,0.0,15.75
464,2018.10.08,2.6,0.4,16.35
465,2018.10.09,3.1,0.0,16.15
466,2018.10.10,2.7,0.0,15.65
467,2018.10.11,3.3,0.0,14.8
468,2018.10.12,2.9,0.0,14.799999999999999
469,2018.10.13,2.4,0.0,13.9
470,2018.10.14,4.3,0.0,13.45
471,2018.10.15,4.8,0.0,13.65
472,2018.10.16,4.9,0.0,15.0
473,2018.10.17,3.2,0.0,15.25
474,2018.10.18,2.0,0.0,14.95
475,2018.10.19,2.3,0.0,13.4
476,2018.10.20,5.2,0.0,9.55
477,2018.10.21,5.3,4.6,11.35
478,2018.10.22,3.5,0.3,10.45
479,2018.10.23,8.6,0.0,9.8
480,2018.10.24,12.6,1.4,10.15
481,2018.10.25,7.8,0.7,10.6
482,2018.10.26,5.1,0.0,12.25
483,2018.10.27,5.3,4.1,16.05
484,2018.10.28,7.3,6.9,18.2
485,2018.10.29,7.7,20.5,14.450000000000001
486,2018.10.30,7.7,4.7,14.149999999999999
487,2018.10.31,4.6,0.0,14.8
488,2018.11.01,4.7,0.0,17.1
489,2018.11.02,4.3,0.2,15.450000000000001
490,2018.11.03,2.7,0.0,12.600000000000001
491,2018.11.04,2.6,0.0,11.899999999999999
492,2018.11.05,4.2,0.0,11.55
493,2018.11.06,4.9,0.0,11.1
494,2018.11.07,4.8,0.0,9.850000000000001
495,2018.11.08,3.1,0.0,7.85
496,2018.11.09,3.6,0.0,7.050000000000001
497,2018.11.10,4.3,0.1,9.9
498,2018.11.11,4.0,0.2,9.5
499,2018.11.12,3.6,0.0,9.8
500,2018.11.13,3.8,0.1,7.75
501,2018.11.14,6.9,0.0,5.6499999999999995
502,2018.11.15,2.5,0.0,4.6000000000000005
503,2018.11.16,5.3,0.0,2.2
504,2018.11.17,5.5,0.0,1.4000000000000001
505,2018.11.18,2.5,0.0,0.7
506,2018.11.19,4.1,1.2,2.4
507,2018.11.20,8.7,4.0,3.8499999999999996
508,2018.11.21,5.4,4.6,3.6500000000000004
509,2018.11.22,2.9,0.7,3.75
510,2018.11.23,3.7,0.6,3.95
511,2018.11.24,4.4,2.8,5.800000000000001
512,2018.11.25,4.9,14.8,7.35
513,2018.11.26,6.7,14.3,2.75
514,2018.11.27,5.6,8.8,-1.0999999999999999
515,2018.11.28,7.1,0.4,-3.25
516,2018.11.29,5.4,0.6,-3.7
517,2018.11.30,3.2,0.3,-3.6999999999999997
518,2018.12.01,2.8,0.1,-2.0500000000000003
519,2018.12.02,4.3,0.0,0.44999999999999996
520,2018.12.03,3.3,0.4,2.8000000000000003
521,2018.12.04,5.9,0.7,-0.04999999999999982
522,2018.12.05,6.7,0.0,-1.9500000000000002
523,2018.12.06,3.0,0.1,0.8500000000000001
524,2018.12.07,2.6,3.5,3.4499999999999997
525,2018.12.08,6.0,6.4,3.0
526,2018.12.09,5.7,0.8,3.6500000000000004
527,2018.12.10,7.9,0.6,1.75
528,2018.12.11,5.6,0.8,1.1
529,2018.12.12,5.6,0.4,-1.8499999999999999
530,2018.12.13,2.0,0.0,-3.15
531,2018.12.14,4.5,0.7,-0.75
532,2018.12.15,5.8,14.8,-2.45
533,2018.12.16,3.0,4.3,-5.949999999999999
534,2018.12.17,1.9,0.4,-5.3999999999999995
535,2018.12.18,2.0,0.1,-8.4
536,2018.12.19,4.0,0.7,-6.25
537,2018.12.20,4.7,1.2,-3.6
538,2018.12.21,3.1,0.0,3.9000000000000004
539,2018.12.22,5.7,1.4,4.25
540,2018.12.23,6.3,0.6,0.95
541,2018.12.24,6.0,6.2,-0.75
542,2018.12.25,7.9,0.4,1.5
543,2018.12.26,7.1,0.2,2.95
544,2018.12.27,5.6,0.0,4.199999999999999
545,2018.12.28,6.5,0.0,2.55
546,2018.12.29,5.7,0.0,2.05
547,2018.12.30,8.8,1.4,1.35
548,2018.12.31,7.5,0.3,-0.9499999999999997
549,2019.01.01,6.1,0.9,1.2000000000000002
550,2019.01.02,9.5,0.9,-1.5
551,2019.01.03,7.9,0.1,-3.65
552,2019.01.04,5.4,0.2,-0.5
553,2019.01.05,5.8,4.0,-3.05
554,2019.01.06,7.3,0.0,-10.05
555,2019.01.07,1.9,0.0,-5.2
556,2019.01.08,4.4,4.7,0.30000000000000004
557,2019.01.09,4.6,1.9,-4.2
558,2019.01.10,3.2,0.3,-8.15
559,2019.01.11,5.6,0.1,-0.5
560,2019.01.12,6.0,1.2,1.65
561,2019.01.13,5.9,1.4,0.8500000000000001
562,2019.01.14,10.1,4.7,-1.0
563,2019.01.15,8.2,0.7,2.2
564,2019.01.16,10.0,0.2,4.45
565,2019.01.17,6.0,3.3,1.1999999999999997
566,2019.01.18,8.1,7.2,-2.0500000000000003
567,2019.01.19,3.6,0.0,-1.05
568,2019.01.20,3.7,2.7,-3.5
569,2019.01.21,1.8,0.1,-6.15
570,2019.01.22,3.0,0.0,-4.25
571,2019.01.23,4.7,2.7,-0.8
572,2019.01.24,3.6,1.2,-4.8
573,2019.01.25,6.7,2.5,-4.6
574,2019.01.26,7.1,0.0,0.30000000000000004
575,2019.01.27,5.2,0.7,0.8500000000000001
576,2019.01.28,4.5,5.7,-0.15000000000000013
577,2019.01.29,4.8,0.1,-4.9
578,2019.01.30,2.6,0.1,-1.65
579,2019.01.31,2.4,0.2,0.1499999999999999
580,2019.02.01,4.7,1.8,7.4
581,2019.02.02,6.7,2.5,7.25
582,2019.02.03,7.6,2.0,2.6500000000000004
583,2019.02.04,8.5,0.3,1.6500000000000001
584,2019.02.05,3.0,0.2,-0.75
585,2019.02.06,3.0,0.0,-1.65
586,2019.02.07,2.5,0.0,-0.3500000000000001
587,2019.02.08,2.0,0.3,0.04999999999999982
588,2019.02.09,2.7,0.1,0.8999999999999999
589,2019.02.10,7.7,0.8,4.3
590,2019.02.11,10.5,4.3,1.25
591,2019.02.12,9.6,0.1,0.9500000000000001
592,2019.02.13,5.9,0.1,3.4
593,2019.02.14,6.5,0.0,2.25
594,2019.02.15,1.9,0.0,3.0500000000000003
595,2019.02.16,2.3,0.0,3.8
596,2019.02.17,1.9,0.0,2.5
597,2019.02.18,2.2,0.0,2.95
598,2019.02.19,2.3,0.2,4.550000000000001
599,2019.02.20,4.9,0.0,4.05
600,2019.02.21,4.2,0.5,3.9499999999999997
601,2019.02.22,7.6,1.6,-3.6
602,2019.02.23,6.2,0.0,-2.55
603,2019.02.24,3.3,0.0,1.25
604,2019.02.25,3.0,0.0,3.3
605,2019.02.26,6.9,0.0,4.7
606,2019.02.27,5.0,0.0,6.9
607,2019.02.28,8.4,0.0,8.15
608,2019.03.01,5.5,0.1,4.7
609,2019.03.02,4.5,0.4,7.3999999999999995
610,2019.03.03,5.7,0.5,9.45
611,2019.03.04,9.8,0.0,8.45
612,2019.03.05,6.9,1.5,8.55
613,2019.03.06,4.7,0.5,11.85
614,2019.03.07,8.8,0.0,11.3
615,2019.03.08,4.7,1.7,9.3
616,2019.03.09,5.8,0.2,10.3
617,2019.03.10,9.1,0.2,6.550000000000001
618,2019.03.11,14.0,0.3,3.95
619,2019.03.12,5.8,0.0,2.2
620,2019.03.13,5.7,2.1,4.3
621,2019.03.14,3.8,0.0,7.3
622,2019.03.15,8.2,2.2,8.85
623,2019.03.16,7.2,0.9,10.600000000000001
624,2019.03.17,6.5,0.0,8.85
625,2019.03.18,8.7,1.5,7.550000000000001
626,2019.03.19,5.5,0.4,6.25
627,2019.03.20,2.1,0.0,5.25
628,2019.03.21,2.0,0.0,7.35
629,2019.03.22,2.0,0.0,9.05
630,2019.03.23,2.8,0.0,11.6
631,2019.03.24,4.8,0.0,9.8
632,2019.03.25,5.5,0.2,8.1
633,2019.03.26,5.9,0.0,5.3
634,2019.03.27,5.6,0.0,6.05
635,2019.03.28,3.6,0.0,8.05
636,2019.03.29,2.2,0.0,8.9
637,2019.03.30,2.0,0.0,10.4
638,2019.03.31,2.5,0.0,10.0
639,2019.04.01,5.9,0.0,10.1
640,2019.04.02,6.6,0.0,11.85
641,2019.04.03,6.6,0.0,13.0
642,2019.04.04,7.0,0.0,10.8
643,2019.04.05,7.7,3.0,10.7
644,2019.04.06,3.5,3.0,12.15
645,2019.04.07,4.0,0.0,14.149999999999999
646,2019.04.08,3.3,0.0,15.5
647,2019.04.09,4.5,0.4,14.2
648,2019.04.10,5.4,0.0,12.1
649,2019.04.11,6.5,6.4,9.1
650,2019.04.12,5.4,13.4,8.9
651,2019.04.13,5.4,0.2,11.4
652,2019.04.14,6.4,1.3,8.5
653,2019.04.15,6.4,0.0,7.45
654,2019.04.16,3.9,0.0,9.299999999999999
655,2019.04.17,3.0,0.0,13.799999999999999
656,2019.04.18,4.1,0.1,16.0
657,2019.04.19,4.0,0.0,15.3
658,2019.04.20,3.2,0.0,16.05
659,2019.04.21,3.6,0.0,15.55
660,2019.04.22,7.1,0.3,10.850000000000001
661,2019.04.23,7.4,4.8,15.799999999999999
662,2019.04.24,6.0,2.1,18.25
663,2019.04.25,6.3,0.0,20.85
664,2019.04.26,6.1,2.8,14.95
665,2019.04.27,6.7,4.3,13.75
666,2019.04.28,8.2,0.4,13.100000000000001
667,2019.04.29,5.2,0.9,12.9
668,2019.04.30,3.8,6.1,14.850000000000001
669,2019.05.01,6.4,0.0,15.950000000000001
670,2019.05.02,5.5,1.0,14.399999999999999
671,2019.05.03,5.9,0.6,14.85
672,2019.05.04,5.0,10.9,9.2
673,2019.05.05,5.8,27.1,9.399999999999999
674,2019.05.06,4.9,9.1,11.0
675,2019.05.07,6.3,0.0,12.8
676,2019.05.08,4.6,0.0,10.65
677,2019.05.09,5.0,17.0,14.600000000000001
678,2019.05.10,6.6,0.6,16.75
679,2019.05.11,3.6,0.8,17.95
680,2019.05.12,4.9,9.8,12.6
681,2019.05.13,6.3,1.2,8.65
682,2019.05.14,6.0,30.3,10.05
683,2019.05.15,3.0,9.3,12.2
684,2019.05.16,2.2,0.1,15.2
685,2019.05.17,2.6,0.0,17.6
686,2019.05.18,3.9,0.2,19.299999999999997
687,2019.05.19,4.7,3.5,19.15
688,2019.05.20,6.0,7.7,16.25
689,2019.05.21,5.4,5.7,15.950000000000001
690,2019.05.22,7.1,1.5,15.55
691,2019.05.23,7.7,0.0,15.5
692,2019.05.24,3.5,2.2,18.75
693,2019.05.25,2.9,0.0,20.8
694,2019.05.26,2.8,0.0,21.450000000000003
695,2019.05.27,4.2,7.8,19.450000000000003
696,2019.05.28,4.2,9.4,18.0
697,2019.05.29,3.3,5.8,14.7
698,2019.05.30,4.2,23.1,18.0
699,2019.05.31,3.3,1.4,20.5
700,2019.06.01,4.9,0.9,22.1
701,2019.06.02,3.6,0.0,23.1
702,2019.06.03,3.5,0.2,23.1
703,2019.06.04,3.3,0.0,23.7
704,2019.06.05,3.9,3.0,21.75
705,2019.06.06,4.8,4.6,22.95
706,2019.06.07,4.1,8.8,22.65
707,2019.06.08,6.0,0.0,23.0
708,2019.06.09,3.6,0.0,25.2
709,2019.06.10,4.2,0.0,26.0
710,2019.06.11,4.4,0.0,26.3
711,2019.06.12,5.4,0.0,27.799999999999997
712,2019.06.13,4.1,3.2,28.15
713,2019.06.14,3.7,0.0,28.7
714,2019.06.15,3.9,0.3,28.049999999999997
715,2019.06.16,4.7,7.1,25.2
716,2019.06.17,3.7,10.7,23.25
717,2019.06.18,4.3,3.0,26.299999999999997
718,2019.06.19,4.8,15.9,26.1
719,2019.06.20,2.5,6.9,25.1
720,2019.06.21,4.5,0.8,26.05
721,2019.06.22,3.3,2.4,23.950000000000003
722,2019.06.23,4.2,20.1,24.65
723,2019.06.24,5.7,0.8,25.85
724,2019.06.25,4.2,0.0,28.2
725,2019.06.26,3.2,0.0,27.85
726,2019.06.27,7.5,0.0,22.25
727,2019.06.28,4.0,0.0,23.4
728,2019.06.29,3.2,0.0,24.9
729,2019.06.30,4.3,0.0,26.5
730,2019.07.01,3.8,0.0,27.049999999999997
731,2019.07.02,6.3,0.0,23.6
732,2019.07.03,5.1,0.0,22.450000000000003
733,2019.07.04,4.2,0.0,24.049999999999997
734,2019.07.05,5.3,0.0,25.200000000000003
735,2019.07.06,5.7,0.0,22.55
736,2019.07.07,6.6,13.3,20.2
737,2019.07.08,4.7,0.0,20.1
738,2019.07.09,5.6,0.0,20.200000000000003
739,2019.07.10,5.7,0.0,19.5
740,2019.07.11,5.2,0.0,19.3
741,2019.07.12,3.5,0.0,19.15
742,2019.07.13,4.9,12.9,20.75
743,2019.07.14,4.9,0.6,20.700000000000003
744,2019.07.15,3.6,0.8,22.05
745,2019.07.16,4.5,0.0,19.65
746,2019.07.17,4.9,0.0,23.3
747,2019.07.18,3.8,1.0,24.35
748,2019.07.19,3.5,2.4,25.5
749,2019.07.20,4.3,0.0,27.0
750,2019.07.21,5.2,0.6,24.85
751,2019.07.22,5.7,0.0,24.5
752,2019.07.23,4.6,0.0,24.85
753,2019.07.24,3.4,0.0,25.85
754,2019.07.25,2.6,0.0,27.55
755,2019.07.26,3.1,0.1,26.0
756,2019.07.27,3.8,12.9,26.450000000000003
757,2019.07.28,5.0,5.4,25.0
758,2019.07.29,4.3,4.3,25.65
759,2019.07.30,5.5,0.0,25.65
760,2019.07.31,4.6,0.0,26.200000000000003
761,2019.08.01,4.4,0.9,24.85
762,2019.08.02,4.3,0.0,22.0
763,2019.08.03,5.6,37.4,22.2
764,2019.08.04,3.0,0.0,23.45
765,2019.08.05,4.2,0.5,25.85
766,2019.08.06,3.0,0.4,27.15
767,2019.08.07,6.0,1.5,24.75
768,2019.08.08,5.9,0.0,26.35
769,2019.08.09,4.1,0.1,28.25
770,2019.08.10,3.2,0.0,28.65
771,2019.08.11,4.7,0.0,30.5
772,2019.08.12,3.7,0.0,24.15
773,2019.08.13,7.2,3.7,20.2
774,2019.08.14,4.6,12.0,20.5
775,2019.08.15,2.5,0.0,22.25
776,2019.08.16,4.3,1.1,22.65
777,2019.08.17,3.1,0.0,24.85
778,2019.08.18,4.2,0.0,27.0
779,2019.08.19,3.3,0.0,28.450000000000003
780,2019.08.20,3.0,0.0,26.35
781,2019.08.21,5.5,0.5,23.549999999999997
782,2019.08.22,3.1,2.3,26.05
783,2019.08.23,2.2,0.0,27.75
784,2019.08.24,4.0,0.0,27.85
785,2019.08.25,3.3,1.5,27.9
786,2019.08.26,4.0,1.3,27.95
787,2019.08.27,3.9,0.9,29.049999999999997
788,2019.08.28,3.2,0.0,29.25
789,2019.08.29,2.9,0.0,29.700000000000003
790,2019.08.30,2.6,0.0,29.05
791,2019.08.31,3.9,0.1,28.549999999999997
792,2019.09.01,3.7,0.0,27.4
793,2019.09.02,4.7,0.0,19.0
794,2019.09.03,6.8,2.2,20.75
795,2019.09.04,1.9,0.0,22.55
796,2019.09.05,2.0,0.0,21.8
797,2019.09.06,4.0,0.0,19.35
798,2019.09.07,3.0,2.4,20.3
799,2019.09.08,2.6,5.3,18.4
800,2019.09.09,5.6,20.3,18.7
801,2019.09.10,3.2,0.0,21.4
802,2019.09.11,2.0,0.0,22.6
803,2019.09.12,5.4,0.0,20.85
804,2019.09.13,4.3,0.0,22.0
805,2019.09.14,4.4,0.0,19.75
806,2019.09.15,3.2,0.0,22.1
807,2019.09.16,3.5,0.0,19.35
808,2019.09.17,6.1,0.0,14.2
809,2019.09.18,8.4,0.0,13.75
810,2019.09.19,4.8,0.0,14.3
811,2019.09.20,3.5,0.0,15.95
812,2019.09.21,2.0,0.0,17.8
813,2019.09.22,4.2,0.0,15.7
814,2019.09.23,4.7,0.0,17.299999999999997
815,2019.09.24,2.1,0.0,17.55
816,2019.09.25,3.3,1.3,17.8
817,2019.09.26,5.2,1.9,18.85
818,2019.09.27,2.8,0.0,16.95
819,2019.09.28,3.6,0.7,18.65
820,2019.09.29,4.4,0.0,19.95
821,2019.09.30,10.7,0.0,18.05
822,2019.10.01,4.7,0.0,19.5
823,2019.10.02,5.5,2.5,12.7
824,2019.10.03,9.1,0.3,12.149999999999999
825,2019.10.04,3.5,0.0,11.7
826,2019.10.05,7.3,4.1,11.75
827,2019.10.06,7.1,0.3,10.149999999999999
828,2019.10.07,3.4,0.0,10.55
829,2019.10.08,4.3,0.0,14.75
830,2019.10.09,7.9,0.0,13.25
831,2019.10.10,6.8,2.2,13.350000000000001
832,2019.10.11,4.2,0.0,15.850000000000001
833,2019.10.12,3.1,0.0,16.950000000000003
834,2019.10.13,2.2,0.0,18.0
835,2019.10.14,3.2,0.0,18.75
836,2019.10.15,3.6,0.0,15.7
837,2019.10.16,3.1,0.0,17.65
838,2019.10.17,1.6,0.0,17.75
839,2019.10.18,3.1,0.0,17.5
840,2019.10.19,5.5,0.0,18.9
841,2019.10.20,5.1,0.0,19.6
842,2019.10.21,3.7,0.0,19.35
843,2019.10.22,1.5,0.0,19.75
844,2019.10.23,2.7,0.0,18.450000000000003
845,2019.10.24,2.8,0.0,18.299999999999997
846,2019.10.25,2.3,0.0,16.7
847,2019.10.26,1.7,0.0,17.0
848,2019.10.27,1.2,0.0,14.75
849,2019.10.28,4.0,0.0,10.350000000000001
850,2019.10.29,2.4,9.8,9.5
851,2019.10.30,3.1,0.0,7.85
852,2019.10.31,1.5,0.0,7.5
853,2019.11.01,3.5,0.0,8.7
854,2019.11.02,4.8,0.0,13.1
855,2019.11.03,6.6,0.4,12.8
856,2019.11.04,5.3,9.6,12.75
857,2019.11.05,6.6,12.3,11.2
858,2019.11.06,4.3,5.1,11.75
859,2019.11.07,2.2,8.2,11.0
860,2019.11.08,4.3,0.0,12.8
861,2019.11.09,3.1,0.0,8.75
862,2019.11.10,4.2,1.3,7.85
863,2019.11.11,6.1,0.0,8.6
864,2019.11.12,3.5,1.9,13.399999999999999
865,2019.11.13,7.7,14.9,8.9
866,2019.11.14,3.9,0.3,11.45
867,2019.11.15,3.8,0.0,13.3
868,2019.11.16,4.0,0.0,12.0
869,2019.11.17,4.6,0.0,11.85
870,2019.11.18,5.0,0.2,9.85
871,2019.11.19,3.5,0.0,10.100000000000001
872,2019.11.20,4.9,4.3,10.5
873,2019.11.21,4.0,5.3,10.100000000000001
874,2019.11.22,5.1,1.3,6.8
875,2019.11.23,5.3,0.0,7.75
876,2019.11.24,4.5,0.0,8.15
877,2019.11.25,1.8,0.0,8.399999999999999
878,2019.11.26,1.2,0.0,7.55
879,2019.11.27,5.0,2.6,9.65
880,2019.11.28,2.6,7.5,9.2
881,2019.11.29,3.8,0.0,3.55
882,2019.11.30,7.4,0.0,2.45
883,2019.12.01,4.7,0.0,1.0
884,2019.12.02,4.7,6.7,-0.30000000000000004
885,2019.12.03,4.1,0.0,-2.1
886,2019.12.04,2.0,0.0,-1.4000000000000001
887,2019.12.05,2.4,0.0,-1.2999999999999998
888,2019.12.06,1.6,0.0,0.5999999999999999
889,2019.12.07,2.6,0.0,3.95
890,2019.12.08,2.1,0.0,5.2
891,2019.12.09,3.3,3.3,3.45
892,2019.12.10,8.3,4.9,1.0
893,2019.12.11,2.6,0.0,2.25
894,2019.12.12,2.9,4.7,4.15
895,2019.12.13,4.5,5.0,4.2
896,2019.12.14,4.2,1.6,4.95
897,2019.12.15,3.4,0.0,6.8999999999999995
898,2019.12.16,3.8,0.0,10.65
899,2019.12.17,6.7,0.0,9.8
900,2019.12.18,3.9,0.0,7.6
901,2019.12.19,2.3,0.0,7.65
902,2019.12.20,6.1,0.0,10.25
903,2019.12.21,6.3,4.5,7.75
904,2019.12.22,6.3,17.2,7.3
905,2019.12.23,9.9,4.9,6.6
906,2019.12.24,9.4,0.0,6.45
907,2019.12.25,6.2,3.1,4.800000000000001
908,2019.12.26,6.0,0.0,3.0999999999999996
909,2019.12.27,4.9,0.0,1.45
910,2019.12.28,7.2,0.0,-0.050000000000000044
911,2019.12.29,3.2,0.0,-0.19999999999999996
912,2019.12.30,2.3,0.0,1.9000000000000001
913,2019.12.31,5.1,0.0,1.6
914,2020.01.01,4.5,0.0,1.4
915,2020.01.02,1.6,0.0,0.85
916,2020.01.03,1.6,0.0,3.9000000000000004
917,2020.01.04,7.4,0.0,1.4
918,2020.01.05,7.9,0.1,0.0
919,2020.01.06,1.7,0.0,0.19999999999999996
920,2020.01.07,1.5,0.0,-0.04999999999999993
921,2020.01.08,1.2,0.0,0.15000000000000002
922,2020.01.09,1.8,0.0,0.4
923,2020.01.10,2.6,0.0,3.35
924,2020.01.11,4.8,0.0,2.5
925,2020.01.12,1.4,0.0,1.2000000000000002
926,2020.01.13,1.9,0.0,1.2
927,2020.01.14,2.1,0.0,1.35
928,2020.01.15,2.3,0.0,1.45
929,2020.01.16,1.4,0.0,1.1
930,2020.01.17,2.2,0.0,0.44999999999999996
931,2020.01.18,2.3,0.0,1.45
932,2020.01.19,2.5,0.1,2.1500000000000004
933,2020.01.20,2.6,0.0,1.55
934,2020.01.21,1.5,0.0,0.95
935,2020.01.22,4.7,0.0,1.4
936,2020.01.23,4.6,0.0,0.04999999999999993
937,2020.01.24,1.9,0.0,0.35000000000000003
938,2020.01.25,1.6,0.9,0.75
939,2020.01.26,1.9,0.4,3.6
940,2020.01.27,2.0,0.0,2.5
941,2020.01.28,3.6,6.8,3.4
942,2020.01.29,6.8,0.1,2.4
943,2020.01.30,6.7,0.4,6.25
944,2020.01.31,7.1,0.7,8.05
945,2020.02.01,3.3,0.0,10.7
946,2020.02.02,8.4,0.4,9.05
947,2020.02.03,7.6,5.0,5.2
948,2020.02.04,12.6,9.8,3.95
949,2020.02.05,11.2,0.0,2.1
950,2020.02.06,7.3,0.0,4.0
951,2020.02.07,5.3,0.0,1.65
952,2020.02.08,3.7,0.0,2.35
953,2020.02.09,2.9,0.0,7.75
954,2020.02.10,8.6,0.4,6.15
955,2020.02.11,11.0,2.1,4.300000000000001
956,2020.02.12,7.3,0.0,4.4
957,2020.02.13,6.3,1.0,6.45
958,2020.02.14,6.7,4.3,5.35
959,2020.02.15,3.4,0.0,5.55
960,2020.02.16,3.6,0.0,7.3
961,2020.02.17,2.6,0.0,8.4
962,2020.02.18,6.1,0.4,5.45
963,2020.02.19,6.0,0.2,4.5
964,2020.02.20,5.8,0.0,5.2
965,2020.02.21,8.8,0.4,5.1
966,2020.02.22,4.9,0.0,7.9
967,2020.02.23,8.5,0.4,8.65
968,2020.02.24,9.6,1.9,9.3
969,2020.02.25,5.5,1.9,6.800000000000001
970,2020.02.26,7.7,7.1,4.7
971,2020.02.27,7.8,0.0,4.6
972,2020.02.28,11.9,3.7,5.15
973,2020.02.29,6.6,0.0,8.05
974,2020.03.01,6.2,5.6,9.95
975,2020.03.02,6.6,12.9,8.3
976,2020.03.03,4.7,4.3,7.0
977,2020.03.04,6.4,0.0,6.3500000000000005
978,2020.03.05,4.0,0.0,4.699999999999999
979,2020.03.06,4.8,11.8,7.1000000000000005
980,2020.03.07,6.8,1.2,5.75
981,2020.03.08,4.5,0.0,6.7
982,2020.03.09,2.6,0.0,7.8500000000000005
983,2020.03.10,4.6,0.0,10.7
984,2020.03.11,4.8,1.5,13.1
985,2020.03.12,5.3,0.0,10.15
986,2020.03.13,7.6,0.4,7.25
987,2020.03.14,5.8,0.0,5.5
988,2020.03.15,4.1,0.0,6.55
989,2020.03.16,6.1,0.0,8.6
990,2020.03.17,1.5,0.0,11.65
991,2020.03.18,1.7,0.0,13.05
992,2020.03.19,2.2,0.0,14.05
993,2020.03.20,2.8,0.0,10.1
994,2020.03.21,6.9,2.9,3.5999999999999996
995,2020.03.22,4.8,1.0,1.85
996,2020.03.23,9.3,1.1,3.15
997,2020.03.24,7.7,0.0,2.75
998,2020.03.25,6.2,0.0,7.45
999,2020.03.26,5.4,0.0,10.3
1000,2020.03.27,3.6,0.0,12.2
1001,2020.03.28,2.7,0.0,12.3
1002,2020.03.29,5.7,0.0,5.05
1003,2020.03.30,4.2,1.4,4.95
1004,2020.03.31,2.8,0.0,6.55
1005,2020.04.01,1.9,0.0,7.15
1006,2020.04.02,2.8,0.0,9.0
1007,2020.04.03,4.1,0.0,10.8
1008,2020.04.04,3.8,0.0,11.9
1009,2020.04.05,4.6,0.0,11.8
1010,2020.04.06,3.8,0.0,12.6
1011,2020.04.07,1.9,0.0,14.5
1012,2020.04.08,1.4,0.0,15.9
1013,2020.04.09,3.9,0.0,15.65
1014,2020.04.10,4.7,0.0,14.75
1015,2020.04.11,2.5,0.0,14.35
1016,2020.04.12,3.4,0.0,16.5
1017,2020.04.13,6.1,0.3,9.05
1018,2020.04.14,6.9,0.2,9.45
1019,2020.04.15,5.0,0.0,13.8
1020,2020.04.16,4.1,0.0,16.4
1021,2020.04.17,5.4,0.0,16.6
1022,2020.04.18,3.0,1.0,14.7
1023,2020.04.19,5.1,11.4,11.9
1024,2020.04.20,5.5,0.0,12.0
1025,2020.04.21,6.0,0.0,12.8
1026,2020.04.22,4.1,0.0,14.05
1027,2020.04.23,2.8,0.0,15.149999999999999
1028,2020.04.24,4.7,0.0,15.35
1029,2020.04.25,8.5,0.4,13.75
1030,2020.04.26,3.2,0.0,14.850000000000001
1031,2020.04.27,3.9,0.0,17.15
1032,2020.04.28,5.3,2.5,16.299999999999997
1033,2020.04.29,5.6,3.1,16.55
1034,2020.04.30,6.3,0.5,16.6
1035,2020.05.01,4.8,1.1,15.85
1036,2020.05.02,6.0,0.0,14.350000000000001
1037,2020.05.03,7.9,0.0,14.75
1038,2020.05.04,4.1,0.1,14.75
1039,2020.05.05,7.4,4.8,11.8
1040,2020.05.06,8.5,0.0,12.850000000000001
1041,2020.05.07,8.0,0.0,15.75
1042,2020.05.08,2.6,0.0,18.6
1043,2020.05.09,3.4,0.0,19.9
1044,2020.05.10,4.2,0.0,20.200000000000003
1045,2020.05.11,8.3,0.0,11.95
1046,2020.05.12,7.9,0.0,9.25
1047,2020.05.13,3.5,1.0,16.85
1048,2020.05.14,4.7,0.6,15.25
1049,2020.05.15,7.6,4.1,14.5
1050,2020.05.16,3.1,0.0,16.85
1051,2020.05.17,3.5,6.3,19.0
1052,2020.05.18,2.4,0.0,20.9
1053,2020.05.19,4.0,0.1,17.7
1054,2020.05.20,3.7,9.7,16.6
1055,2020.05.21,4.9,0.0,15.05
1056,2020.05.22,4.1,0.0,14.9
1057,2020.05.23,3.1,1.5,15.95
1058,2020.05.24,9.9,2.7,14.95
1059,2020.05.25,7.1,0.2,15.45
1060,2020.05.26,4.8,2.0,16.95
1061,2020.05.27,3.9,1.2,17.0
1062,2020.05.28,6.1,0.3,16.45
1063,2020.05.29,4.8,1.2,16.1
1064,2020.05.30,3.9,5.1,12.05
1065,2020.05.31,8.3,0.0,17.25
1066,2020.06.01,4.3,1.5,16.7
1067,2020.06.02,4.8,0.2,16.75
1068,2020.06.03,3.9,1.3,19.55
1069,2020.06.04,7.9,1.3,19.950000000000003
1070,2020.06.05,7.6,9.1,20.35
1071,2020.06.06,3.4,1.9,23.15
1072,2020.06.07,4.5,12.1,19.5
1073,2020.06.08,4.2,3.1,21.0
1074,2020.06.09,2.1,1.6,21.9
1075,2020.06.10,3.3,8.2,21.85
1076,2020.06.11,3.0,2.4,21.5
1077,2020.06.12,2.2,0.4,24.65
1078,2020.06.13,2.3,1.2,25.25
1079,2020.06.14,3.2,17.6,20.85
1080,2020.06.15,3.3,19.0,19.65
1081,2020.06.16,4.1,19.3,21.0
1082,2020.06.17,3.8,9.9,20.55
1083,2020.06.18,5.5,10.2,20.4
1084,2020.06.19,7.9,0.0,18.450000000000003
1085,2020.06.20,7.6,0.0,18.15
1086,2020.06.21,6.8,2.8,19.950000000000003
1087,2020.06.22,5.8,0.8,22.5
1088,2020.06.23,4.4,0.0,20.450000000000003
1089,2020.06.24,3.7,0.0,22.85
1090,2020.06.25,3.3,0.0,25.0
1091,2020.06.26,6.2,3.6,25.549999999999997
1092,2020.06.27,4.4,2.3,27.95
1093,2020.06.28,3.5,0.0,25.55
1094,2020.06.29,9.6,2.3,22.8
1095,2020.06.30,4.8,0.0,25.6
1096,2020.07.01,4.1,0.0,27.450000000000003
1097,2020.07.02,3.1,3.9,23.299999999999997
1098,2020.07.03,7.0,6.4,24.25
1099,2020.07.04,3.5,1.2,24.3
1100,2020.07.05,4.1,0.0,25.85
1101,2020.07.06,7.6,0.0,19.450000000000003
1102,2020.07.07,9.1,1.3,21.35
1103,2020.07.08,3.5,0.0,23.049999999999997
1104,2020.07.09,3.7,0.0,26.25
1105,2020.07.10,4.8,0.0,24.65
1106,2020.07.11,6.3,3.5,19.4
1107,2020.07.12,5.2,4.0,20.450000000000003
1108,2020.07.13,3.2,0.3,21.0
1109,2020.07.14,2.2,0.0,22.05
1110,2020.07.15,3.4,0.0,21.6
1111,2020.07.16,5.0,0.0,19.75
1112,2020.07.17,4.7,0.8,19.15
1113,2020.07.18,2.6,2.1,21.9
1114,2020.07.19,2.2,3.2,23.65
1115,2020.07.20,4.1,0.0,25.6
1116,2020.07.21,3.8,0.4,24.549999999999997
1117,2020.07.22,3.9,2.8,26.05
1118,2020.07.23,3.8,0.0,25.5
1119,2020.07.24,4.8,7.3,23.75
1120,2020.07.25,4.1,5.7,24.299999999999997
1121,2020.07.26,4.1,0.0,25.299999999999997
1122,2020.07.27,4.2,0.0,27.75
1123,2020.07.28,4.4,0.0,27.15
1124,2020.07.29,5.0,0.0,28.4
1125,2020.07.30,3.2,0.0,28.0
1126,2020.07.31,4.6,0.0,25.0
1127,2020.08.01,3.9,0.0,25.15
1128,2020.08.02,4.3,0.0,26.6
1129,2020.08.03,5.2,0.5,25.1
1130,2020.08.04,5.4,4.3,22.8
1131,2020.08.05,3.1,3.4,25.1
1132,2020.08.06,4.7,1.3,27.1
1133,2020.08.07,5.8,0.0,28.549999999999997
1134,2020.08.08,3.8,0.0,28.9
1135,2020.08.09,3.1,0.0,29.15
1136,2020.08.10,2.8,1.5,28.3
1137,2020.08.11,3.8,1.4,28.1
1138,2020.08.12,4.0,0.0,26.950000000000003
1139,2020.08.13,3.2,0.0,27.8
1140,2020.08.14,3.3,0.0,25.95
1141,2020.08.15,2.6,1.1,23.25
1142,2020.08.16,3.4,25.9,26.35
1143,2020.08.17,3.9,4.4,24.75
1144,2020.08.18,4.3,6.6,24.5
1145,2020.08.19,4.5,1.1,25.05
1146,2020.08.20,3.6,0.0,26.950000000000003
1147,2020.08.21,2.7,0.0,28.049999999999997
1148,2020.08.22,2.1,0.0,25.15
1149,2020.08.23,4.9,3.7,25.45
1150,2020.08.24,4.0,0.0,23.85
1151,2020.08.25,4.6,0.0,25.35
1152,2020.08.26,5.6,0.0,22.8
1153,2020.08.27,7.7,0.0,24.05
1154,2020.08.28,4.8,0.0,27.400000000000002
1155,2020.08.29,6.7,0.0,28.849999999999998
1156,2020.08.30,7.6,0.0,22.65
1157,2020.08.31,7.0,0.2,17.7
1158,2020.09.01,5.5,16.7,18.95
1159,2020.09.02,5.3,0.0,21.1
1160,2020.09.03,4.1,0.0,21.299999999999997
1161,2020.09.04,3.0,0.0,24.299999999999997
1162,2020.09.05,2.4,0.0,25.55
1163,2020.09.06,2.3,0.0,23.45
1164,2020.09.07,4.9,0.2,21.7
1165,2020.09.08,2.8,0.0,23.25
1166,2020.09.09,2.1,0.0,23.65
1167,2020.09.10,3.0,0.0,23.55
1168,2020.09.11,2.8,0.0,25.05
1169,2020.09.12,3.0,0.0,26.25
1170,2020.09.13,2.7,0.0,26.45
1171,2020.09.14,3.9,0.0,26.75
1172,2020.09.15,3.9,0.0,26.75
1173,2020.09.16,2.7,0.0,25.2
1174,2020.09.17,3.9,0.8,20.35
1175,2020.09.18,3.6,0.0,19.8
1176,2020.09.19,2.6,0.0,21.0
1177,2020.09.20,4.0,0.0,22.3
1178,2020.09.21,4.1,0.0,23.3
1179,2020.09.22,4.7,0.0,22.9
1180,2020.09.23,2.5,1.8,21.9
1181,2020.09.24,2.0,1.0,20.05
1182,2020.09.25,5.6,9.2,15.05
1183,2020.09.26,7.6,10.4,13.2
1184,2020.09.27,6.0,0.0,16.450000000000003
1185,2020.09.28,6.0,8.5,15.2
1186,2020.09.29,6.0,0.2,13.95
1187,2020.09.30,6.9,0.2,14.850000000000001
1188,2020.10.01,5.2,6.0,17.05
1189,2020.10.02,4.3,0.2,21.55
1190,2020.10.03,6.9,0.0,20.0
1191,2020.10.04,6.4,6.0,19.5
1192,2020.10.05,5.7,0.0,18.35
1193,2020.10.06,4.3,0.0,15.2
1194,2020.10.07,6.8,2.5,14.700000000000001
1195,2020.10.08,6.6,0.0,15.45
1196,2020.10.09,2.5,0.0,17.85
1197,2020.10.10,2.3,0.0,13.6
1198,2020.10.11,3.7,1.5,11.55
1199,2020.10.12,4.9,30.1,9.05
1200,2020.10.13,7.9,32.5,10.3
1201,2020.10.14,8.9,8.8,11.45
1202,2020.10.15,4.2,10.4,11.05
1203,2020.10.16,3.8,0.9,9.6
1204,2020.10.17,5.5,0.0,10.100000000000001
1205,2020.10.18,6.0,0.0,11.05
1206,2020.10.19,2.8,0.0,12.2
1207,2020.10.20,4.0,0.0,12.75
1208,2020.10.21,4.2,0.0,13.0
1209,2020.10.22,3.2,0.0,13.6
1210,2020.10.23,1.8,0.0,15.0
1211,2020.10.24,5.6,0.0,13.100000000000001
1212,2020.10.25,2.3,4.5,15.35
1213,2020.10.26,6.6,0.0,15.100000000000001
1214,2020.10.27,3.0,0.0,14.65
1215,2020.10.28,2.1,0.0,14.049999999999999
1216,2020.10.29,5.7,0.4,10.7
1217,2020.10.30,5.5,2.0,14.8
1218,2020.10.31,6.9,0.9,11.25
1219,2020.11.01,2.3,0.6,12.649999999999999
1220,2020.11.02,1.8,1.5,15.35
1221,2020.11.03,1.5,0.0,13.45
1222,2020.11.04,0.9,3.7,11.15
1223,2020.11.05,3.7,8.7,10.399999999999999
1224,2020.11.06,1.6,0.0,10.649999999999999
1225,2020.11.07,1.5,0.0,10.3
1226,2020.11.08,1.4,0.0,10.45
1227,2020.11.09,0.8,0.0,10.350000000000001
1228,2020.11.10,1.3,0.0,9.05
1229,2020.11.11,1.3,0.0,8.65
1230,2020.11.12,3.0,0.0,9.0
1231,2020.11.13,1.1,0.0,8.8
1232,2020.11.14,1.7,0.0,8.7
1233,2020.11.15,2.7,0.0,8.35
1234,2020.11.16,3.3,0.3,9.1
1235,2020.11.17,2.0,0.0,9.2
1236,2020.11.18,1.6,0.0,8.25
1237,2020.11.19,2.5,1.1,6.3500000000000005
1238,2020.11.20,5.9,0.0,4.25
1239,2020.11.21,3.1,0.0,3.6500000000000004
1240,2020.11.22,2.3,0.0,4.7
1241,2020.11.23,2.2,0.0,4.3
1242,2020.11.24,2.2,0.0,3.5500000000000003
1243,2020.11.25,2.1,0.0,3.5
1244,2020.11.26,1.3,0.0,3.65
1245,2020.11.27,0.7,0.0,2.3
1246,2020.11.28,1.8,0.0,2.15
1247,2020.11.29,1.4,0.0,1.4
1248,2020.11.30,1.5,0.0,0.75
1249,2020.12.01,2.9,0.0,1.1
1250,2020.12.02,2.8,0.0,1.4
1251,2020.12.03,5.7,1.3,4.8
1252,2020.12.04,4.8,0.0,7.35
1253,2020.12.05,3.6,0.0,9.3
1254,2020.12.06,6.6,0.0,7.75
1255,2020.12.07,6.8,10.6,5.9
1256,2020.12.08,5.6,0.0,4.5
1257,2020.12.09,5.2,3.7,5.4
1258,2020.12.10,4.2,7.8,4.9
1259,2020.12.11,2.1,0.0,3.95
1260,2020.12.12,3.0,0.0,4.55
1261,2020.12.13,3.1,0.0,3.75
1262,2020.12.14,2.2,0.0,3.1999999999999997
1263,2020.12.15,2.5,0.0,2.8
1264,2020.12.16,1.4,0.0,3.2
1265,2020.12.17,1.3,0.0,4.95
1266,2020.12.18,1.0,0.0,3.75
1267,2020.12.19,2.1,0.0,3.25
1268,2020.12.20,2.2,0.0,3.25
1269,2020.12.21,2.2,0.0,3.8
1270,2020.12.22,2.1,2.6,7.300000000000001
1271,2020.12.23,2.4,0.7,8.399999999999999
1272,2020.12.24,6.0,1.1,5.1
1273,2020.12.25,6.1,0.0,2.5
1274,2020.12.26,4.1,0.0,1.75
1275,2020.12.27,4.3,0.1,6.1000000000000005
1276,2020.12.28,9.2,4.4,7.6
1277,2020.12.29,9.7,1.6,6.300000000000001
1278,2020.12.30,4.0,3.3,5.25
1279,2020.12.31,2.6,0.0,3.3000000000000003
1280,2021.01.01,2.5,0.0,4.550000000000001
1281,2021.01.02,3.8,0.0,4.6
1282,2021.01.03,4.6,0.9,5.300000000000001
1283,2021.01.04,2.8,0.2,5.7
1284,2021.01.05,4.2,0.0,3.9
1285,2021.01.06,3.6,2.1,3.0999999999999996
1286,2021.01.07,5.3,1.5,2.1
1287,2021.01.08,2.4,1.0,1.2
1288,2021.01.09,2.8,0.0,0.85
1289,2021.01.10,2.7,0.0,0.95
1290,2021.01.11,2.8,0.0,0.04999999999999993
1291,2021.01.12,2.6,0.0,0.75
1292,2021.01.13,6.4,1.2,-0.49999999999999994
1293,2021.01.14,7.4,1.7,-0.95
1294,2021.01.15,5.1,0.0,-2.25
1295,2021.01.16,5.9,0.0,-2.9
1296,2021.01.17,5.2,0.0,-4.300000000000001
1297,2021.01.18,2.6,0.0,0.050000000000000044
1298,2021.01.19,3.4,0.0,3.4
1299,2021.01.20,4.7,0.4,6.3
1300,2021.01.21,5.3,0.0,7.3999999999999995
1301,2021.01.22,6.3,0.5,7.85
1302,2021.01.23,5.6,7.0,4.3
1303,2021.01.24,7.1,1.3,2.0
1304,2021.01.25,7.8,2.1,1.55
1305,2021.01.26,6.0,0.0,1.5
1306,2021.01.27,6.0,0.0,0.8999999999999999
1307,2021.01.28,3.8,0.0,3.7
1308,2021.01.29,4.0,2.5,6.699999999999999
1309,2021.01.30,6.7,0.0,1.25
1310,2021.01.31,5.1,0.9,2.4
1311,2021.02.01,2.4,0.0,3.8
1312,2021.02.02,2.1,0.0,6.15
1313,2021.02.03,4.6,0.5,9.0
1314,2021.02.04,8.3,0.1,5.550000000000001
1315,2021.02.05,2.7,1.8,6.05
1316,2021.02.06,4.0,0.5,6.0
1317,2021.02.07,4.1,4.5,3.8499999999999996
1318,2021.02.08,6.1,3.5,2.2
1319,2021.02.09,3.1,13.4,4.449999999999999
1320,2021.02.10,2.6,10.7,-2.05
1321,2021.02.11,11.3,0.8,-5.25
1322,2021.02.12,6.3,0.0,-4.85
1323,2021.02.13,3.6,0.0,-1.5
1324,2021.02.14,3.4,0.0,-1.7499999999999998
1325,2021.02.15,4.4,0.0,-0.25
1326,2021.02.16,2.1,0.0,1.55
1327,2021.02.17,5.1,0.2,4.1
1328,2021.02.18,4.4,0.0,2.3
1329,2021.02.19,2.6,0.0,4.6
1330,2021.02.20,2.3,0.0,5.4
1331,2021.02.21,3.8,0.0,6.15
1332,2021.02.22,3.0,0.0,7.199999999999999
1333,2021.02.23,2.1,0.0,9.6
1334,2021.02.24,1.0,0.0,10.75
1335,2021.02.25,1.6,0.0,11.3
1336,2021.02.26,1.8,0.0,7.9
1337,2021.02.27,7.8,0.0,5.8
1338,2021.02.28,2.4,0.0,7.1499999999999995
1339,2021.03.01,2.2,0.0,7.85
1340,2021.03.02,2.6,0.0,9.4
1341,2021.03.03,2.3,0.0,10.2
1342,2021.03.04,2.5,0.0,6.9
1343,2021.03.05,5.1,0.2,3.8499999999999996
1344,2021.03.06,3.0,0.4,4.6
1345,2021.03.07,3.7,0.0,5.1
1346,2021.03.08,5.4,0.0,3.6500000000000004
1347,2021.03.09,3.7,0.0,4.65
1348,2021.03.10,3.1,0.0,5.3
1349,2021.03.11,5.7,0.0,8.8
1350,2021.03.12,6.0,1.3,9.35
1351,2021.03.13,5.3,0.0,9.0
1352,2021.03.14,5.8,0.9,6.75
1353,2021.03.15,6.0,0.0,6.6
1354,2021.03.16,6.6,0.0,6.2
1355,2021.03.17,5.7,0.0,5.300000000000001
1356,2021.03.18,3.4,0.0,4.3
1357,2021.03.19,2.9,2.7,4.6
1358,2021.03.20,3.5,0.0,3.0
1359,2021.03.21,4.2,0.0,4.5
1360,2021.03.22,5.2,0.1,6.2
1361,2021.03.23,4.3,0.0,5.449999999999999
1362,2021.03.24,3.7,0.5,7.3
1363,2021.03.25,2.1,0.0,9.95
1364,2021.03.26,2.6,0.0,11.9
1365,2021.03.27,7.6,0.0,8.9
1366,2021.03.28,5.4,0.0,11.15
1367,2021.03.29,4.1,0.0,12.15
1368,2021.03.30,1.6,0.0,14.350000000000001
1369,2021.03.31,2.2,0.0,16.1
1370,2021.04.01,3.6,9.2,12.75
1371,2021.04.02,7.5,0.4,8.45
1372,2021.04.03,7.4,4.5,8.149999999999999
1373,2021.04.04,3.3,0.2,9.55
1374,2021.04.05,6.4,0.0,4.0
1375,2021.04.06,7.0,3.3,4.1
1376,2021.04.07,7.6,0.3,4.2
1377,2021.04.08,7.2,1.4,8.05
1378,2021.04.09,5.8,0.0,10.899999999999999
1379,2021.04.10,6.2,0.0,12.25
1380,2021.04.11,5.5,0.0,14.600000000000001
1381,2021.04.12,5.8,0.6,4.9
1382,2021.04.13,4.5,20.8,4.6
1383,2021.04.14,4.0,6.9,6.15
1384,2021.04.15,6.4,0.0,5.0
1385,2021.04.16,4.5,0.0,7.949999999999999
1386,2021.04.17,3.1,0.0,9.0
1387,2021.04.18,2.4,2.9,9.05
1388,2021.04.19,2.8,4.9,9.55
1389,2021.04.20,3.0,0.0,12.35
1390,2021.04.21,4.6,0.1,12.8
1391,2021.04.22,7.1,2.6,10.2
1392,2021.04.23,5.7,0.0,10.95
1393,2021.04.24,3.4,0.0,12.2
1394,2021.04.25,5.5,0.5,10.45
1395,2021.04.26,3.1,0.0,9.45
1396,2021.04.27,5.0,0.2,10.3
1397,2021.04.28,3.5,0.0,14.6
1398,2021.04.29,4.2,2.2,15.0
1399,2021.04.30,3.4,0.3,17.45
1400,2021.05.01,5.1,1.5,13.700000000000001
1401,2021.05.02,7.5,13.3,11.6
1402,2021.05.03,5.1,0.0,13.450000000000001
1403,2021.05.04,5.5,0.0,14.65
1404,2021.05.05,6.9,0.3,11.05
1405,2021.05.06,3.5,0.2,12.0
1406,2021.05.07,4.0,9.4,10.4
1407,2021.05.08,3.9,0.0,13.75
1408,2021.05.09,5.3,0.0,17.6
1409,2021.05.10,5.9,0.0,19.15
1410,2021.05.11,5.4,0.0,18.75
1411,2021.05.12,4.5,0.2,13.149999999999999
1412,2021.05.13,5.3,0.1,14.100000000000001
1413,2021.05.14,5.7,0.6,14.7
1414,2021.05.15,2.7,1.9,15.25
1415,2021.05.16,5.4,1.6,12.25
1416,2021.05.17,6.8,13.2,13.799999999999999
1417,2021.05.18,7.3,0.0,12.0
1418,2021.05.19,3.8,3.7,11.0
1419,2021.05.20,7.2,20.9,14.85
1420,2021.05.21,4.9,0.0,13.3
1421,2021.05.22,5.0,0.5,11.65
1422,2021.05.23,2.7,5.7,14.35
1423,2021.05.24,5.7,0.7,13.6
1424,2021.05.25,6.8,1.5,14.200000000000001
1425,2021.05.26,2.5,0.0,15.649999999999999
1426,2021.05.27,4.8,0.0,15.45
1427,2021.05.28,6.9,0.0,15.55
1428,2021.05.29,6.2,0.0,13.850000000000001
1429,2021.05.30,4.5,4.0,14.85
1430,2021.05.31,3.6,3.4,13.75
1431,2021.06.01,4.2,0.1,17.0
1432,2021.06.02,1.8,0.0,18.95
1433,2021.06.03,3.1,0.0,20.4
1434,2021.06.04,1.9,0.0,21.450000000000003
1435,2021.06.05,3.9,0.0,19.65
1436,2021.06.06,2.5,2.5,21.1
1437,2021.06.07,3.1,0.3,22.45
1438,2021.06.08,2.4,0.3,22.35
1439,2021.06.09,2.9,1.0,21.4
1440,2021.06.10,1.7,2.8,20.1
1441,2021.06.11,2.8,0.0,21.7
1442,2021.06.12,4.2,0.0,18.4
1443,2021.06.13,8.1,0.0,16.35
1444,2021.06.14,3.2,0.0,19.8
1445,2021.06.15,3.5,0.0,22.75
1446,2021.06.16,3.4,0.0,24.5
1447,2021.06.17,3.6,0.0,25.049999999999997
1448,2021.06.18,3.4,0.0,26.85
1449,2021.06.19,3.3,1.7,25.8
1450,2021.06.20,2.0,2.0,27.5
1451,2021.06.21,4.9,0.3,27.3
1452,2021.06.22,4.0,0.7,29.299999999999997
1453,2021.06.23,3.8,0.0,29.85
1454,2021.06.24,4.0,0.0,24.85
1455,2021.06.25,4.8,0.6,24.4
1456,2021.06.26,3.8,0.0,25.15
1457,2021.06.27,2.6,0.0,27.049999999999997
1458,2021.06.28,5.0,0.1,27.299999999999997
1459,2021.06.29,4.8,0.0,25.200000000000003
1460,2021.06.30,4.8,0.0,22.15
1461,2021.07.01,6.3,1.4,20.3
1462,2021.07.02,6.2,0.0,21.0
1463,2021.07.03,4.7,0.0,23.65
1464,2021.07.04,3.6,0.0,23.5
1465,2021.07.05,4.8,0.0,26.200000000000003
1466,2021.07.06,2.5,0.0,29.35
1467,2021.07.07,4.4,0.0,31.55
1468,2021.07.08,5.0,0.4,28.25
1469,2021.07.09,6.5,8.8,24.05
1470,2021.07.10,3.1,0.0,26.55
1471,2021.07.11,4.3,4.9,25.6
1472,2021.07.12,2.7,1.9,29.950000000000003
1473,2021.07.13,4.4,0.0,29.35
1474,2021.07.14,5.1,1.9,26.65
1475,2021.07.15,3.7,0.0,27.65
1476,2021.07.16,5.5,12.2,25.55
1477,2021.07.17,3.5,5.1,26.0
1478,2021.07.18,5.1,6.9,22.7
1479,2021.07.19,3.5,9.6,23.75
1480,2021.07.20,5.5,0.1,20.950000000000003
1481,2021.07.21,3.2,0.0,23.9
1482,2021.07.22,1.8,0.0,24.4
1483,2021.07.23,1.6,0.0,26.700000000000003
1484,2021.07.24,3.2,0.0,27.9
1485,2021.07.25,5.7,0.6,27.25
1486,2021.07.26,4.8,1.8,28.25
1487,2021.07.27,3.3,0.0,30.599999999999998
1488,2021.07.28,5.2,0.0,27.3
1489,2021.07.29,4.2,0.2,30.15
1490,2021.07.30,4.3,0.2,26.65
1491,2021.07.31,5.1,3.3,28.0
1492,2021.08.01,7.8,4.8,22.049999999999997
1493,2021.08.02,6.1,0.0,24.05
1494,2021.08.03,4.0,0.9,25.55
1495,2021.08.04,3.5,0.0,20.6
1496,2021.08.05,4.2,12.8,21.25
1497,2021.08.06,6.8,0.0,26.849999999999998
1498,2021.08.07,4.5,0.0,26.1
1499,2021.08.08,4.4,2.6,24.450000000000003
1500,2021.08.09,4.3,0.3,27.6
1501,2021.08.10,2.9,0.0,28.25
1502,2021.08.11,5.1,0.0,26.299999999999997
1503,2021.08.12,4.0,0.0,27.25
1504,2021.08.13,2.6,0.0,30.0
1505,2021.08.14,4.5,0.1,30.95
1506,2021.08.15,6.7,5.0,29.4
1507,2021.08.16,2.8,1.1,20.55
1508,2021.08.17,7.7,0.3,19.35
1509,2021.08.18,6.0,1.0,21.8
1510,2021.08.19,4.6,0.0,24.4
1511,2021.08.20,2.9,0.0,25.950000000000003
1512,2021.08.21,4.1,0.0,26.95
1513,2021.08.22,3.5,0.0,21.75
1514,2021.08.23,6.1,0.1,21.3
1515,2021.08.24,4.4,0.1,18.799999999999997
1516,2021.08.25,2.8,0.0,20.0
1517,2021.08.26,6.0,0.7,18.05
1518,2021.08.27,4.8,1.4,18.0
1519,2021.08.28,2.6,2.4,18.55
1520,2021.08.29,3.1,9.4,18.35
1521,2021.08.30,3.7,3.4,18.9
1522,2021.08.31,6.4,1.1,17.65
1523,2021.09.01,8.4,0.5,18.6
1524,2021.09.02,3.1,0.0,21.35
1525,2021.09.03,2.8,0.0,21.950000000000003
1526,2021.09.04,2.7,0.0,22.1
1527,2021.09.05,5.3,0.0,20.6
1528,2021.09.06,2.6,0.0,21.799999999999997
1529,2021.09.07,2.1,0.0,22.4
1530,2021.09.08,2.0,0.0,22.4
1531,2021.09.09,3.5,0.0,23.15
1532,2021.09.10,1.9,0.0,23.65
1533,2021.09.11,1.4,0.0,24.35
1534,2021.09.12,2.0,0.0,24.700000000000003
1535,2021.09.13,3.2,0.0,24.4
1536,2021.09.14,2.0,0.0,25.9
1537,2021.09.15,2.3,0.0,24.9
1538,2021.09.16,5.2,0.3,19.75
1539,2021.09.17,7.3,2.8,18.15
1540,2021.09.18,6.3,0.0,17.95
1541,2021.09.19,4.5,0.0,15.4
1542,2021.09.20,3.2,0.0,14.350000000000001
1543,2021.09.21,3.8,0.0,13.600000000000001
1544,2021.09.22,6.5,0.3,14.8
1545,2021.09.23,3.5,0.0,17.25
1546,2021.09.24,6.8,0.0,20.45
1547,2021.09.25,3.6,0.0,22.15
1548,2021.09.26,2.6,0.0,20.6
1549,2021.09.27,3.6,1.5,18.4
1550,2021.09.28,3.1,0.0,17.75
1551,2021.09.29,3.8,0.0,14.5
1552,2021.09.30,3.9,10.1,15.05
1553,2021.10.01,2.9,0.0,16.75
1554,2021.10.02,5.3,0.0,17.35
1555,2021.10.03,5.4,0.0,18.85
1556,2021.10.04,3.3,0.0,20.05
1557,2021.10.05,6.0,0.0,14.3
1558,2021.10.06,4.4,12.7,13.5
1559,2021.10.07,5.2,9.8,13.95
1560,2021.10.08,5.1,0.0,12.3
1561,2021.10.09,4.5,0.0,10.55
1562,2021.10.10,4.5,0.8,13.2
1563,2021.10.11,3.6,0.2,12.2
1564,2021.10.12,5.4,0.0,10.7
1565,2021.10.13,5.9,0.0,9.45
1566,2021.10.14,3.4,0.0,10.7
1567,2021.10.15,1.5,0.0,12.350000000000001
1568,2021.10.16,2.1,0.0,12.3
1569,2021.10.17,2.0,0.0,12.149999999999999
1570,2021.10.18,2.2,0.0,12.850000000000001
1571,2021.10.19,2.8,0.0,14.05
1572,2021.10.20,4.1,0.0,16.15
1573,2021.10.21,8.9,0.8,11.55
1574,2021.10.22,4.2,1.1,10.600000000000001
1575,2021.10.23,5.4,0.0,9.65
1576,2021.10.24,2.3,0.0,10.05
1577,2021.10.25,3.5,0.0,9.9
1578,2021.10.26,3.2,0.0,10.85
1579,2021.10.27,1.6,0.0,11.25
1580,2021.10.28,2.1,0.0,12.0
1581,2021.10.29,4.3,0.0,12.700000000000001
1582,2021.10.30,5.6,0.0,12.149999999999999
1583,2021.10.31,4.1,0.0,10.9
1584,2021.11.01,3.8,0.0,10.15
1585,2021.11.02,6.9,8.3,9.55
1586,2021.11.03,4.2,0.0,13.25
1587,2021.11.04,5.4,11.2,9.0
1588,2021.11.05,3.7,0.0,8.9
1589,2021.11.06,2.9,0.0,9.45
1590,2021.11.07,1.8,0.7,9.3
1591,2021.11.08,4.8,5.6,9.0
1592,2021.11.09,1.9,0.0,8.5
1593,2021.11.10,4.2,0.0,8.649999999999999
1594,2021.11.11,2.7,0.0,8.35
1595,2021.11.12,1.5,0.0,8.2
1596,2021.11.13,2.2,0.0,9.65
1597,2021.11.14,1.8,0.0,10.05
1598,2021.11.15,2.3,0.0,8.15
1599,2021.11.16,1.9,0.0,7.1
1600,2021.11.17,2.3,0.0,8.5
1601,2021.11.18,5.4,0.0,8.1
1602,2021.11.19,5.3,0.0,10.5
1603,2021.11.20,5.9,0.0,8.65
1604,2021.11.21,2.2,0.0,7.85
1605,2021.11.22,2.0,0.0,6.5
1606,2021.11.23,2.5,0.0,4.9
1607,2021.11.24,1.7,0.0,4.75
1608,2021.11.25,3.8,0.0,6.4
1609,2021.11.26,3.5,10.7,4.45
1610,2021.11.27,3.6,0.6,6.6
1611,2021.11.28,3.1,1.5,2.55
1612,2021.11.29,7.1,0.0,2.75
1613,2021.11.30,6.3,2.5,6.5
1614,2021.12.01,8.7,2.0,6.65
1615,2021.12.02,7.0,35.2,3.0999999999999996
1616,2021.12.03,7.1,11.7,1.75
1617,2021.12.04,3.6,0.0,1.55
1618,2021.12.05,2.3,4.2,1.7999999999999998
1619,2021.12.06,3.8,6.4,0.44999999999999996
1620,2021.12.07,4.1,0.0,0.9
1621,2021.12.08,3.9,0.0,1.65
1622,2021.12.09,5.4,5.8,2.15
1623,2021.12.10,3.1,0.0,0.8
1624,2021.12.11,4.7,0.0,1.0
1625,2021.12.12,5.5,0.0,0.9
1626,2021.12.13,2.9,0.0,2.05
1627,2021.12.14,1.7,0.0,2.25
1628,2021.12.15,1.7,0.0,3.1
1629,2021.12.16,2.0,0.0,3.25
1630,2021.12.17,4.6,0.0,2.3
1631,2021.12.18,3.4,0.0,4.0
1632,2021.12.19,7.2,0.0,3.4
1633,2021.12.20,8.1,0.0,0.85
1634,2021.12.21,3.8,0.0,0.0
1635,2021.12.22,1.3,0.0,-1.15
1636,2021.12.23,2.9,0.0,3.2
1637,2021.12.24,3.8,1.3,4.5
1638,2021.12.25,3.3,0.0,1.7999999999999998
1639,2021.12.26,2.7,0.7,1.5
1640,2021.12.27,2.4,3.1,1.2
1641,2021.12.28,2.3,0.4,3.05
1642,2021.12.29,2.4,2.9,3.95
1643,2021.12.30,1.9,0.1,9.05
1644,2021.12.31,3.5,0.2,9.95
1645,2022.01.01,5.7,0.0,8.0
1646,2022.01.02,2.9,0.0,9.4
1647,2022.01.03,7.3,0.6,8.7
1648,2022.01.04,7.4,2.6,7.8500000000000005
1649,2022.01.05,6.9,3.5,3.65
1650,2022.01.06,6.0,0.0,1.65
1651,2022.01.07,2.2,0.0,0.45000000000000007
1652,2022.01.08,1.2,0.0,-0.3
1653,2022.01.09,2.8,0.0,1.55
1654,2022.01.10,4.2,0.0,1.35
1655,2022.01.11,4.6,0.0,-0.15000000000000002
1656,2022.01.12,2.0,0.0,-0.04999999999999993
1657,2022.01.13,2.4,0.0,2.6
1658,2022.01.14,5.3,0.0,3.05
1659,2022.01.15,3.7,0.0,0.75
1660,2022.01.16,1.9,0.0,4.0
1661,2022.01.17,9.6,1.3,1.95
1662,2022.01.18,6.6,0.0,1.5
1663,2022.01.19,1.7,0.0,2.15
1664,2022.01.20,8.4,0.2,-0.5
1665,2022.01.21,6.8,0.0,1.05
1666,2022.01.22,6.7,0.1,-1.15
1667,2022.01.23,3.5,0.0,-1.0
1668,2022.01.24,1.8,0.0,-0.95
1669,2022.01.25,2.5,0.0,1.25
1670,2022.01.26,3.0,0.0,2.4000000000000004
1671,2022.01.27,4.5,0.0,4.3
1672,2022.01.28,8.7,0.7,2.3
1673,2022.01.29,7.1,3.0,5.55
1674,2022.01.30,12.5,1.5,2.7
1675,2022.01.31,7.7,0.2,2.95
1676,2022.02.01,6.2,0.0,3.5
1677,2022.02.02,7.8,3.3,3.25
1678,2022.02.03,8.0,0.0,4.5
1679,2022.02.04,2.1,0.0,5.6
1680,2022.02.05,6.7,0.0,4.6
1681,2022.02.06,5.1,0.1,5.1
1682,2022.02.07,8.4,2.5,4.3
1683,2022.02.08,8.0,0.0,8.6
1684,2022.02.09,6.0,0.0,8.1
1685,2022.02.10,1.8,0.0,8.05
1686,2022.02.11,6.0,0.1,4.6000000000000005
1687,2022.02.12,4.6,0.0,3.7
1688,2022.02.13,4.3,0.0,5.05
1689,2022.02.14,4.1,0.7,8.9
1690,2022.02.15,4.9,1.1,8.0
1691,2022.02.16,4.0,4.8,9.9
1692,2022.02.17,8.1,0.6,8.75
1693,2022.02.18,7.1,0.0,7.85
1694,2022.02.19,5.7,0.3,6.35
1695,2022.02.20,5.8,0.0,5.5
1696,2022.02.21,6.2,3.4,6.5
1697,2022.02.22,8.2,0.0,6.25
1698,2022.02.23,7.6,1.7,6.85
1699,2022.02.24,3.8,0.0,7.050000000000001
1700,2022.02.25,6.9,0.0,5.45
1701,2022.02.26,6.1,0.0,6.1
1702,2022.02.27,6.3,0.0,3.35
1703,2022.02.28,5.6,2.2,4.3999999999999995
1704,2022.03.01,4.3,0.0,4.2
1705,2022.03.02,2.4,0.0,4.1
1706,2022.03.03,1.7,0.0,3.9000000000000004
1707,2022.03.04,3.2,0.2,4.15
1708,2022.03.05,3.2,0.0,4.25
1709,2022.03.06,2.7,0.0,4.8
1710,2022.03.07,3.9,0.3,4.2
1711,2022.03.08,4.0,0.0,5.55
1712,2022.03.09,2.5,0.0,3.65
1713,2022.03.10,5.3,1.4,1.5499999999999998
1714,2022.03.11,4.5,0.0,2.6
1715,2022.03.12,3.2,0.0,4.4
1716,2022.03.13,2.0,0.0,6.300000000000001
1717,2022.03.14,2.5,0.0,8.2
1718,2022.03.15,3.3,0.0,6.25
1719,2022.03.16,4.4,4.4,7.75
1720,2022.03.17,3.6,0.0,6.699999999999999
1721,2022.03.18,4.1,0.0,6.85
1722,2022.03.19,4.7,0.0,5.800000000000001
1723,2022.03.20,3.6,0.0,7.6
1724,2022.03.21,3.2,0.0,10.75
1725,2022.03.22,2.3,0.0,12.35
1726,2022.03.23,1.8,0.0,14.0
1727,2022.03.24,3.7,0.0,12.75
1728,2022.03.25,2.5,0.0,13.25
1729,2022.03.26,4.5,0.0,12.65
1730,2022.03.27,3.6,0.0,14.2
1731,2022.03.28,3.9,0.0,15.3
1732,2022.03.29,4.2,0.1,13.5
1733,2022.03.30,6.8,0.0,11.0
1734,2022.03.31,4.3,14.5,8.85
1735,2022.04.01,4.3,8.0,4.050000000000001
1736,2022.04.02,2.9,5.6,4.55
1737,2022.04.03,4.5,7.0,5.1
1738,2022.04.04,4.3,0.0,7.1
1739,2022.04.05,5.2,0.0,12.45
1740,2022.04.06,4.2,0.0,13.25
1741,2022.04.07,4.6,0.0,11.600000000000001
1742,2022.04.08,4.5,1.3,10.25
1743,2022.04.09,8.7,16.5,8.899999999999999
1744,2022.04.10,6.7,0.0,8.15
1745,2022.04.11,4.9,0.0,11.65
1746,2022.04.12,2.4,0.0,12.1
1747,2022.04.13,3.1,0.0,13.65
1748,2022.04.14,2.8,0.0,13.75
1749,2022.04.15,3.6,0.0,10.25
1750,2022.04.16,6.0,0.5,8.75
1751,2022.04.17,5.8,0.0,8.5
1752,2022.04.18,4.9,0.3,8.2
1753,2022.04.19,2.8,1.3,9.35
1754,2022.04.20,3.1,1.6,11.5
1755,2022.04.21,4.0,0.0,10.75
1756,2022.04.22,5.7,2.9,9.8
1757,2022.04.23,2.3,2.9,14.65
1758,2022.04.24,8.7,0.1,13.1
1759,2022.04.25,5.3,0.0,14.2
1760,2022.04.26,2.4,0.0,11.7
1761,2022.04.27,3.3,5.8,13.75
1762,2022.04.28,3.3,1.4,15.2
1763,2022.04.29,2.2,0.0,15.7
1764,2022.04.30,2.2,0.0,15.7
1765,2022.05.01,3.3,0.6,16.9
1766,2022.05.02,1.7,0.9,17.4
1767,2022.05.03,2.6,0.3,18.1
1768,2022.05.04,3.3,0.1,17.75
1769,2022.05.05,3.6,0.3,18.5
1770,2022.05.06,3.0,0.1,19.1
1771,2022.05.07,3.9,0.3,18.55
1772,2022.05.08,2.1,2.6,18.25
1773,2022.05.09,2.2,0.3,18.5
1774,2022.05.10,2.5,0.0,20.1
1775,2022.05.11,3.9,0.0,21.450000000000003
1776,2022.05.12,4.5,0.7,21.299999999999997
1777,2022.05.13,3.9,0.4,19.7
1778,2022.05.14,5.4,0.0,19.8
1779,2022.05.15,3.5,0.0,20.9
1780,2022.05.16,2.2,0.0,18.25
1781,2022.05.17,5.9,3.7,17.05
1782,2022.05.18,3.7,0.0,16.7
1783,2022.05.19,3.5,0.0,19.1
1784,2022.05.20,3.1,0.0,20.049999999999997
1785,2022.05.21,7.6,0.3,18.5
1786,2022.05.22,6.0,0.0,18.8
1787,2022.05.23,3.2,0.0,16.9
1788,2022.05.24,5.1,1.6,19.05
1789,2022.05.25,5.4,0.0,19.25
1790,2022.05.26,4.7,0.0,21.5
1791,2022.05.27,4.9,0.0,16.35
1792,2022.05.28,6.3,1.4,11.850000000000001
1793,2022.05.29,3.6,10.1,15.1
1794,2022.05.30,4.3,1.1,17.700000000000003
1795,2022.05.31,3.1,0.0,20.35
1796,2022.06.01,5.3,0.7,22.05
1797,2022.06.02,4.9,0.0,22.700000000000003
1798,2022.06.03,3.4,0.0,22.200000000000003
1799,2022.06.04,5.9,5.0,23.049999999999997
1800,2022.06.05,4.2,0.2,22.35
1801,2022.06.06,3.0,0.0,23.65
1802,2022.06.07,2.1,0.0,20.95
1803,2022.06.08,2.9,7.3,20.2
1804,2022.06.09,2.7,10.0,20.25
1805,2022.06.10,6.8,9.3,21.55
1806,2022.06.11,4.2,1.0,22.450000000000003
1807,2022.06.12,2.9,0.0,23.3
1808,2022.06.13,6.2,0.0,18.8
1809,2022.06.14,4.7,0.0,20.45
1810,2022.06.15,1.9,0.0,22.8
1811,2022.06.16,6.5,3.4,20.4
1812,2022.06.17,6.1,0.0,21.8
1813,2022.06.18,2.2,0.0,24.8
1814,2022.06.19,4.3,0.0,25.75
1815,2022.06.20,4.3,0.0,21.7
1816,2022.06.21,7.2,0.0,22.6
1817,2022.06.22,3.5,0.0,23.15
1818,2022.06.23,4.1,1.3,24.6
1819,2022.06.24,3.9,0.8,25.4
1820,2022.06.25,4.9,0.9,26.099999999999998
1821,2022.06.26,2.6,0.0,29.2
1822,2022.06.27,2.5,0.0,29.0
1823,2022.06.28,3.0,0.5,30.049999999999997
1824,2022.06.29,4.6,0.0,30.9
1825,2022.06.30,4.8,0.0,29.35
1826,2022.07.01,6.4,0.0,24.7
1827,2022.07.02,6.0,0.1,27.450000000000003
1828,2022.07.03,3.3,0.0,29.200000000000003
1829,2022.07.04,3.2,0.0,27.150000000000002
1830,2022.07.05,6.7,0.4,24.05
1831,2022.07.06,4.2,0.2,23.25
1832,2022.07.07,6.6,0.3,19.8
1833,2022.07.08,5.2,0.6,21.35
1834,2022.07.09,5.6,0.0,20.25
1835,2022.07.10,8.5,0.0,19.05
1836,2022.07.11,6.1,0.0,20.700000000000003
1837,2022.07.12,5.4,0.0,23.65
1838,2022.07.13,5.4,0.0,27.95
1839,2022.07.14,4.6,0.0,25.95
1840,2022.07.15,6.7,0.0,25.0
1841,2022.07.16,6.5,0.0,22.6
1842,2022.07.17,5.0,0.0,23.700000000000003
1843,2022.07.18,2.5,0.0,26.849999999999998
1844,2022.07.19,2.2,0.0,29.25
1845,2022.07.20,2.2,0.0,31.25
1846,2022.07.21,4.8,0.0,31.950000000000003
1847,2022.07.22,3.3,0.0,32.95
1848,2022.07.23,6.5,0.0,28.9
1849,2022.07.24,5.8,0.7,28.549999999999997
1850,2022.07.25,2.6,0.0,27.799999999999997
1851,2022.07.26,6.2,0.4,26.9
1852,2022.07.27,4.0,0.0,27.950000000000003
1853,2022.07.28,5.0,0.0,29.45
1854,2022.07.29,5.0,0.9,27.1
1855,2022.07.30,6.6,0.5,21.65
1856,2022.07.31,7.0,0.0,23.7
1857,2022.08.01,2.9,0.0,25.95
1858,2022.08.02,3.4,0.0,27.650000000000002
1859,2022.08.03,2.6,0.0,28.05
1860,2022.08.04,2.4,0.0,30.6
1861,2022.08.05,2.4,0.0,29.849999999999998
1862,2022.08.06,8.4,0.4,25.799999999999997
1863,2022.08.07,3.7,1.8,26.5
1864,2022.08.08,5.3,0.7,24.9
1865,2022.08.09,5.2,1.0,25.200000000000003
1866,2022.08.10,6.3,0.0,24.299999999999997
1867,2022.08.11,5.2,0.0,24.15
1868,2022.08.12,3.6,0.0,26.700000000000003
1869,2022.08.13,4.1,0.0,27.0
1870,2022.08.14,2.1,0.0,29.25
1871,2022.08.15,2.6,0.0,28.799999999999997
1872,2022.08.16,4.9,0.0,29.7
1873,2022.08.17,2.4,0.0,31.150000000000002
1874,2022.08.18,4.2,0.0,31.75
1875,2022.08.19,4.3,8.1,27.1
1876,2022.08.20,4.5,1.6,19.6
1877,2022.08.21,3.9,12.7,20.6
1878,2022.08.22,3.2,8.7,21.549999999999997
1879,2022.08.23,3.7,0.0,24.35
1880,2022.08.24,2.6,0.4,26.15
1881,2022.08.25,2.1,1.8,28.200000000000003
1882,2022.08.26,2.7,0.0,28.5
1883,2022.08.27,1.9,0.0,25.35
1884,2022.08.28,3.8,0.0,24.4
1885,2022.08.29,3.2,0.0,25.799999999999997
1886,2022.08.30,3.9,0.1,25.0
1887,2022.08.31,3.6,0.0,18.7
1888,2022.09.01,4.1,2.0,18.65
1889,2022.09.02,4.3,0.0,19.85
1890,2022.09.03,2.2,0.0,20.6
1891,2022.09.04,2.3,0.0,22.0
1892,2022.09.05,1.9,0.0,23.25
1893,2022.09.06,3.6,1.0,24.75
1894,2022.09.07,2.8,0.0,24.700000000000003
1895,2022.09.08,6.1,3.5,22.2
1896,2022.09.09,4.5,1.6,19.65
1897,2022.09.10,5.7,8.1,19.75
1898,2022.09.11,6.3,0.0,19.35
1899,2022.09.12,5.5,0.0,19.6
1900,2022.09.13,2.0,0.0,23.4
1901,2022.09.14,4.5,0.0,22.4
1902,2022.09.15,3.7,0.8,16.5
1903,2022.09.16,4.5,14.4,13.85
1904,2022.09.17,5.0,5.1,12.75
1905,2022.09.18,7.7,3.3,12.649999999999999
1906,2022.09.19,7.5,2.5,11.85
1907,2022.09.20,6.4,0.0,13.5
1908,2022.09.21,3.5,0.9,14.5
1909,2022.09.22,2.2,0.0,14.9
1910,2022.09.23,3.2,0.0,16.0
1911,2022.09.24,4.2,0.0,15.149999999999999
1912,2022.09.25,5.0,0.2,15.35
1913,2022.09.26,2.1,6.8,13.649999999999999
1914,2022.09.27,4.2,2.6,13.7
1915,2022.09.28,4.8,0.6,15.2
1916,2022.09.29,2.9,6.7,17.85
1917,2022.09.30,3.5,12.9,16.45
1918,2022.10.01,6.5,3.3,15.5
1919,2022.10.02,8.0,0.0,13.8
1920,2022.10.03,7.3,0.0,14.85
1921,2022.10.04,4.5,0.0,15.05
1922,2022.10.05,3.3,0.0,16.35
1923,2022.10.06,1.8,0.0,17.4
1924,2022.10.07,3.3,0.0,16.9
1925,2022.10.08,2.2,0.0,16.8
1926,2022.10.09,3.2,0.0,15.4
1927,2022.10.10,3.4,0.0,16.8
1928,2022.10.11,2.4,0.0,16.4
1929,2022.10.12,1.8,0.0,16.1
1930,2022.10.13,1.6,0.0,15.95
1931,2022.10.14,1.7,0.0,16.1
1932,2022.10.15,4.3,0.0,17.3
1933,2022.10.16,3.1,0.0,17.3
1934,2022.10.17,2.1,0.0,17.05
1935,2022.10.18,2.6,0.0,17.35
1936,2022.10.19,3.8,0.0,12.55
1937,2022.10.20,2.3,0.0,12.3
1938,2022.10.21,4.9,0.0,15.049999999999999
1939,2022.10.22,4.6,0.1,15.35
1940,2022.10.23,3.8,0.0,16.25
1941,2022.10.24,1.7,0.0,16.95
1942,2022.10.25,4.4,0.0,16.9
1943,2022.10.26,1.7,0.0,16.85
1944,2022.10.27,1.7,0.0,16.4
1945,2022.10.28,1.6,0.0,17.55
1946,2022.10.29,2.2,0.0,17.85
1947,2022.10.30,1.2,0.0,17.7
