,Date,Wind_m/s,Precipitation_mm,Min_temp,Max_temp,Mean_temp,Target: Max_temp
0,2017.07.01,6.1,14.0,15.0,26.0,20.5,25.0
1,2017.07.02,6.9,0.0,15.0,25.0,20.0,25.0
2,2017.07.03,6.7,0.0,16.0,25.0,20.5,27.0
3,2017.07.04,5.3,0.0,12.0,27.0,19.5,30.0
4,2017.07.05,4.2,0.0,17.0,30.0,23.5,30.0
5,2017.07.06,5.6,0.0,17.0,30.0,23.5,28.0
6,2017.07.07,4.7,0.0,17.0,28.0,22.5,32.0
7,2017.07.08,6.7,0.0,16.0,32.0,24.0,30.0
8,2017.07.09,2.2,0.0,18.0,30.0,24.0,36.0
9,2017.07.10,6.4,21.0,20.0,36.0,28.0,31.48
10,2017.07.11,3.7,0.4,22.16,31.48,26.82,32.14
11,2017.07.12,2.2,1.5,19.55,32.14,25.845,24.78
12,2017.07.13,7.0,1.0,17.3,24.78,21.04,24.71
13,2017.07.14,1.6,0.0,14.39,24.71,19.55,24.83
14,2017.07.15,5.2,2.4,15.19,24.83,20.009999999999998,25.43
15,2017.07.16,3.4,0.0,14.36,25.43,19.895,29.02
16,2017.07.17,1.5,0.0,16.6,29.02,22.810000000000002,31.16
17,2017.07.18,1.3,0.0,19.56,31.16,25.36,33.04
18,2017.07.19,2.3,0.0,17.75,33.04,25.395,34.84
19,2017.07.20,1.6,0.0,18.64,34.84,26.740000000000002,33.28
20,2017.07.21,4.0,0.0,22.94,33.28,28.11,34.21
21,2017.07.22,1.9,5.0,21.52,34.21,27.865000000000002,33.89
22,2017.07.23,2.5,0.6,21.58,33.89,27.735,30.87
23,2017.07.24,3.1,8.3,21.92,30.87,26.395000000000003,22.1
24,2017.07.25,8.4,12.9,15.1,22.1,18.6,20.7
25,2017.07.26,5.9,0.0,13.2,20.7,16.95,20.7
26,2017.07.27,7.1,1.0,12.8,20.7,16.75,23.1
27,2017.07.28,6.8,0.2,15.9,23.1,19.5,26.4
28,2017.07.29,3.3,0.0,16.0,26.4,21.2,27.9
29,2017.07.30,4.7,0.0,16.4,27.9,22.15,30.0
30,2017.07.31,3.8,0.0,18.3,30.0,24.15,31.7
31,2017.08.01,3.9,0.0,20.8,31.7,26.25,34.7
32,2017.08.02,5.5,0.0,23.4,34.7,29.05,34.6
33,2017.08.03,2.1,0.0,20.5,34.6,27.55,36.8
34,2017.08.04,2.1,2.8,22.6,36.8,29.7,33.8
35,2017.08.05,6.6,0.0,24.9,33.8,29.349999999999998,32.7
36,2017.08.06,7.9,0.4,23.1,32.7,27.900000000000002,23.7
37,2017.08.07,4.8,4.2,16.6,23.7,20.15,29.2
38,2017.08.08,3.0,0.0,13.7,29.2,21.45,29.3
39,2017.08.09,4.6,0.0,18.2,29.3,23.75,36.1
40,2017.08.10,5.3,0.0,22.9,36.1,29.5,34.3
41,2017.08.11,6.0,0.0,22.4,34.3,28.349999999999998,23.5
42,2017.08.12,8.6,0.5,19.9,23.5,21.7,26.4
43,2017.08.13,8.1,0.0,17.1,26.4,21.75,25.2
44,2017.08.14,3.4,0.0,12.7,25.2,18.95,27.4
45,2017.08.15,3.2,0.0,14.9,27.4,21.15,28.0
46,2017.08.16,2.8,0.0,14.6,28.0,21.3,30.8
47,2017.08.17,2.4,0.0,16.3,30.8,23.55,32.9
48,2017.08.18,3.8,0.0,18.0,32.9,25.45,32.7
49,2017.08.19,7.9,0.3,20.5,32.7,26.6,20.9
50,2017.08.20,7.2,7.8,14.7,20.9,17.799999999999997,23.4
51,2017.08.21,6.1,0.0,13.1,23.4,18.25,22.5
52,2017.08.22,2.7,0.0,10.7,22.5,16.6,23.7
53,2017.08.23,3.5,0.0,10.8,23.7,17.25,26.3
54,2017.08.24,2.9,0.1,9.1,26.3,17.7,29.5
55,2017.08.25,2.2,0.0,14.1,29.5,21.8,30.2
56,2017.08.26,2.6,0.0,16.4,30.2,23.299999999999997,32.2
57,2017.08.27,4.4,0.0,18.3,32.2,25.25,25.3
58,2017.08.28,3.7,0.0,17.0,25.3,21.15,25.7
59,2017.08.29,3.0,0.0,14.7,25.7,20.2,28.0
60,2017.08.30,3.5,0.0,12.1,28.0,20.05,28.5
61,2017.08.31,3.9,0.0,12.8,28.5,20.65,31.0
62,2017.09.01,3.8,2.9,15.8,31.0,23.4,22.2
63,2017.09.02,4.8,10.9,16.0,22.2,19.1,20.2
64,2017.09.03,4.8,2.2,15.1,20.2,17.65,18.9
65,2017.09.04,6.7,1.9,12.1,18.9,15.5,21.6
66,2017.09.05,5.9,0.0,9.6,21.6,15.600000000000001,22.2
67,2017.09.06,6.7,2.1,10.4,22.2,16.3,19.5
68,2017.09.07,7.4,0.0,12.6,19.5,16.05,21.4
69,2017.09.08,3.0,0.0,8.7,21.4,15.049999999999999,24.5
70,2017.09.09,4.4,1.0,11.3,24.5,17.9,26.0
71,2017.09.10,5.4,0.0,13.8,26.0,19.9,26.1
72,2017.09.11,4.5,3.4,18.6,26.1,22.35,20.1
73,2017.09.12,6.6,1.8,14.3,20.1,17.200000000000003,22.0
74,2017.09.13,6.6,0.0,12.6,22.0,17.3,22.7
75,2017.09.14,9.8,0.8,12.6,22.7,17.65,17.3
76,2017.09.15,8.2,0.5,12.2,17.3,14.75,19.1
77,2017.09.16,3.6,1.8,13.0,19.1,16.05,16.6
78,2017.09.17,8.2,11.6,9.4,16.6,13.0,17.3
79,2017.09.18,3.4,0.8,10.3,17.3,13.8,14.8
80,2017.09.19,5.3,9.9,11.3,14.8,13.05,16.3
81,2017.09.20,2.7,15.0,12.5,16.3,14.4,13.8
82,2017.09.21,7.5,5.4,12.2,13.8,13.0,17.0
83,2017.09.22,7.0,0.4,10.5,17.0,13.75,13.0
84,2017.09.23,7.7,16.9,10.4,13.0,11.7,16.7
85,2017.09.24,5.8,0.2,9.2,16.7,12.95,16.9
86,2017.09.25,3.6,0.9,10.9,16.9,13.899999999999999,20.9
87,2017.09.26,4.1,0.0,7.8,20.9,14.35,16.7
88,2017.09.27,4.5,0.0,12.1,16.7,14.399999999999999,16.6
89,2017.09.28,3.8,0.0,8.0,16.6,12.3,16.8
90,2017.09.29,2.1,0.0,5.5,16.8,11.15,16.9
91,2017.09.30,2.1,0.0,4.3,16.9,10.6,16.2
92,2017.10.01,2.4,0.0,4.7,16.2,10.45,17.0
93,2017.10.02,5.3,0.0,3.1,17.0,10.05,15.6
94,2017.10.03,4.3,6.1,4.9,15.6,10.25,16.1
95,2017.10.04,6.9,0.0,10.1,16.1,13.100000000000001,19.6
96,2017.10.05,9.9,0.0,10.5,19.6,15.05,14.9
97,2017.10.06,7.7,0.0,10.5,14.9,12.7,14.8
98,2017.10.07,6.4,0.0,8.3,14.8,11.55,14.8
99,2017.10.08,7.6,0.1,6.8,14.8,10.8,13.6
100,2017.10.09,5.4,0.1,9.1,13.6,11.35,16.0
101,2017.10.10,4.5,0.2,8.2,16.0,12.1,17.8
102,2017.10.11,4.5,0.4,10.6,17.8,14.2,20.3
103,2017.10.12,5.0,0.0,8.2,20.3,14.25,17.6
104,2017.10.13,5.4,0.0,11.0,17.6,14.3,18.4
105,2017.10.14,3.1,0.0,9.0,18.4,13.7,20.5
106,2017.10.15,2.8,0.0,9.0,20.5,14.75,21.0
107,2017.10.16,2.0,0.0,9.7,21.0,15.35,21.4
108,2017.10.17,2.9,0.0,9.6,21.4,15.5,20.5
109,2017.10.18,3.0,0.0,10.8,20.5,15.65,18.8
110,2017.10.19,2.0,0.0,8.0,18.8,13.4,19.4
111,2017.10.20,2.3,0.0,7.7,19.4,13.549999999999999,16.9
112,2017.10.21,2.0,0.0,7.7,16.9,12.299999999999999,16.4
113,2017.10.22,4.8,5.8,8.6,16.4,12.5,10.6
114,2017.10.23,7.3,44.8,9.3,10.6,9.95,13.1
115,2017.10.24,6.8,0.0,5.0,13.1,9.05,12.2
116,2017.10.25,3.6,0.2,2.8,12.2,7.5,15.3
117,2017.10.26,3.8,0.0,6.1,15.3,10.7,14.6
118,2017.10.27,8.4,1.3,8.8,14.6,11.7,10.0
119,2017.10.28,8.1,0.2,6.1,10.0,8.05,10.2
120,2017.10.29,14.4,8.5,5.4,10.2,7.8,8.0
121,2017.10.30,9.1,0.1,4.2,8.0,6.1,8.4
122,2017.10.31,6.1,0.0,2.9,8.4,5.65,10.0
123,2017.11.01,4.1,0.0,0.5,10.0,5.25,11.6
124,2017.11.02,5.0,0.0,3.2,11.6,7.4,11.4
125,2017.11.03,5.6,0.1,3.9,11.4,7.65,11.4
126,2017.11.04,3.4,0.0,1.3,11.4,6.3500000000000005,11.7
127,2017.11.05,4.5,0.7,4.9,11.7,8.3,12.7
128,2017.11.06,5.6,0.1,5.8,12.7,9.25,11.2
129,2017.11.07,5.0,1.9,2.9,11.2,7.05,10.4
130,2017.11.08,4.4,1.9,6.2,10.4,8.3,9.8
131,2017.11.09,3.2,2.1,7.0,9.8,8.4,8.6
132,2017.11.10,3.4,0.8,3.1,8.6,5.85,10.5
133,2017.11.11,4.7,0.3,4.6,10.5,7.55,9.7
134,2017.11.12,6.5,5.3,4.3,9.7,7.0,9.1
135,2017.11.13,6.3,13.8,5.1,9.1,7.1,7.2
136,2017.11.14,5.3,3.6,2.7,7.2,4.95,5.8
137,2017.11.15,2.9,0.0,-3.1,5.8,1.3499999999999999,6.4
138,2017.11.16,2.2,0.0,0.7,6.4,3.5500000000000003,6.2
139,2017.11.17,2.6,0.1,-0.1,6.2,3.0500000000000003,5.3
140,2017.11.18,4.7,5.0,-0.0,5.3,2.65,6.1
141,2017.11.19,4.5,0.7,-0.1,6.1,3.0,5.9
142,2017.11.20,6.9,0.5,2.2,5.9,4.050000000000001,7.8
143,2017.11.21,7.6,2.0,1.5,7.8,4.65,9.1
144,2017.11.22,4.4,0.6,3.0,9.1,6.05,8.4
145,2017.11.23,2.2,0.2,-0.2,8.4,4.1000000000000005,7.8
146,2017.11.24,2.4,0.2,2.4,7.8,5.1,8.8
147,2017.11.25,6.1,0.5,5.1,8.8,6.95,6.3
148,2017.11.26,7.7,8.7,2.3,6.3,4.3,5.0
149,2017.11.27,6.6,0.0,-0.3,5.0,2.35,4.4
150,2017.11.28,3.4,0.0,-3.0,4.4,0.7000000000000002,2.1
151,2017.11.29,5.3,3.2,-2.0,2.1,0.050000000000000044,3.7
152,2017.11.30,7.7,23.5,0.8,3.7,2.25,3.1
153,2017.12.01,3.8,0.0,-3.9,3.1,-0.3999999999999999,-0.1
154,2017.12.02,2.8,0.1,-5.9,-0.1,-3.0,-1.3
155,2017.12.03,3.8,0.2,-5.6,-1.3,-3.4499999999999997,1.5
156,2017.12.04,6.4,0.6,-3.7,1.5,-1.1,2.8
157,2017.12.05,6.4,0.3,-0.5,2.8,1.15,3.3
158,2017.12.06,7.4,0.0,-0.1,3.3,1.5999999999999999,4.7
159,2017.12.07,4.6,0.0,-2.7,4.7,1.0,7.6
160,2017.12.08,8.3,12.0,-2.9,7.6,2.3499999999999996,2.5
161,2017.12.09,8.4,1.0,0.1,2.5,1.3,2.5
162,2017.12.10,9.1,1.2,-2.8,2.5,-0.1499999999999999,10.4
163,2017.12.11,8.9,5.9,2.3,10.4,6.35,13.7
164,2017.12.12,8.7,3.8,10.0,13.7,11.85,5.0
165,2017.12.13,5.8,2.0,0.9,5.0,2.95,5.5
166,2017.12.14,5.6,5.5,-1.8,5.5,1.85,8.7
167,2017.12.15,7.0,27.6,3.0,8.7,5.85,5.5
168,2017.12.16,4.7,3.8,0.9,5.5,3.2,3.0
169,2017.12.17,5.5,0.0,-2.3,3.0,0.3500000000000001,0.6
170,2017.12.18,2.2,0.2,-5.1,0.6,-2.25,-1.0
171,2017.12.19,2.1,0.2,-5.6,-1.0,-3.3,-2.4
172,2017.12.20,2.0,0.2,-7.2,-2.4,-4.8,-1.8
173,2017.12.21,3.6,0.6,-8.8,-1.8,-5.300000000000001,3.4
174,2017.12.22,5.7,0.0,-1.8,3.4,0.7999999999999999,2.9
175,2017.12.23,7.5,0.2,-1.1,2.9,0.8999999999999999,7.7
176,2017.12.24,8.6,0.2,2.9,7.7,5.3,6.2
177,2017.12.25,4.7,0.0,-2.6,6.2,1.8,8.2
178,2017.12.26,6.7,0.1,-0.5,8.2,3.8499999999999996,8.0
179,2017.12.27,7.2,0.0,1.8,8.0,4.9,7.3
180,2017.12.28,7.5,7.0,2.2,7.3,4.75,2.4
181,2017.12.29,9.5,0.4,-1.8,2.4,0.29999999999999993,2.0
182,2017.12.30,5.3,0.2,-4.3,2.0,-1.15,4.4
183,2017.12.31,5.0,3.9,-0.3,4.4,2.0500000000000003,7.0
184,2018.01.01,5.0,0.3,1.6,7.0,4.3,4.8
185,2018.01.02,7.8,8.7,1.2,4.8,3.0,4.1
186,2018.01.03,7.4,6.1,-1.0,4.1,1.5499999999999998,7.7
187,2018.01.04,6.2,0.3,2.8,7.7,5.25,8.6
188,2018.01.05,3.5,1.1,2.9,8.6,5.75,12.5
189,2018.01.06,4.7,0.4,6.4,12.5,9.45,9.6
190,2018.01.07,3.2,0.1,4.0,9.6,6.8,8.3
191,2018.01.08,4.0,0.3,5.7,8.3,7.0,7.4
192,2018.01.09,5.5,0.0,4.7,7.4,6.050000000000001,5.4
193,2018.01.10,6.3,1.3,3.7,5.4,4.550000000000001,6.2
194,2018.01.11,3.0,3.1,2.8,6.2,4.5,4.6
195,2018.01.12,3.9,4.0,2.6,4.6,3.5999999999999996,2.4
196,2018.01.13,7.6,2.6,-0.7,2.4,0.85,-0.6
197,2018.01.14,5.0,3.6,-3.4,-0.6,-2.0,-2.4
198,2018.01.15,2.9,0.9,-5.2,-2.4,-3.8,1.3
199,2018.01.16,5.4,2.7,-3.7,1.3,-1.2000000000000002,3.0
200,2018.01.17,8.4,0.0,-4.7,3.0,-0.8500000000000001,3.5
201,2018.01.18,7.3,0.3,-1.0,3.5,1.25,4.6
202,2018.01.19,7.1,1.2,-0.3,4.6,2.15,3.1
203,2018.01.20,3.8,0.1,-4.1,3.1,-0.4999999999999998,2.2
204,2018.01.21,9.4,6.2,-2.2,2.2,0.0,1.3
205,2018.01.22,7.1,0.0,-3.4,1.3,-1.0499999999999998,-0.7
206,2018.01.23,2.0,0.7,-7.9,-0.7,-4.3,-2.3
207,2018.01.24,2.8,0.3,-12.5,-2.3,-7.4,1.4
208,2018.01.25,4.6,1.4,-5.9,1.4,-2.25,0.2
209,2018.01.26,3.8,0.0,-5.1,0.2,-2.4499999999999997,2.0
210,2018.01.27,3.0,0.1,-4.3,2.0,-1.15,3.9
211,2018.01.28,3.7,0.1,-2.8,3.9,0.55,8.5
212,2018.01.29,4.8,0.1,0.9,8.5,4.7,6.6
213,2018.01.30,7.8,0.0,-0.9,6.6,2.8499999999999996,4.7
214,2018.01.31,4.1,0.1,-2.2,4.7,1.25,8.3
215,2018.02.01,7.4,6.9,3.8,8.3,6.050000000000001,8.7
216,2018.02.02,4.7,7.5,4.0,8.7,6.35,2.4
217,2018.02.03,7.6,13.5,0.2,2.4,1.3,2.4
218,2018.02.04,6.9,0.0,-1.9,2.4,0.25,1.9
219,2018.02.05,1.7,0.1,-4.4,1.9,-1.2500000000000002,0.2
220,2018.02.06,4.2,1.6,-2.0,0.2,-0.9,2.3
221,2018.02.07,5.7,3.6,-3.3,2.3,-0.5,2.8
222,2018.02.08,4.8,7.4,0.1,2.8,1.45,1.4
223,2018.02.09,3.6,0.4,-2.8,1.4,-0.7,1.1
224,2018.02.10,2.1,0.6,-2.2,1.1,-0.55,1.8
225,2018.02.11,2.0,0.2,-4.7,1.8,-1.4500000000000002,3.3
226,2018.02.12,2.0,0.2,-3.5,3.3,-0.10000000000000009,2.6
227,2018.02.13,5.0,1.1,-2.0,2.6,0.30000000000000004,1.7
228,2018.02.14,4.5,2.8,-1.0,1.7,0.35,2.1
229,2018.02.15,2.0,0.1,-4.6,2.1,-1.2499999999999998,2.4
230,2018.02.16,2.1,1.0,-7.0,2.4,-2.3,2.0
231,2018.02.17,3.6,2.3,-2.6,2.0,-0.30000000000000004,3.3
232,2018.02.18,3.2,5.2,-4.3,3.3,-0.5,1.0
233,2018.02.19,3.8,1.6,-9.3,1.0,-4.15,0.9
234,2018.02.20,4.3,8.6,-1.6,0.9,-0.35000000000000003,1.7
235,2018.02.21,4.5,3.9,-0.9,1.7,0.39999999999999997,0.4
236,2018.02.22,6.2,2.3,-3.0,0.4,-1.3,2.0
237,2018.02.23,4.4,0.2,-3.5,2.0,-0.75,-0.1
238,2018.02.24,6.2,1.4,-9.3,-0.1,-4.7,-6.6
239,2018.02.25,5.7,0.0,-11.9,-6.6,-9.25,-6.1
240,2018.02.26,6.9,0.8,-11.3,-6.1,-8.7,-7.2
241,2018.02.27,6.6,1.9,-9.7,-7.2,-8.45,-6.5
242,2018.02.28,3.9,0.2,-13.1,-6.5,-9.8,-7.4
243,2018.03.01,4.3,0.7,-12.9,-7.4,-10.15,-6.3
244,2018.03.02,4.7,2.5,-9.9,-6.3,-8.1,-4.4
245,2018.03.03,3.5,0.1,-13.5,-4.4,-8.95,-3.6
246,2018.03.04,4.0,0.1,-16.6,-3.6,-10.100000000000001,-2.4
247,2018.03.05,4.0,0.4,-17.4,-2.4,-9.899999999999999,1.8
248,2018.03.06,4.7,6.3,-2.0,1.8,-0.09999999999999998,6.0
249,2018.03.07,2.9,0.2,-2.6,6.0,1.7,6.4
250,2018.03.08,3.8,1.8,-2.8,6.4,1.8000000000000003,9.3
251,2018.03.09,3.5,0.0,-2.0,9.3,3.6500000000000004,9.7
252,2018.03.10,5.2,0.5,1.3,9.7,5.5,12.3
253,2018.03.11,5.6,3.6,4.9,12.3,8.600000000000001,13.4
254,2018.03.12,7.2,7.3,9.4,13.4,11.4,12.6
255,2018.03.13,5.9,2.9,6.1,12.6,9.35,10.9
256,2018.03.14,7.0,0.2,5.3,10.9,8.1,10.2
257,2018.03.15,4.4,2.5,4.4,10.2,7.3,9.9
258,2018.03.16,6.0,18.6,6.2,9.9,8.05,5.8
259,2018.03.17,6.5,1.5,0.6,5.8,3.1999999999999997,-0.4
260,2018.03.18,10.4,13.4,-4.7,-0.4,-2.5500000000000003,0.6
261,2018.03.19,3.6,1.1,-6.5,0.6,-2.95,0.0
262,2018.03.20,5.5,1.6,-4.1,0.0,-2.05,2.8
263,2018.03.21,5.4,0.7,-3.5,2.8,-0.3500000000000001,2.8
264,2018.03.22,2.2,0.0,-7.8,2.8,-2.5,6.1
265,2018.03.23,2.1,0.0,-6.1,6.1,0.0,6.3
266,2018.03.24,3.8,0.0,-3.5,6.3,1.4,7.8
267,2018.03.25,5.7,0.0,-3.6,7.8,2.0999999999999996,8.6
268,2018.03.26,2.6,0.0,-2.1,8.6,3.25,9.3
269,2018.03.27,4.9,0.0,1.9,9.3,5.6000000000000005,10.6
270,2018.03.28,4.1,1.3,-0.7,10.6,4.95,11.1
271,2018.03.29,4.8,1.8,3.2,11.1,7.15,11.9
272,2018.03.30,4.1,5.4,4.2,11.9,8.05,14.2
273,2018.03.31,7.1,5.1,7.4,14.2,10.8,10.5
274,2018.04.01,9.7,0.2,6.3,10.5,8.4,11.2
275,2018.04.02,9.5,0.1,5.2,11.2,8.2,15.3
276,2018.04.03,7.3,0.0,6.4,15.3,10.850000000000001,17.2
277,2018.04.04,7.0,0.0,9.1,17.2,13.149999999999999,17.7
278,2018.04.05,7.4,0.2,10.7,17.7,14.2,14.7
279,2018.04.06,7.8,0.0,9.0,14.7,11.85,16.1
280,2018.04.07,4.0,0.1,7.2,16.1,11.65,18.8
281,2018.04.08,8.0,0.0,8.2,18.8,13.5,21.0
282,2018.04.09,6.3,0.6,11.6,21.0,16.3,17.4
283,2018.04.10,6.8,0.0,10.7,17.4,14.049999999999999,17.1
284,2018.04.11,5.8,0.0,8.9,17.1,13.0,22.1
285,2018.04.12,4.8,0.0,11.0,22.1,16.55,18.5
286,2018.04.13,4.8,0.6,13.4,18.5,15.95,21.2
287,2018.04.14,3.0,0.0,10.5,21.2,15.85,22.9
288,2018.04.15,5.2,0.0,13.3,22.9,18.1,19.0
289,2018.04.16,5.2,2.3,15.1,19.0,17.05,19.9
290,2018.04.17,4.1,4.8,12.9,19.9,16.4,20.1
291,2018.04.18,4.3,3.5,14.5,20.1,17.3,20.9
292,2018.04.19,5.0,0.0,10.6,20.9,15.75,19.8
293,2018.04.20,3.4,0.0,10.6,19.8,15.2,19.9
294,2018.04.21,2.8,0.0,8.9,19.9,14.399999999999999,22.8
295,2018.04.22,2.5,0.0,10.0,22.8,16.4,25.3
296,2018.04.23,4.0,0.7,13.2,25.3,19.25,22.6
297,2018.04.24,5.3,2.1,14.5,22.6,18.55,24.7
298,2018.04.25,5.1,0.1,12.8,24.7,18.75,22.5
299,2018.04.26,7.0,1.2,13.9,22.5,18.2,18.4
300,2018.04.27,5.9,0.0,10.9,18.4,14.649999999999999,24.7
301,2018.04.28,4.6,2.3,10.8,24.7,17.75,23.3
302,2018.04.29,5.8,9.9,16.2,23.3,19.75,23.8
303,2018.04.30,5.1,7.7,16.0,23.8,19.9,23.5
304,2018.05.01,3.8,0.6,14.0,23.5,18.75,24.6
305,2018.05.02,3.9,8.4,15.0,24.6,19.8,24.9
306,2018.05.03,4.6,0.0,15.0,24.9,19.95,26.6
307,2018.05.04,4.4,1.2,15.0,26.6,20.8,27.6
308,2018.05.05,6.2,0.0,18.6,27.6,23.1,23.5
309,2018.05.06,6.3,0.0,17.3,23.5,20.4,22.6
310,2018.05.07,6.0,0.0,15.2,22.6,18.9,20.7
311,2018.05.08,4.7,0.4,13.0,20.7,16.85,23.6
312,2018.05.09,2.7,5.2,13.4,23.6,18.5,24.5
313,2018.05.10,4.3,3.3,16.4,24.5,20.45,24.9
314,2018.05.11,2.0,1.7,14.2,24.9,19.549999999999997,23.2
315,2018.05.12,3.6,0.0,16.4,23.2,19.799999999999997,22.5
316,2018.05.13,5.3,0.1,13.4,22.5,17.95,20.0
317,2018.05.14,5.7,0.0,13.7,20.0,16.85,18.2
318,2018.05.15,5.2,8.9,11.4,18.2,14.8,17.7
319,2018.05.16,6.5,0.8,9.4,17.7,13.55,18.2
320,2018.05.17,7.6,1.5,12.8,18.2,15.5,22.4
321,2018.05.18,7.1,1.8,14.1,22.4,18.25,22.7
322,2018.05.19,3.9,1.4,12.7,22.7,17.7,21.9
323,2018.05.20,4.9,0.0,11.3,21.9,16.6,22.4
324,2018.05.21,6.1,0.0,14.0,22.4,18.2,21.2
325,2018.05.22,4.8,0.6,13.6,21.2,17.4,23.0
326,2018.05.23,3.2,1.3,15.7,23.0,19.35,25.9
327,2018.05.24,5.7,0.0,16.4,25.9,21.15,23.1
328,2018.05.25,4.8,0.0,18.1,23.1,20.6,26.2
329,2018.05.26,2.0,0.0,16.2,26.2,21.2,25.0
330,2018.05.27,2.1,4.3,17.2,25.0,21.1,26.6
331,2018.05.28,3.3,0.0,17.3,26.6,21.950000000000003,23.8
332,2018.05.29,5.2,0.4,18.2,23.8,21.0,25.4
333,2018.05.30,5.4,0.0,16.2,25.4,20.799999999999997,27.3
334,2018.05.31,3.5,0.0,17.0,27.3,22.15,28.4
335,2018.06.01,2.5,0.0,18.1,28.4,23.25,26.9
336,2018.06.02,4.0,0.0,18.5,26.9,22.7,27.2
337,2018.06.03,5.8,0.0,20.0,27.2,23.6,26.4
338,2018.06.04,2.9,2.4,17.3,26.4,21.85,26.4
339,2018.06.05,2.1,6.5,17.9,26.4,22.15,21.7
340,2018.06.06,6.0,18.7,17.3,21.7,19.5,23.4
341,2018.06.07,5.2,0.9,16.2,23.4,19.799999999999997,24.6
342,2018.06.08,3.0,26.1,17.6,24.6,21.1,23.6
343,2018.06.09,3.1,31.0,17.7,23.6,20.65,27.8
344,2018.06.10,2.4,0.0,19.1,27.8,23.450000000000003,28.5
345,2018.06.11,3.4,0.0,21.5,28.5,25.0,27.7
346,2018.06.12,4.5,9.0,19.2,27.7,23.45,24.9
347,2018.06.13,4.3,1.7,18.0,24.9,21.45,20.6
348,2018.06.14,4.5,10.8,17.0,20.6,18.8,19.8
349,2018.06.15,5.3,6.2,17.4,19.8,18.6,24.1
350,2018.06.16,5.9,0.0,18.2,24.1,21.15,25.1
351,2018.06.17,4.3,0.0,18.8,25.1,21.950000000000003,25.4
352,2018.06.18,5.1,0.3,18.2,25.4,21.799999999999997,26.7
353,2018.06.19,3.9,2.7,19.3,26.7,23.0,27.5
354,2018.06.20,2.5,0.0,20.4,27.5,23.95,27.9
355,2018.06.21,3.8,0.6,20.1,27.9,24.0,19.0
356,2018.06.22,7.6,6.3,13.7,19.0,16.35,19.1
357,2018.06.23,5.1,0.0,11.0,19.1,15.05,18.5
358,2018.06.24,5.4,0.0,10.4,18.5,14.45,20.8
359,2018.06.25,2.7,0.0,10.4,20.8,15.600000000000001,21.9
360,2018.06.26,3.0,0.3,11.6,21.9,16.75,22.3
361,2018.06.27,6.3,1.3,13.3,22.3,17.8,21.9
362,2018.06.28,6.5,11.9,15.8,21.9,18.85,25.5
363,2018.06.29,5.2,8.4,18.2,25.5,21.85,20.8
364,2018.06.30,7.7,0.0,14.1,20.8,17.45,19.2
365,2018.07.01,4.2,0.0,13.3,19.2,16.25,21.0
366,2018.07.02,3.6,0.0,9.6,21.0,15.3,22.9
367,2018.07.03,3.0,0.0,11.5,22.9,17.2,26.2
368,2018.07.04,2.5,0.0,12.0,26.2,19.1,27.9
369,2018.07.05,2.9,1.1,14.9,27.9,21.4,27.8
370,2018.07.06,3.5,6.3,17.0,27.8,22.4,24.7
371,2018.07.07,5.1,10.1,17.3,24.7,21.0,23.6
372,2018.07.08,4.8,0.0,15.1,23.6,19.35,26.3
373,2018.07.09,3.0,0.3,15.7,26.3,21.0,25.4
374,2018.07.10,2.0,0.7,16.1,25.4,20.75,22.0
375,2018.07.11,6.0,3.9,16.9,22.0,19.45,23.8
376,2018.07.12,4.9,3.0,13.6,23.8,18.7,25.1
377,2018.07.13,6.2,0.0,15.5,25.1,20.3,25.1
378,2018.07.14,5.5,0.0,16.7,25.1,20.9,25.9
379,2018.07.15,4.7,0.0,15.5,25.9,20.7,26.2
380,2018.07.16,4.7,0.0,15.4,26.2,20.8,26.7
381,2018.07.17,5.5,0.0,15.3,26.7,21.0,22.8
382,2018.07.18,10.9,1.3,19.0,22.8,20.9,22.5
383,2018.07.19,9.2,3.7,18.9,22.5,20.7,25.3
384,2018.07.20,4.8,3.0,18.3,25.3,21.8,26.1
385,2018.07.21,2.5,0.0,17.7,26.1,21.9,25.8
386,2018.07.22,3.1,21.4,17.8,25.8,21.8,24.0
387,2018.07.23,4.5,20.3,17.9,24.0,20.95,27.9
388,2018.07.24,4.7,0.0,17.4,27.9,22.65,28.1
389,2018.07.25,3.1,0.0,17.7,28.1,22.9,27.1
390,2018.07.26,2.1,1.6,17.9,27.1,22.5,27.2
391,2018.07.27,3.5,6.3,20.5,27.2,23.85,28.3
392,2018.07.28,2.9,2.5,19.3,28.3,23.8,30.1
393,2018.07.29,3.6,6.5,21.7,30.1,25.9,28.4
394,2018.07.30,3.9,0.9,21.5,28.4,24.95,30.3
395,2018.07.31,4.0,1.0,22.6,30.3,26.450000000000003,30.4
396,2018.08.01,4.4,0.0,22.2,30.4,26.299999999999997,30.4
397,2018.08.02,2.0,6.7,20.7,30.4,25.549999999999997,29.2
398,2018.08.03,4.6,0.0,20.6,29.2,24.9,28.4
399,2018.08.04,2.6,0.0,17.9,28.4,23.15,30.2
400,2018.08.05,2.7,0.0,17.9,30.2,24.049999999999997,28.9
401,2018.08.06,3.3,0.1,18.9,28.9,23.9,29.1
402,2018.08.07,3.4,0.0,18.2,29.1,23.65,31.5
403,2018.08.08,3.9,0.0,18.1,31.5,24.8,32.4
404,2018.08.09,4.7,0.0,20.0,32.4,26.2,33.2
405,2018.08.10,4.6,1.1,23.0,33.2,28.1,27.6
406,2018.08.11,5.1,1.0,18.7,27.6,23.15,30.1
407,2018.08.12,2.9,0.0,17.5,30.1,23.8,32.4
408,2018.08.13,4.8,0.0,18.0,32.4,25.2,29.1
409,2018.08.14,5.7,0.0,20.0,29.1,24.55,27.2
410,2018.08.15,5.6,0.0,20.2,27.2,23.7,27.9
411,2018.08.16,2.8,0.0,15.0,27.9,21.45,29.3
412,2018.08.17,3.4,0.0,17.5,29.3,23.4,29.7
413,2018.08.18,2.0,0.2,19.3,29.7,24.5,31.3
414,2018.08.19,4.0,0.0,18.7,31.3,25.0,32.1
415,2018.08.20,3.2,0.1,20.1,32.1,26.1,32.3
416,2018.08.21,2.5,0.0,21.0,32.3,26.65,32.4
417,2018.08.22,4.0,0.0,21.6,32.4,27.0,31.2
418,2018.08.23,3.9,0.9,21.6,31.2,26.4,30.3
419,2018.08.24,3.7,2.6,18.4,30.3,24.35,24.0
420,2018.08.25,6.8,0.2,18.3,24.0,21.15,16.6
421,2018.08.26,6.2,16.8,14.2,16.6,15.4,21.2
422,2018.08.27,2.5,0.0,8.9,21.2,15.05,25.6
423,2018.08.28,3.9,0.0,9.6,25.6,17.6,26.4
424,2018.08.29,3.5,0.0,12.1,26.4,19.25,27.5
425,2018.08.30,2.5,0.0,13.1,27.5,20.3,27.4
426,2018.08.31,3.4,0.9,17.2,27.4,22.299999999999997,28.9
427,2018.09.01,3.5,1.8,16.4,28.9,22.65,27.4
428,2018.09.02,4.4,2.7,17.6,27.4,22.5,22.2
429,2018.09.03,5.2,3.7,17.3,22.2,19.75,18.4
430,2018.09.04,2.4,20.5,16.4,18.4,17.4,24.3
431,2018.09.05,3.5,0.1,15.8,24.3,20.05,22.3
432,2018.09.06,2.1,0.2,14.6,22.3,18.45,23.7
433,2018.09.07,2.1,0.0,11.3,23.7,17.5,24.4
434,2018.09.08,4.2,0.0,14.9,24.4,19.65,23.7
435,2018.09.09,2.5,0.0,12.6,23.7,18.15,23.8
436,2018.09.10,2.7,0.0,11.9,23.8,17.85,25.1
437,2018.09.11,4.9,0.0,12.5,25.1,18.8,26.7
438,2018.09.12,2.1,0.0,13.0,26.7,19.85,28.2
439,2018.09.13,2.0,0.0,13.1,28.2,20.65,26.0
440,2018.09.14,2.1,0.0,16.2,26.0,21.1,25.9
441,2018.09.15,6.1,0.0,17.9,25.9,21.9,22.0
442,2018.09.16,3.4,0.0,13.5,22.0,17.75,26.8
443,2018.09.17,3.0,0.0,11.5,26.8,19.15,25.4
444,2018.09.18,2.3,0.0,10.9,25.4,18.15,27.3
445,2018.09.19,3.0,0.0,11.3,27.3,19.3,28.0
446,2018.09.20,2.1,0.0,12.0,28.0,20.0,28.5
447,2018.09.21,3.9,0.0,13.6,28.5,21.05,17.5
448,2018.09.22,9.5,0.3,12.2,17.5,14.85,18.3
449,2018.09.23,5.4,0.0,9.5,18.3,13.9,18.9
450,2018.09.24,10.1,3.1,10.6,18.9,14.75,14.4
451,2018.09.25,6.8,0.0,7.6,14.4,11.0,14.1
452,2018.09.26,4.0,0.0,3.9,14.1,9.0,18.5
453,2018.09.27,3.8,0.0,2.8,18.5,10.65,18.1
454,2018.09.28,3.1,0.0,4.6,18.1,11.350000000000001,15.1
455,2018.09.29,4.7,0.7,7.0,15.1,11.05,15.7
456,2018.09.30,4.4,0.0,4.0,15.7,9.85,18.0
457,2018.10.01,4.4,0.2,6.4,18.0,12.2,14.3
458,2018.10.02,6.3,0.8,6.8,14.3,10.55,16.8
459,2018.10.03,7.4,0.1,3.5,16.8,10.15,15.7
460,2018.10.04,4.3,0.0,5.7,15.7,10.7,17.1
461,2018.10.05,3.7,0.0,2.9,17.1,10.0,20.3
462,2018.10.06,5.1,0.0,4.0,20.3,12.15,20.3
463,2018.10.07,4.4,0.0,12.7,20.3,16.5,19.6
464,2018.10.08,2.6,0.4,11.9,19.6,15.75,22.7
465,2018.10.09,3.1,0.0,10.0,22.7,16.35,23.1
466,2018.10.10,2.7,0.0,9.2,23.1,16.15,22.3
467,2018.10.11,3.3,0.0,9.0,22.3,15.65,21.0
468,2018.10.12,2.9,0.0,8.6,21.0,14.8,21.4
469,2018.10.13,2.4,0.0,8.2,21.4,14.799999999999999,19.5
470,2018.10.14,4.3,0.0,8.3,19.5,13.9,19.4
471,2018.10.15,4.8,0.0,7.5,19.4,13.45,18.8
472,2018.10.16,4.9,0.0,8.5,18.8,13.65,21.2
473,2018.10.17,3.2,0.0,8.8,21.2,15.0,21.1
474,2018.10.18,2.0,0.0,9.4,21.1,15.25,21.0
475,2018.10.19,2.3,0.0,8.9,21.0,14.95,19.6
476,2018.10.20,5.2,0.0,7.2,19.6,13.4,10.8
477,2018.10.21,5.3,4.6,8.3,10.8,9.55,15.0
478,2018.10.22,3.5,0.3,7.7,15.0,11.35,12.7
479,2018.10.23,8.6,0.0,8.2,12.7,10.45,12.8
480,2018.10.24,12.6,1.4,6.8,12.8,9.8,14.3
481,2018.10.25,7.8,0.7,6.0,14.3,10.15,14.1
482,2018.10.26,5.1,0.0,7.1,14.1,10.6,13.9
483,2018.10.27,5.3,4.1,10.6,13.9,12.25,20.7
484,2018.10.28,7.3,6.9,11.4,20.7,16.05,20.4
485,2018.10.29,7.7,20.5,16.0,20.4,18.2,18.1
486,2018.10.30,7.7,4.7,10.8,18.1,14.450000000000001,18.4
487,2018.10.31,4.6,0.0,9.9,18.4,14.149999999999999,20.8
488,2018.11.01,4.7,0.0,8.8,20.8,14.8,21.2
489,2018.11.02,4.3,0.2,13.0,21.2,17.1,19.6
490,2018.11.03,2.7,0.0,11.3,19.6,15.450000000000001,17.3
491,2018.11.04,2.6,0.0,7.9,17.3,12.600000000000001,17.2
492,2018.11.05,4.2,0.0,6.6,17.2,11.899999999999999,15.8
493,2018.11.06,4.9,0.0,7.3,15.8,11.55,15.6
494,2018.11.07,4.8,0.0,6.6,15.6,11.1,14.3
495,2018.11.08,3.1,0.0,5.4,14.3,9.850000000000001,12.7
496,2018.11.09,3.6,0.0,3.0,12.7,7.85,10.9
497,2018.11.10,4.3,0.1,3.2,10.9,7.050000000000001,15.0
498,2018.11.11,4.0,0.2,4.8,15.0,9.9,14.7
499,2018.11.12,3.6,0.0,4.3,14.7,9.5,13.8
500,2018.11.13,3.8,0.1,5.8,13.8,9.8,12.0
501,2018.11.14,6.9,0.0,3.5,12.0,7.75,10.7
502,2018.11.15,2.5,0.0,0.6,10.7,5.6499999999999995,8.3
503,2018.11.16,5.3,0.0,0.9,8.3,4.6000000000000005,5.9
504,2018.11.17,5.5,0.0,-1.5,5.9,2.2,6.4
505,2018.11.18,2.5,0.0,-3.6,6.4,1.4000000000000001,1.9
506,2018.11.19,4.1,1.2,-0.5,1.9,0.7,4.5
507,2018.11.20,8.7,4.0,0.3,4.5,2.4,4.3
508,2018.11.21,5.4,4.6,3.4,4.3,3.8499999999999996,4.9
509,2018.11.22,2.9,0.7,2.4,4.9,3.6500000000000004,4.8
510,2018.11.23,3.7,0.6,2.7,4.8,3.75,6.4
511,2018.11.24,4.4,2.8,1.5,6.4,3.95,6.9
512,2018.11.25,4.9,14.8,4.7,6.9,5.800000000000001,9.4
513,2018.11.26,6.7,14.3,5.3,9.4,7.35,4.6
514,2018.11.27,5.6,8.8,0.9,4.6,2.75,1.6
515,2018.11.28,7.1,0.4,-3.8,1.6,-1.0999999999999999,-0.2
516,2018.11.29,5.4,0.6,-6.3,-0.2,-3.25,-2.1
517,2018.11.30,3.2,0.3,-5.3,-2.1,-3.7,-1.8
518,2018.12.01,2.8,0.1,-5.6,-1.8,-3.6999999999999997,0.3
519,2018.12.02,4.3,0.0,-4.4,0.3,-2.0500000000000003,3.3
520,2018.12.03,3.3,0.4,-2.4,3.3,0.44999999999999996,5.4
521,2018.12.04,5.9,0.7,0.2,5.4,2.8000000000000003,4.9
522,2018.12.05,6.7,0.0,-5.0,4.9,-0.04999999999999982,2.0
523,2018.12.06,3.0,0.1,-5.9,2.0,-1.9500000000000002,2.6
524,2018.12.07,2.6,3.5,-0.9,2.6,0.8500000000000001,6.8
525,2018.12.08,6.0,6.4,0.1,6.8,3.4499999999999997,6.1
526,2018.12.09,5.7,0.8,-0.1,6.1,3.0,5.9
527,2018.12.10,7.9,0.6,1.4,5.9,3.6500000000000004,3.7
528,2018.12.11,5.6,0.8,-0.2,3.7,1.75,3.1
529,2018.12.12,5.6,0.4,-0.9,3.1,1.1,1.6
530,2018.12.13,2.0,0.0,-5.3,1.6,-1.8499999999999999,-0.6
531,2018.12.14,4.5,0.7,-5.7,-0.6,-3.15,-0.4
532,2018.12.15,5.8,14.8,-1.1,-0.4,-0.75,-0.7
533,2018.12.16,3.0,4.3,-4.2,-0.7,-2.45,-4.3
534,2018.12.17,1.9,0.4,-7.6,-4.3,-5.949999999999999,-2.6
535,2018.12.18,2.0,0.1,-8.2,-2.6,-5.3999999999999995,-7.0
536,2018.12.19,4.0,0.7,-9.8,-7.0,-8.4,-4.2
537,2018.12.20,4.7,1.2,-8.3,-4.2,-6.25,-0.9
538,2018.12.21,3.1,0.0,-6.3,-0.9,-3.6,6.7
539,2018.12.22,5.7,1.4,1.1,6.7,3.9000000000000004,6.4
540,2018.12.23,6.3,0.6,2.1,6.4,4.25,4.0
541,2018.12.24,6.0,6.2,-2.1,4.0,0.95,2.0
542,2018.12.25,7.9,0.4,-3.5,2.0,-0.75,3.8
543,2018.12.26,7.1,0.2,-0.8,3.8,1.5,5.9
544,2018.12.27,5.6,0.0,0.0,5.9,2.95,6.1
545,2018.12.28,6.5,0.0,2.3,6.1,4.199999999999999,5.1
546,2018.12.29,5.7,0.0,0.0,5.1,2.55,4.8
547,2018.12.30,8.8,1.4,-0.7,4.8,2.05,4.2
548,2018.12.31,7.5,0.3,-1.5,4.2,1.35,2.7
549,2019.01.01,6.1,0.9,-4.6,2.7,-0.9499999999999997,3.1
550,2019.01.02,9.5,0.9,-0.7,3.1,1.2000000000000002,0.3
551,2019.01.03,7.9,0.1,-3.3,0.3,-1.5,-1.0
552,2019.01.04,5.4,0.2,-6.3,-1.0,-3.65,2.2
553,2019.01.05,5.8,4.0,-3.2,2.2,-0.5,0.4
554,2019.01.06,7.3,0.0,-6.5,0.4,-3.05,-5.2
555,2019.01.07,1.9,0.0,-14.9,-5.2,-10.05,0.0
556,2019.01.08,4.4,4.7,-10.4,0.0,-5.2,1.8
557,2019.01.09,4.6,1.9,-1.2,1.8,0.30000000000000004,0.2
558,2019.01.10,3.2,0.3,-8.6,0.2,-4.2,-6.5
559,2019.01.11,5.6,0.1,-9.8,-6.5,-8.15,3.3
560,2019.01.12,6.0,1.2,-4.3,3.3,-0.5,3.3
561,2019.01.13,5.9,1.4,0.0,3.3,1.65,3.1
562,2019.01.14,10.1,4.7,-1.4,3.1,0.8500000000000001,1.2
563,2019.01.15,8.2,0.7,-3.2,1.2,-1.0,5.7
564,2019.01.16,10.0,0.2,-1.3,5.7,2.2,10.0
565,2019.01.17,6.0,3.3,-1.1,10.0,4.45,5.6
566,2019.01.18,8.1,7.2,-3.2,5.6,1.1999999999999997,0.6
567,2019.01.19,3.6,0.0,-4.7,0.6,-2.0500000000000003,0.0
568,2019.01.20,3.7,2.7,-2.1,0.0,-1.05,0.0
569,2019.01.21,1.8,0.1,-7.0,0.0,-3.5,-2.4
570,2019.01.22,3.0,0.0,-9.9,-2.4,-6.15,-1.4
571,2019.01.23,4.7,2.7,-7.1,-1.4,-4.25,1.5
572,2019.01.24,3.6,1.2,-3.1,1.5,-0.8,-3.3
573,2019.01.25,6.7,2.5,-6.3,-3.3,-4.8,-2.7
574,2019.01.26,7.1,0.0,-6.5,-2.7,-4.6,2.7
575,2019.01.27,5.2,0.7,-2.1,2.7,0.30000000000000004,3.6
576,2019.01.28,4.5,5.7,-1.9,3.6,0.8500000000000001,3.3
577,2019.01.29,4.8,0.1,-3.6,3.3,-0.15000000000000013,-1.3
578,2019.01.30,2.6,0.1,-8.5,-1.3,-4.9,0.1
579,2019.01.31,2.4,0.2,-3.4,0.1,-1.65,2.3
580,2019.02.01,4.7,1.8,-2.0,2.3,0.1499999999999999,9.5
581,2019.02.02,6.7,2.5,5.3,9.5,7.4,11.0
582,2019.02.03,7.6,2.0,3.5,11.0,7.25,4.4
583,2019.02.04,8.5,0.3,0.9,4.4,2.6500000000000004,4.7
584,2019.02.05,3.0,0.2,-1.4,4.7,1.6500000000000001,3.3
585,2019.02.06,3.0,0.0,-4.8,3.3,-0.75,2.2
586,2019.02.07,2.5,0.0,-5.5,2.2,-1.65,3.8
587,2019.02.08,2.0,0.3,-4.5,3.8,-0.3500000000000001,3.8
588,2019.02.09,2.7,0.1,-3.7,3.8,0.04999999999999982,6.3
589,2019.02.10,7.7,0.8,-4.5,6.3,0.8999999999999999,6.0
590,2019.02.11,10.5,4.3,2.6,6.0,4.3,3.2
591,2019.02.12,9.6,0.1,-0.7,3.2,1.25,3.6
592,2019.02.13,5.9,0.1,-1.7,3.6,0.9500000000000001,7.1
593,2019.02.14,6.5,0.0,-0.3,7.1,3.4,7.1
594,2019.02.15,1.9,0.0,-2.6,7.1,2.25,8.4
595,2019.02.16,2.3,0.0,-2.3,8.4,3.0500000000000003,9.7
596,2019.02.17,1.9,0.0,-2.1,9.7,3.8,7.3
597,2019.02.18,2.2,0.0,-2.3,7.3,2.5,7.2
598,2019.02.19,2.3,0.2,-1.3,7.2,2.95,8.3
599,2019.02.20,4.9,0.0,0.8,8.3,4.550000000000001,8.6
600,2019.02.21,4.2,0.5,-0.5,8.6,4.05,10.6
601,2019.02.22,7.6,1.6,-2.7,10.6,3.9499999999999997,-0.8
602,2019.02.23,6.2,0.0,-6.4,-0.8,-3.6,1.5
603,2019.02.24,3.3,0.0,-6.6,1.5,-2.55,6.5
604,2019.02.25,3.0,0.0,-4.0,6.5,1.25,10.5
605,2019.02.26,6.9,0.0,-3.9,10.5,3.3,9.5
606,2019.02.27,5.0,0.0,-0.1,9.5,4.7,12.9
607,2019.02.28,8.4,0.0,0.9,12.9,6.9,11.6
608,2019.03.01,5.5,0.1,4.7,11.6,8.15,6.9
609,2019.03.02,4.5,0.4,2.5,6.9,4.7,11.7
610,2019.03.03,5.7,0.5,3.1,11.7,7.3999999999999995,14.8
611,2019.03.04,9.8,0.0,4.1,14.8,9.45,11.9
612,2019.03.05,6.9,1.5,5.0,11.9,8.45,13.6
613,2019.03.06,4.7,0.5,3.5,13.6,8.55,17.2
614,2019.03.07,8.8,0.0,6.5,17.2,11.85,14.8
615,2019.03.08,4.7,1.7,7.8,14.8,11.3,12.8
616,2019.03.09,5.8,0.2,5.8,12.8,9.3,13.8
617,2019.03.10,9.1,0.2,6.8,13.8,10.3,9.3
618,2019.03.11,14.0,0.3,3.8,9.3,6.550000000000001,7.9
619,2019.03.12,5.8,0.0,0.0,7.9,3.95,6.0
620,2019.03.13,5.7,2.1,-1.6,6.0,2.2,9.5
621,2019.03.14,3.8,0.0,-0.9,9.5,4.3,10.1
622,2019.03.15,8.2,2.2,4.5,10.1,7.3,10.0
623,2019.03.16,7.2,0.9,7.7,10.0,8.85,17.6
624,2019.03.17,6.5,0.0,3.6,17.6,10.600000000000001,11.5
625,2019.03.18,8.7,1.5,6.2,11.5,8.85,9.9
626,2019.03.19,5.5,0.4,5.2,9.9,7.550000000000001,10.0
627,2019.03.20,2.1,0.0,2.5,10.0,6.25,11.1
628,2019.03.21,2.0,0.0,-0.6,11.1,5.25,14.0
629,2019.03.22,2.0,0.0,0.7,14.0,7.35,15.6
630,2019.03.23,2.8,0.0,2.5,15.6,9.05,17.7
631,2019.03.24,4.8,0.0,5.5,17.7,11.6,12.1
632,2019.03.25,5.5,0.2,7.5,12.1,9.8,11.0
633,2019.03.26,5.9,0.0,5.2,11.0,8.1,9.0
634,2019.03.27,5.6,0.0,1.6,9.0,5.3,13.2
635,2019.03.28,3.6,0.0,-1.1,13.2,6.05,13.8
636,2019.03.29,2.2,0.0,2.3,13.8,8.05,15.7
637,2019.03.30,2.0,0.0,2.1,15.7,8.9,17.7
638,2019.03.31,2.5,0.0,3.1,17.7,10.4,13.9
639,2019.04.01,5.9,0.0,6.1,13.9,10.0,15.2
640,2019.04.02,6.6,0.0,5.0,15.2,10.1,15.5
641,2019.04.03,6.6,0.0,8.2,15.5,11.85,17.0
642,2019.04.04,7.0,0.0,9.0,17.0,13.0,15.0
643,2019.04.05,7.7,3.0,6.6,15.0,10.8,15.5
644,2019.04.06,3.5,3.0,5.9,15.5,10.7,17.6
645,2019.04.07,4.0,0.0,6.7,17.6,12.15,19.7
646,2019.04.08,3.3,0.0,8.6,19.7,14.149999999999999,19.0
647,2019.04.09,4.5,0.4,12.0,19.0,15.5,17.5
648,2019.04.10,5.4,0.0,10.9,17.5,14.2,14.2
649,2019.04.11,6.5,6.4,10.0,14.2,12.1,10.5
650,2019.04.12,5.4,13.4,7.7,10.5,9.1,10.1
651,2019.04.13,5.4,0.2,7.7,10.1,8.9,14.4
652,2019.04.14,6.4,1.3,8.4,14.4,11.4,12.4
653,2019.04.15,6.4,0.0,4.6,12.4,8.5,12.8
654,2019.04.16,3.9,0.0,2.1,12.8,7.45,15.2
655,2019.04.17,3.0,0.0,3.4,15.2,9.299999999999999,18.4
656,2019.04.18,4.1,0.1,9.2,18.4,13.799999999999999,20.7
657,2019.04.19,4.0,0.0,11.3,20.7,16.0,19.6
658,2019.04.20,3.2,0.0,11.0,19.6,15.3,20.3
659,2019.04.21,3.6,0.0,11.8,20.3,16.05,19.1
660,2019.04.22,7.1,0.3,12.0,19.1,15.55,11.8
661,2019.04.23,7.4,4.8,9.9,11.8,10.850000000000001,21.4
662,2019.04.24,6.0,2.1,10.2,21.4,15.799999999999999,23.8
663,2019.04.25,6.3,0.0,12.7,23.8,18.25,25.9
664,2019.04.26,6.1,2.8,15.8,25.9,20.85,17.7
665,2019.04.27,6.7,4.3,12.2,17.7,14.95,15.8
666,2019.04.28,8.2,0.4,11.7,15.8,13.75,15.9
667,2019.04.29,5.2,0.9,10.3,15.9,13.100000000000001,16.8
668,2019.04.30,3.8,6.1,9.0,16.8,12.9,19.3
669,2019.05.01,6.4,0.0,10.4,19.3,14.850000000000001,21.1
670,2019.05.02,5.5,1.0,10.8,21.1,15.950000000000001,16.9
671,2019.05.03,5.9,0.6,11.9,16.9,14.399999999999999,17.4
672,2019.05.04,5.0,10.9,12.3,17.4,14.85,11.3
673,2019.05.05,5.8,27.1,7.1,11.3,9.2,11.7
674,2019.05.06,4.9,9.1,7.1,11.7,9.399999999999999,15.2
675,2019.05.07,6.3,0.0,6.8,15.2,11.0,17.8
676,2019.05.08,4.6,0.0,7.8,17.8,12.8,11.4
677,2019.05.09,5.0,17.0,9.9,11.4,10.65,19.3
678,2019.05.10,6.6,0.6,9.9,19.3,14.600000000000001,22.3
679,2019.05.11,3.6,0.8,11.2,22.3,16.75,22.3
680,2019.05.12,4.9,9.8,13.6,22.3,17.95,16.4
681,2019.05.13,6.3,1.2,8.8,16.4,12.6,10.5
682,2019.05.14,6.0,30.3,6.8,10.5,8.65,11.6
683,2019.05.15,3.0,9.3,8.5,11.6,10.05,17.0
684,2019.05.16,2.2,0.1,7.4,17.0,12.2,20.0
685,2019.05.17,2.6,0.0,10.4,20.0,15.2,23.4
686,2019.05.18,3.9,0.2,11.8,23.4,17.6,24.4
687,2019.05.19,4.7,3.5,14.2,24.4,19.299999999999997,22.4
688,2019.05.20,6.0,7.7,15.9,22.4,19.15,19.8
689,2019.05.21,5.4,5.7,12.7,19.8,16.25,17.6
690,2019.05.22,7.1,1.5,14.3,17.6,15.950000000000001,18.5
691,2019.05.23,7.7,0.0,12.6,18.5,15.55,20.5
692,2019.05.24,3.5,2.2,10.5,20.5,15.5,23.9
693,2019.05.25,2.9,0.0,13.6,23.9,18.75,25.6
694,2019.05.26,2.8,0.0,16.0,25.6,20.8,25.6
695,2019.05.27,4.2,7.8,17.3,25.6,21.450000000000003,23.6
696,2019.05.28,4.2,9.4,15.3,23.6,19.450000000000003,21.8
697,2019.05.29,3.3,5.8,14.2,21.8,18.0,16.7
698,2019.05.30,4.2,23.1,12.7,16.7,14.7,23.1
699,2019.05.31,3.3,1.4,12.9,23.1,18.0,25.2
700,2019.06.01,4.9,0.9,15.8,25.2,20.5,27.2
701,2019.06.02,3.6,0.0,17.0,27.2,22.1,28.1
702,2019.06.03,3.5,0.2,18.1,28.1,23.1,27.5
703,2019.06.04,3.3,0.0,18.7,27.5,23.1,27.7
704,2019.06.05,3.9,3.0,19.7,27.7,23.7,26.2
705,2019.06.06,4.8,4.6,17.3,26.2,21.75,27.7
706,2019.06.07,4.1,8.8,18.2,27.7,22.95,27.1
707,2019.06.08,6.0,0.0,18.2,27.1,22.65,28.1
708,2019.06.09,3.6,0.0,17.9,28.1,23.0,30.4
709,2019.06.10,4.2,0.0,20.0,30.4,25.2,30.9
710,2019.06.11,4.4,0.0,21.1,30.9,26.0,31.1
711,2019.06.12,5.4,0.0,21.5,31.1,26.3,33.3
712,2019.06.13,4.1,3.2,22.3,33.3,27.799999999999997,33.0
713,2019.06.14,3.7,0.0,23.3,33.0,28.15,33.8
714,2019.06.15,3.9,0.3,23.6,33.8,28.7,31.7
715,2019.06.16,4.7,7.1,24.4,31.7,28.049999999999997,29.4
716,2019.06.17,3.7,10.7,21.0,29.4,25.2,26.6
717,2019.06.18,4.3,3.0,19.9,26.6,23.25,29.7
718,2019.06.19,4.8,15.9,22.9,29.7,26.299999999999997,29.8
719,2019.06.20,2.5,6.9,22.4,29.8,26.1,29.2
720,2019.06.21,4.5,0.8,21.0,29.2,25.1,29.8
721,2019.06.22,3.3,2.4,22.3,29.8,26.05,26.8
722,2019.06.23,4.2,20.1,21.1,26.8,23.950000000000003,29.0
723,2019.06.24,5.7,0.8,20.3,29.0,24.65,31.3
724,2019.06.25,4.2,0.0,20.4,31.3,25.85,32.5
725,2019.06.26,3.2,0.0,23.9,32.5,28.2,32.5
726,2019.06.27,7.5,0.0,23.2,32.5,27.85,26.2
727,2019.06.28,4.0,0.0,18.3,26.2,22.25,28.2
728,2019.06.29,3.2,0.0,18.6,28.2,23.4,29.1
729,2019.06.30,4.3,0.0,20.7,29.1,24.9,32.2
730,2019.07.01,3.8,0.0,20.8,32.2,26.5,30.9
731,2019.07.02,6.3,0.0,23.2,30.9,27.049999999999997,27.1
732,2019.07.03,5.1,0.0,20.1,27.1,23.6,25.8
733,2019.07.04,4.2,0.0,19.1,25.8,22.450000000000003,28.4
734,2019.07.05,5.3,0.0,19.7,28.4,24.049999999999997,29.6
735,2019.07.06,5.7,0.0,20.8,29.6,25.200000000000003,24.3
736,2019.07.07,6.6,13.3,20.8,24.3,22.55,23.0
737,2019.07.08,4.7,0.0,17.4,23.0,20.2,22.5
738,2019.07.09,5.6,0.0,17.7,22.5,20.1,23.1
739,2019.07.10,5.7,0.0,17.3,23.1,20.200000000000003,23.9
740,2019.07.11,5.2,0.0,15.1,23.9,19.5,21.3
741,2019.07.12,3.5,0.0,17.3,21.3,19.3,22.4
742,2019.07.13,4.9,12.9,15.9,22.4,19.15,25.9
743,2019.07.14,4.9,0.6,15.6,25.9,20.75,23.8
744,2019.07.15,3.6,0.8,17.6,23.8,20.700000000000003,26.1
745,2019.07.16,4.5,0.0,18.0,26.1,22.05,24.6
746,2019.07.17,4.9,0.0,14.7,24.6,19.65,27.8
747,2019.07.18,3.8,1.0,18.8,27.8,23.3,28.5
748,2019.07.19,3.5,2.4,20.2,28.5,24.35,30.2
749,2019.07.20,4.3,0.0,20.8,30.2,25.5,32.0
750,2019.07.21,5.2,0.6,22.0,32.0,27.0,28.6
751,2019.07.22,5.7,0.0,21.1,28.6,24.85,27.8
752,2019.07.23,4.6,0.0,21.2,27.8,24.5,29.8
753,2019.07.24,3.4,0.0,19.9,29.8,24.85,30.1
754,2019.07.25,2.6,0.0,21.6,30.1,25.85,32.5
755,2019.07.26,3.1,0.1,22.6,32.5,27.55,30.2
756,2019.07.27,3.8,12.9,21.8,30.2,26.0,32.2
757,2019.07.28,5.0,5.4,20.7,32.2,26.450000000000003,29.3
758,2019.07.29,4.3,4.3,20.7,29.3,25.0,30.5
759,2019.07.30,5.5,0.0,20.8,30.5,25.65,28.7
760,2019.07.31,4.6,0.0,22.6,28.7,25.65,30.6
761,2019.08.01,4.4,0.9,21.8,30.6,26.200000000000003,27.9
762,2019.08.02,4.3,0.0,21.8,27.9,24.85,25.8
763,2019.08.03,5.6,37.4,18.2,25.8,22.0,26.9
764,2019.08.04,3.0,0.0,17.5,26.9,22.2,27.2
765,2019.08.05,4.2,0.5,19.7,27.2,23.45,31.2
766,2019.08.06,3.0,0.4,20.5,31.2,25.85,31.7
767,2019.08.07,6.0,1.5,22.6,31.7,27.15,28.8
768,2019.08.08,5.9,0.0,20.7,28.8,24.75,30.7
769,2019.08.09,4.1,0.1,22.0,30.7,26.35,33.4
770,2019.08.10,3.2,0.0,23.1,33.4,28.25,33.6
771,2019.08.11,4.7,0.0,23.7,33.6,28.65,36.2
772,2019.08.12,3.7,0.0,24.8,36.2,30.5,28.0
773,2019.08.13,7.2,3.7,20.3,28.0,24.15,23.0
774,2019.08.14,4.6,12.0,17.4,23.0,20.2,24.2
775,2019.08.15,2.5,0.0,16.8,24.2,20.5,25.4
776,2019.08.16,4.3,1.1,19.1,25.4,22.25,27.4
777,2019.08.17,3.1,0.0,17.9,27.4,22.65,29.7
778,2019.08.18,4.2,0.0,20.0,29.7,24.85,32.3
779,2019.08.19,3.3,0.0,21.7,32.3,27.0,33.6
780,2019.08.20,3.0,0.0,23.3,33.6,28.450000000000003,30.2
781,2019.08.21,5.5,0.5,22.5,30.2,26.35,27.7
782,2019.08.22,3.1,2.3,19.4,27.7,23.549999999999997,30.5
783,2019.08.23,2.2,0.0,21.6,30.5,26.05,32.1
784,2019.08.24,4.0,0.0,23.4,32.1,27.75,32.0
785,2019.08.25,3.3,1.5,23.7,32.0,27.85,31.5
786,2019.08.26,4.0,1.3,24.3,31.5,27.9,31.5
787,2019.08.27,3.9,0.9,24.4,31.5,27.95,33.4
788,2019.08.28,3.2,0.0,24.7,33.4,29.049999999999997,33.1
789,2019.08.29,2.9,0.0,25.4,33.1,29.25,34.7
790,2019.08.30,2.6,0.0,24.7,34.7,29.700000000000003,33.1
791,2019.08.31,3.9,0.1,25.0,33.1,29.05,32.3
792,2019.09.01,3.7,0.0,24.8,32.3,28.549999999999997,32.6
793,2019.09.02,4.7,0.0,22.2,32.6,27.4,21.9
794,2019.09.03,6.8,2.2,16.1,21.9,19.0,25.6
795,2019.09.04,1.9,0.0,15.9,25.6,20.75,26.5
796,2019.09.05,2.0,0.0,18.6,26.5,22.55,26.3
797,2019.09.06,4.0,0.0,17.3,26.3,21.8,20.5
798,2019.09.07,3.0,2.4,18.2,20.5,19.35,23.0
799,2019.09.08,2.6,5.3,17.6,23.0,20.3,21.8
800,2019.09.09,5.6,20.3,15.0,21.8,18.4,22.7
801,2019.09.10,3.2,0.0,14.7,22.7,18.7,26.1
802,2019.09.11,2.0,0.0,16.7,26.1,21.4,25.5
803,2019.09.12,5.4,0.0,19.7,25.5,22.6,25.4
804,2019.09.13,4.3,0.0,16.3,25.4,20.85,25.6
805,2019.09.14,4.4,0.0,18.4,25.6,22.0,23.8
806,2019.09.15,3.2,0.0,15.7,23.8,19.75,26.7
807,2019.09.16,3.5,0.0,17.5,26.7,22.1,22.0
808,2019.09.17,6.1,0.0,16.7,22.0,19.35,17.2
809,2019.09.18,8.4,0.0,11.2,17.2,14.2,17.1
810,2019.09.19,4.8,0.0,10.4,17.1,13.75,18.8
811,2019.09.20,3.5,0.0,9.8,18.8,14.3,19.5
812,2019.09.21,2.0,0.0,12.4,19.5,15.95,22.5
813,2019.09.22,4.2,0.0,13.1,22.5,17.8,17.7
814,2019.09.23,4.7,0.0,13.7,17.7,15.7,20.4
815,2019.09.24,2.1,0.0,14.2,20.4,17.299999999999997,20.2
816,2019.09.25,3.3,1.3,14.9,20.2,17.55,21.1
817,2019.09.26,5.2,1.9,14.5,21.1,17.8,23.0
818,2019.09.27,2.8,0.0,14.7,23.0,18.85,17.5
819,2019.09.28,3.6,0.7,16.4,17.5,16.95,22.6
820,2019.09.29,4.4,0.0,14.7,22.6,18.65,24.0
821,2019.09.30,10.7,0.0,15.9,24.0,19.95,22.7
822,2019.10.01,4.7,0.0,13.4,22.7,18.05,23.1
823,2019.10.02,5.5,2.5,15.9,23.1,19.5,15.2
824,2019.10.03,9.1,0.3,10.2,15.2,12.7,16.2
825,2019.10.04,3.5,0.0,8.1,16.2,12.149999999999999,13.1
826,2019.10.05,7.3,4.1,10.3,13.1,11.7,14.6
827,2019.10.06,7.1,0.3,8.9,14.6,11.75,12.1
828,2019.10.07,3.4,0.0,8.2,12.1,10.149999999999999,13.9
829,2019.10.08,4.3,0.0,7.2,13.9,10.55,19.2
830,2019.10.09,7.9,0.0,10.3,19.2,14.75,15.4
831,2019.10.10,6.8,2.2,11.1,15.4,13.25,17.3
832,2019.10.11,4.2,0.0,9.4,17.3,13.350000000000001,20.6
833,2019.10.12,3.1,0.0,11.1,20.6,15.850000000000001,20.6
834,2019.10.13,2.2,0.0,13.3,20.6,16.950000000000003,21.4
835,2019.10.14,3.2,0.0,14.6,21.4,18.0,22.7
836,2019.10.15,3.6,0.0,14.8,22.7,18.75,17.3
837,2019.10.16,3.1,0.0,14.1,17.3,15.7,21.5
838,2019.10.17,1.6,0.0,13.8,21.5,17.65,21.0
839,2019.10.18,3.1,0.0,14.5,21.0,17.75,21.6
840,2019.10.19,5.5,0.0,13.4,21.6,17.5,22.8
841,2019.10.20,5.1,0.0,15.0,22.8,18.9,23.6
842,2019.10.21,3.7,0.0,15.6,23.6,19.6,23.0
843,2019.10.22,1.5,0.0,15.7,23.0,19.35,23.3
844,2019.10.23,2.7,0.0,16.2,23.3,19.75,22.1
845,2019.10.24,2.8,0.0,14.8,22.1,18.450000000000003,21.9
846,2019.10.25,2.3,0.0,14.7,21.9,18.299999999999997,19.7
847,2019.10.26,1.7,0.0,13.7,19.7,16.7,20.4
848,2019.10.27,1.2,0.0,13.6,20.4,17.0,17.2
849,2019.10.28,4.0,0.0,12.3,17.2,14.75,11.4
850,2019.10.29,2.4,9.8,9.3,11.4,10.350000000000001,11.5
851,2019.10.30,3.1,0.0,7.5,11.5,9.5,10.1
852,2019.10.31,1.5,0.0,5.6,10.1,7.85,9.7
853,2019.11.01,3.5,0.0,5.3,9.7,7.5,11.1
854,2019.11.02,4.8,0.0,6.3,11.1,8.7,16.4
855,2019.11.03,6.6,0.4,9.8,16.4,13.1,15.7
856,2019.11.04,5.3,9.6,9.9,15.7,12.8,16.3
857,2019.11.05,6.6,12.3,9.2,16.3,12.75,12.7
858,2019.11.06,4.3,5.1,9.7,12.7,11.2,13.9
859,2019.11.07,2.2,8.2,9.6,13.9,11.75,13.5
860,2019.11.08,4.3,0.0,8.5,13.5,11.0,15.1
861,2019.11.09,3.1,0.0,10.5,15.1,12.8,10.1
862,2019.11.10,4.2,1.3,7.4,10.1,8.75,10.2
863,2019.11.11,6.1,0.0,5.5,10.2,7.85,10.2
864,2019.11.12,3.5,1.9,7.0,10.2,8.6,16.4
865,2019.11.13,7.7,14.9,10.4,16.4,13.399999999999999,11.4
866,2019.11.14,3.9,0.3,6.4,11.4,8.9,14.5
867,2019.11.15,3.8,0.0,8.4,14.5,11.45,16.3
868,2019.11.16,4.0,0.0,10.3,16.3,13.3,13.8
869,2019.11.17,4.6,0.0,10.2,13.8,12.0,14.1
870,2019.11.18,5.0,0.2,9.6,14.1,11.85,11.6
871,2019.11.19,3.5,0.0,8.1,11.6,9.85,10.9
872,2019.11.20,4.9,4.3,9.3,10.9,10.100000000000001,11.5
873,2019.11.21,4.0,5.3,9.5,11.5,10.5,11.8
874,2019.11.22,5.1,1.3,8.4,11.8,10.100000000000001,9.0
875,2019.11.23,5.3,0.0,4.6,9.0,6.8,9.8
876,2019.11.24,4.5,0.0,5.7,9.8,7.75,10.6
877,2019.11.25,1.8,0.0,5.7,10.6,8.15,10.2
878,2019.11.26,1.2,0.0,6.6,10.2,8.399999999999999,9.7
879,2019.11.27,5.0,2.6,5.4,9.7,7.55,10.3
880,2019.11.28,2.6,7.5,9.0,10.3,9.65,11.0
881,2019.11.29,3.8,0.0,7.4,11.0,9.2,5.5
882,2019.11.30,7.4,0.0,1.6,5.5,3.55,4.2
883,2019.12.01,4.7,0.0,0.7,4.2,2.45,1.8
884,2019.12.02,4.7,6.7,0.2,1.8,1.0,1.0
885,2019.12.03,4.1,0.0,-1.6,1.0,-0.30000000000000004,-0.7
886,2019.12.04,2.0,0.0,-3.5,-0.7,-2.1,-0.2
887,2019.12.05,2.4,0.0,-2.6,-0.2,-1.4000000000000001,0.2
888,2019.12.06,1.6,0.0,-2.8,0.2,-1.2999999999999998,2.8
889,2019.12.07,2.6,0.0,-1.6,2.8,0.5999999999999999,6.3
890,2019.12.08,2.1,0.0,1.6,6.3,3.95,6.2
891,2019.12.09,3.3,3.3,4.2,6.2,5.2,5.7
892,2019.12.10,8.3,4.9,1.2,5.7,3.45,2.4
893,2019.12.11,2.6,0.0,-0.4,2.4,1.0,3.5
894,2019.12.12,2.9,4.7,1.0,3.5,2.25,5.0
895,2019.12.13,4.5,5.0,3.3,5.0,4.15,4.7
896,2019.12.14,4.2,1.6,3.7,4.7,4.2,7.4
897,2019.12.15,3.4,0.0,2.5,7.4,4.95,9.2
898,2019.12.16,3.8,0.0,4.6,9.2,6.8999999999999995,14.1
899,2019.12.17,6.7,0.0,7.2,14.1,10.65,12.0
900,2019.12.18,3.9,0.0,7.6,12.0,9.8,8.9
901,2019.12.19,2.3,0.0,6.3,8.9,7.6,10.1
902,2019.12.20,6.1,0.0,5.2,10.1,7.65,10.9
903,2019.12.21,6.3,4.5,9.6,10.9,10.25,9.3
904,2019.12.22,6.3,17.2,6.2,9.3,7.75,7.6
905,2019.12.23,9.9,4.9,7.0,7.6,7.3,7.8
906,2019.12.24,9.4,0.0,5.4,7.8,6.6,8.3
907,2019.12.25,6.2,3.1,4.6,8.3,6.45,6.4
908,2019.12.26,6.0,0.0,3.2,6.4,4.800000000000001,4.6
909,2019.12.27,4.9,0.0,1.6,4.6,3.0999999999999996,3.0
910,2019.12.28,7.2,0.0,-0.1,3.0,1.45,1.0
911,2019.12.29,3.2,0.0,-1.1,1.0,-0.050000000000000044,1.1
912,2019.12.30,2.3,0.0,-1.5,1.1,-0.19999999999999996,4.4
913,2019.12.31,5.1,0.0,-0.6,4.4,1.9000000000000001,3.0
914,2020.01.01,4.5,0.0,0.2,3.0,1.6,3.3
915,2020.01.02,1.6,0.0,-0.5,3.3,1.4,2.4
916,2020.01.03,1.6,0.0,-0.7,2.4,0.85,6.7
917,2020.01.04,7.4,0.0,1.1,6.7,3.9000000000000004,3.5
918,2020.01.05,7.9,0.1,-0.7,3.5,1.4,1.0
919,2020.01.06,1.7,0.0,-1.0,1.0,0.0,1.7
920,2020.01.07,1.5,0.0,-1.3,1.7,0.19999999999999996,1.1
921,2020.01.08,1.2,0.0,-1.2,1.1,-0.04999999999999993,1.3
922,2020.01.09,1.8,0.0,-1.0,1.3,0.15000000000000002,1.5
923,2020.01.10,2.6,0.0,-0.7,1.5,0.4,6.5
924,2020.01.11,4.8,0.0,0.2,6.5,3.35,4.2
925,2020.01.12,1.4,0.0,0.8,4.2,2.5,2.7
926,2020.01.13,1.9,0.0,-0.3,2.7,1.2000000000000002,2.9
927,2020.01.14,2.1,0.0,-0.5,2.9,1.2,3.1
928,2020.01.15,2.3,0.0,-0.4,3.1,1.35,3.0
929,2020.01.16,1.4,0.0,-0.1,3.0,1.45,2.5
930,2020.01.17,2.2,0.0,-0.3,2.5,1.1,1.7
931,2020.01.18,2.3,0.0,-0.8,1.7,0.44999999999999996,2.8
932,2020.01.19,2.5,0.1,0.1,2.8,1.45,4.4
933,2020.01.20,2.6,0.0,-0.1,4.4,2.1500000000000004,3.6
934,2020.01.21,1.5,0.0,-0.5,3.6,1.55,2.8
935,2020.01.22,4.7,0.0,-0.9,2.8,0.95,3.4
936,2020.01.23,4.6,0.0,-0.6,3.4,1.4,1.7
937,2020.01.24,1.9,0.0,-1.6,1.7,0.04999999999999993,1.6
938,2020.01.25,1.6,0.9,-0.9,1.6,0.35000000000000003,1.2
939,2020.01.26,1.9,0.4,0.3,1.2,0.75,5.7
940,2020.01.27,2.0,0.0,1.5,5.7,3.6,4.7
941,2020.01.28,3.6,6.8,0.3,4.7,2.5,5.3
942,2020.01.29,6.8,0.1,1.5,5.3,3.4,4.5
943,2020.01.30,6.7,0.4,0.3,4.5,2.4,11.0
944,2020.01.31,7.1,0.7,1.5,11.0,6.25,10.6
945,2020.02.01,3.3,0.0,5.5,10.6,8.05,12.8
946,2020.02.02,8.4,0.4,8.6,12.8,10.7,10.8
947,2020.02.03,7.6,5.0,7.3,10.8,9.05,7.4
948,2020.02.04,12.6,9.8,3.0,7.4,5.2,7.0
949,2020.02.05,11.2,0.0,0.9,7.0,3.95,4.3
950,2020.02.06,7.3,0.0,-0.1,4.3,2.1,6.8
951,2020.02.07,5.3,0.0,1.2,6.8,4.0,4.1
952,2020.02.08,3.7,0.0,-0.8,4.1,1.65,5.3
953,2020.02.09,2.9,0.0,-0.6,5.3,2.35,12.0
954,2020.02.10,8.6,0.4,3.5,12.0,7.75,7.9
955,2020.02.11,11.0,2.1,4.4,7.9,6.15,6.4
956,2020.02.12,7.3,0.0,2.2,6.4,4.300000000000001,7.4
957,2020.02.13,6.3,1.0,1.4,7.4,4.4,8.0
958,2020.02.14,6.7,4.3,4.9,8.0,6.45,8.2
959,2020.02.15,3.4,0.0,2.5,8.2,5.35,9.1
960,2020.02.16,3.6,0.0,2.0,9.1,5.55,11.0
961,2020.02.17,2.6,0.0,3.6,11.0,7.3,10.8
962,2020.02.18,6.1,0.4,6.0,10.8,8.4,7.8
963,2020.02.19,6.0,0.2,3.1,7.8,5.45,6.8
964,2020.02.20,5.8,0.0,2.2,6.8,4.5,7.8
965,2020.02.21,8.8,0.4,2.6,7.8,5.2,8.6
966,2020.02.22,4.9,0.0,1.6,8.6,5.1,10.8
967,2020.02.23,8.5,0.4,5.0,10.8,7.9,12.3
968,2020.02.24,9.6,1.9,5.0,12.3,8.65,14.4
969,2020.02.25,5.5,1.9,4.2,14.4,9.3,8.9
970,2020.02.26,7.7,7.1,4.7,8.9,6.800000000000001,6.8
971,2020.02.27,7.8,0.0,2.6,6.8,4.7,7.1
972,2020.02.28,11.9,3.7,2.1,7.1,4.6,8.9
973,2020.02.29,6.6,0.0,1.4,8.9,5.15,9.6
974,2020.03.01,6.2,5.6,6.5,9.6,8.05,12.4
975,2020.03.02,6.6,12.9,7.5,12.4,9.95,10.5
976,2020.03.03,4.7,4.3,6.1,10.5,8.3,8.9
977,2020.03.04,6.4,0.0,5.1,8.9,7.0,9.8
978,2020.03.05,4.0,0.0,2.9,9.8,6.3500000000000005,5.6
979,2020.03.06,4.8,11.8,3.8,5.6,4.699999999999999,9.3
980,2020.03.07,6.8,1.2,4.9,9.3,7.1000000000000005,9.0
981,2020.03.08,4.5,0.0,2.5,9.0,5.75,10.0
982,2020.03.09,2.6,0.0,3.4,10.0,6.7,11.3
983,2020.03.10,4.6,0.0,4.4,11.3,7.8500000000000005,14.6
984,2020.03.11,4.8,1.5,6.8,14.6,10.7,16.7
985,2020.03.12,5.3,0.0,9.5,16.7,13.1,13.1
986,2020.03.13,7.6,0.4,7.2,13.1,10.15,9.7
987,2020.03.14,5.8,0.0,4.8,9.7,7.25,8.9
988,2020.03.15,4.1,0.0,2.1,8.9,5.5,10.6
989,2020.03.16,6.1,0.0,2.5,10.6,6.55,13.1
990,2020.03.17,1.5,0.0,4.1,13.1,8.6,15.5
991,2020.03.18,1.7,0.0,7.8,15.5,11.65,17.2
992,2020.03.19,2.2,0.0,8.9,17.2,13.05,17.6
993,2020.03.20,2.8,0.0,10.5,17.6,14.05,15.4
994,2020.03.21,6.9,2.9,4.8,15.4,10.1,5.8
995,2020.03.22,4.8,1.0,1.4,5.8,3.5999999999999996,3.7
996,2020.03.23,9.3,1.1,0.0,3.7,1.85,6.2
997,2020.03.24,7.7,0.0,0.1,6.2,3.15,5.0
998,2020.03.25,6.2,0.0,0.5,5.0,2.75,11.9
999,2020.03.26,5.4,0.0,3.0,11.9,7.45,14.4
1000,2020.03.27,3.6,0.0,6.2,14.4,10.3,16.4
1001,2020.03.28,2.7,0.0,8.0,16.4,12.2,15.8
1002,2020.03.29,5.7,0.0,8.8,15.8,12.3,8.1
1003,2020.03.30,4.2,1.4,2.0,8.1,5.05,8.3
1004,2020.03.31,2.8,0.0,1.6,8.3,4.95,10.0
1005,2020.04.01,1.9,0.0,3.1,10.0,6.55,11.1
1006,2020.04.02,2.8,0.0,3.2,11.1,7.15,13.8
1007,2020.04.03,4.1,0.0,4.2,13.8,9.0,15.0
1008,2020.04.04,3.8,0.0,6.6,15.0,10.8,15.9
1009,2020.04.05,4.6,0.0,7.9,15.9,11.9,15.6
1010,2020.04.06,3.8,0.0,8.0,15.6,11.8,17.0
1011,2020.04.07,1.9,0.0,8.2,17.0,12.6,19.2
1012,2020.04.08,1.4,0.0,9.8,19.2,14.5,20.5
1013,2020.04.09,3.9,0.0,11.3,20.5,15.9,18.8
1014,2020.04.10,4.7,0.0,12.5,18.8,15.65,18.9
1015,2020.04.11,2.5,0.0,10.6,18.9,14.75,17.9
1016,2020.04.12,3.4,0.0,10.8,17.9,14.35,21.1
1017,2020.04.13,6.1,0.3,11.9,21.1,16.5,10.9
1018,2020.04.14,6.9,0.2,7.2,10.9,9.05,13.6
1019,2020.04.15,5.0,0.0,5.3,13.6,9.45,19.5
1020,2020.04.16,4.1,0.0,8.1,19.5,13.8,21.4
1021,2020.04.17,5.4,0.0,11.4,21.4,16.4,20.5
1022,2020.04.18,3.0,1.0,12.7,20.5,16.6,17.0
1023,2020.04.19,5.1,11.4,12.4,17.0,14.7,15.4
1024,2020.04.20,5.5,0.0,8.4,15.4,11.9,16.2
1025,2020.04.21,6.0,0.0,7.8,16.2,12.0,17.2
1026,2020.04.22,4.1,0.0,8.4,17.2,12.8,18.5
1027,2020.04.23,2.8,0.0,9.6,18.5,14.05,18.9
1028,2020.04.24,4.7,0.0,11.4,18.9,15.149999999999999,18.4
1029,2020.04.25,8.5,0.4,12.3,18.4,15.35,18.3
1030,2020.04.26,3.2,0.0,9.2,18.3,13.75,18.8
1031,2020.04.27,3.9,0.0,10.9,18.8,14.850000000000001,22.2
1032,2020.04.28,5.3,2.5,12.1,22.2,17.15,18.4
1033,2020.04.29,5.6,3.1,14.2,18.4,16.299999999999997,21.0
1034,2020.04.30,6.3,0.5,12.1,21.0,16.55,19.1
1035,2020.05.01,4.8,1.1,14.1,19.1,16.6,19.4
1036,2020.05.02,6.0,0.0,12.3,19.4,15.85,17.8
1037,2020.05.03,7.9,0.0,10.9,17.8,14.350000000000001,19.5
1038,2020.05.04,4.1,0.1,10.0,19.5,14.75,17.5
1039,2020.05.05,7.4,4.8,12.0,17.5,14.75,15.6
1040,2020.05.06,8.5,0.0,8.0,15.6,11.8,16.3
1041,2020.05.07,8.0,0.0,9.4,16.3,12.850000000000001,21.8
1042,2020.05.08,2.6,0.0,9.7,21.8,15.75,23.1
1043,2020.05.09,3.4,0.0,14.1,23.1,18.6,24.0
1044,2020.05.10,4.2,0.0,15.8,24.0,19.9,24.6
1045,2020.05.11,8.3,0.0,15.8,24.6,20.200000000000003,15.5
1046,2020.05.12,7.9,0.0,8.4,15.5,11.95,11.2
1047,2020.05.13,3.5,1.0,7.3,11.2,9.25,22.4
1048,2020.05.14,4.7,0.6,11.3,22.4,16.85,19.4
1049,2020.05.15,7.6,4.1,11.1,19.4,15.25,19.9
1050,2020.05.16,3.1,0.0,9.1,19.9,14.5,20.9
1051,2020.05.17,3.5,6.3,12.8,20.9,16.85,24.3
1052,2020.05.18,2.4,0.0,13.7,24.3,19.0,25.1
1053,2020.05.19,4.0,0.1,16.7,25.1,20.9,19.7
1054,2020.05.20,3.7,9.7,15.7,19.7,17.7,20.0
1055,2020.05.21,4.9,0.0,13.2,20.0,16.6,19.1
1056,2020.05.22,4.1,0.0,11.0,19.1,15.05,16.8
1057,2020.05.23,3.1,1.5,13.0,16.8,14.9,19.9
1058,2020.05.24,9.9,2.7,12.0,19.9,15.95,17.9
1059,2020.05.25,7.1,0.2,12.0,17.9,14.95,20.4
1060,2020.05.26,4.8,2.0,10.5,20.4,15.45,21.8
1061,2020.05.27,3.9,1.2,12.1,21.8,16.95,20.9
1062,2020.05.28,6.1,0.3,13.1,20.9,17.0,20.4
1063,2020.05.29,4.8,1.2,12.5,20.4,16.45,19.7
1064,2020.05.30,3.9,5.1,12.5,19.7,16.1,13.4
1065,2020.05.31,8.3,0.0,10.7,13.4,12.05,22.4
1066,2020.06.01,4.3,1.5,12.1,22.4,17.25,19.9
1067,2020.06.02,4.8,0.2,13.5,19.9,16.7,21.8
1068,2020.06.03,3.9,1.3,11.7,21.8,16.75,24.5
1069,2020.06.04,7.9,1.3,14.6,24.5,19.55,23.3
1070,2020.06.05,7.6,9.1,16.6,23.3,19.950000000000003,25.9
1071,2020.06.06,3.4,1.9,14.8,25.9,20.35,27.0
1072,2020.06.07,4.5,12.1,19.3,27.0,23.15,23.6
1073,2020.06.08,4.2,3.1,15.4,23.6,19.5,26.1
1074,2020.06.09,2.1,1.6,15.9,26.1,21.0,25.1
1075,2020.06.10,3.3,8.2,18.7,25.1,21.9,25.3
1076,2020.06.11,3.0,2.4,18.4,25.3,21.85,26.5
1077,2020.06.12,2.2,0.4,16.5,26.5,21.5,30.2
1078,2020.06.13,2.3,1.2,19.1,30.2,24.65,28.3
1079,2020.06.14,3.2,17.6,22.2,28.3,25.25,23.6
1080,2020.06.15,3.3,19.0,18.1,23.6,20.85,21.3
1081,2020.06.16,4.1,19.3,18.0,21.3,19.65,23.1
1082,2020.06.17,3.8,9.9,18.9,23.1,21.0,22.5
1083,2020.06.18,5.5,10.2,18.6,22.5,20.55,24.0
1084,2020.06.19,7.9,0.0,16.8,24.0,20.4,20.3
1085,2020.06.20,7.6,0.0,16.6,20.3,18.450000000000003,21.2
1086,2020.06.21,6.8,2.8,15.1,21.2,18.15,22.8
1087,2020.06.22,5.8,0.8,17.1,22.8,19.950000000000003,26.2
1088,2020.06.23,4.4,0.0,18.8,26.2,22.5,25.1
1089,2020.06.24,3.7,0.0,15.8,25.1,20.450000000000003,27.5
1090,2020.06.25,3.3,0.0,18.2,27.5,22.85,29.7
1091,2020.06.26,6.2,3.6,20.3,29.7,25.0,30.4
1092,2020.06.27,4.4,2.3,20.7,30.4,25.549999999999997,33.0
1093,2020.06.28,3.5,0.0,22.9,33.0,27.95,32.0
1094,2020.06.29,9.6,2.3,19.1,32.0,25.55,27.6
1095,2020.06.30,4.8,0.0,18.0,27.6,22.8,30.5
1096,2020.07.01,4.1,0.0,20.7,30.5,25.6,31.8
1097,2020.07.02,3.1,3.9,23.1,31.8,27.450000000000003,25.2
1098,2020.07.03,7.0,6.4,21.4,25.2,23.299999999999997,28.1
1099,2020.07.04,3.5,1.2,20.4,28.1,24.25,29.3
1100,2020.07.05,4.1,0.0,19.3,29.3,24.3,29.8
1101,2020.07.06,7.6,0.0,21.9,29.8,25.85,23.1
1102,2020.07.07,9.1,1.3,15.8,23.1,19.450000000000003,26.5
1103,2020.07.08,3.5,0.0,16.2,26.5,21.35,26.7
1104,2020.07.09,3.7,0.0,19.4,26.7,23.049999999999997,31.8
1105,2020.07.10,4.8,0.0,20.7,31.8,26.25,31.2
1106,2020.07.11,6.3,3.5,18.1,31.2,24.65,22.6
1107,2020.07.12,5.2,4.0,16.2,22.6,19.4,23.8
1108,2020.07.13,3.2,0.3,17.1,23.8,20.450000000000003,24.6
1109,2020.07.14,2.2,0.0,17.4,24.6,21.0,26.0
1110,2020.07.15,3.4,0.0,18.1,26.0,22.05,24.6
1111,2020.07.16,5.0,0.0,18.6,24.6,21.6,23.1
1112,2020.07.17,4.7,0.8,16.4,23.1,19.75,21.2
1113,2020.07.18,2.6,2.1,17.1,21.2,19.15,27.4
1114,2020.07.19,2.2,3.2,16.4,27.4,21.9,28.9
1115,2020.07.20,4.1,0.0,18.4,28.9,23.65,30.2
1116,2020.07.21,3.8,0.4,21.0,30.2,25.6,28.2
1117,2020.07.22,3.9,2.8,20.9,28.2,24.549999999999997,29.5
1118,2020.07.23,3.8,0.0,22.6,29.5,26.05,29.8
1119,2020.07.24,4.8,7.3,21.2,29.8,25.5,27.3
1120,2020.07.25,4.1,5.7,20.2,27.3,23.75,29.2
1121,2020.07.26,4.1,0.0,19.4,29.2,24.299999999999997,29.7
1122,2020.07.27,4.2,0.0,20.9,29.7,25.299999999999997,32.9
1123,2020.07.28,4.4,0.0,22.6,32.9,27.75,30.5
1124,2020.07.29,5.0,0.0,23.8,30.5,27.15,32.8
1125,2020.07.30,3.2,0.0,24.0,32.8,28.4,31.4
1126,2020.07.31,4.6,0.0,24.6,31.4,28.0,28.8
1127,2020.08.01,3.9,0.0,21.2,28.8,25.0,29.8
1128,2020.08.02,4.3,0.0,20.5,29.8,25.15,31.5
1129,2020.08.03,5.2,0.5,21.7,31.5,26.6,29.6
1130,2020.08.04,5.4,4.3,20.6,29.6,25.1,25.0
1131,2020.08.05,3.1,3.4,20.6,25.0,22.8,29.7
1132,2020.08.06,4.7,1.3,20.5,29.7,25.1,31.5
1133,2020.08.07,5.8,0.0,22.7,31.5,27.1,32.9
1134,2020.08.08,3.8,0.0,24.2,32.9,28.549999999999997,33.0
1135,2020.08.09,3.1,0.0,24.8,33.0,28.9,33.0
1136,2020.08.10,2.8,1.5,25.3,33.0,29.15,33.1
1137,2020.08.11,3.8,1.4,23.5,33.1,28.3,32.1
1138,2020.08.12,4.0,0.0,24.1,32.1,28.1,31.3
1139,2020.08.13,3.2,0.0,22.6,31.3,26.950000000000003,31.0
1140,2020.08.14,3.3,0.0,24.6,31.0,27.8,28.9
1141,2020.08.15,2.6,1.1,23.0,28.9,25.95,26.0
1142,2020.08.16,3.4,25.9,20.5,26.0,23.25,30.9
1143,2020.08.17,3.9,4.4,21.8,30.9,26.35,27.4
1144,2020.08.18,4.3,6.6,22.1,27.4,24.75,27.8
1145,2020.08.19,4.5,1.1,21.2,27.8,24.5,30.1
1146,2020.08.20,3.6,0.0,20.0,30.1,25.05,31.6
1147,2020.08.21,2.7,0.0,22.3,31.6,26.950000000000003,32.9
1148,2020.08.22,2.1,0.0,23.2,32.9,28.049999999999997,28.7
1149,2020.08.23,4.9,3.7,21.6,28.7,25.15,28.9
1150,2020.08.24,4.0,0.0,22.0,28.9,25.45,26.7
1151,2020.08.25,4.6,0.0,21.0,26.7,23.85,30.3
1152,2020.08.26,5.6,0.0,20.4,30.3,25.35,26.1
1153,2020.08.27,7.7,0.0,19.5,26.1,22.8,29.1
1154,2020.08.28,4.8,0.0,19.0,29.1,24.05,32.7
1155,2020.08.29,6.7,0.0,22.1,32.7,27.400000000000002,34.3
1156,2020.08.30,7.6,0.0,23.4,34.3,28.849999999999998,26.2
1157,2020.08.31,7.0,0.2,19.1,26.2,22.65,19.7
1158,2020.09.01,5.5,16.7,15.7,19.7,17.7,24.0
1159,2020.09.02,5.3,0.0,13.9,24.0,18.95,25.1
1160,2020.09.03,4.1,0.0,17.1,25.1,21.1,25.9
1161,2020.09.04,3.0,0.0,16.7,25.9,21.299999999999997,28.9
1162,2020.09.05,2.4,0.0,19.7,28.9,24.299999999999997,30.1
1163,2020.09.06,2.3,0.0,21.0,30.1,25.55,26.5
1164,2020.09.07,4.9,0.2,20.4,26.5,23.45,25.9
1165,2020.09.08,2.8,0.0,17.5,25.9,21.7,28.0
1166,2020.09.09,2.1,0.0,18.5,28.0,23.25,27.7
1167,2020.09.10,3.0,0.0,19.6,27.7,23.65,27.5
1168,2020.09.11,2.8,0.0,19.6,27.5,23.55,29.6
1169,2020.09.12,3.0,0.0,20.5,29.6,25.05,30.2
1170,2020.09.13,2.7,0.0,22.3,30.2,26.25,30.5
1171,2020.09.14,3.9,0.0,22.4,30.5,26.45,30.7
1172,2020.09.15,3.9,0.0,22.8,30.7,26.75,30.5
1173,2020.09.16,2.7,0.0,23.0,30.5,26.75,30.5
1174,2020.09.17,3.9,0.8,19.9,30.5,25.2,23.5
1175,2020.09.18,3.6,0.0,17.2,23.5,20.35,23.1
1176,2020.09.19,2.6,0.0,16.5,23.1,19.8,25.7
1177,2020.09.20,4.0,0.0,16.3,25.7,21.0,26.8
1178,2020.09.21,4.1,0.0,17.8,26.8,22.3,28.1
1179,2020.09.22,4.7,0.0,18.5,28.1,23.3,26.4
1180,2020.09.23,2.5,1.8,19.4,26.4,22.9,24.9
1181,2020.09.24,2.0,1.0,18.9,24.9,21.9,21.6
1182,2020.09.25,5.6,9.2,18.5,21.6,20.05,18.3
1183,2020.09.26,7.6,10.4,11.8,18.3,15.05,16.9
1184,2020.09.27,6.0,0.0,9.5,16.9,13.2,19.6
1185,2020.09.28,6.0,8.5,13.3,19.6,16.450000000000003,17.0
1186,2020.09.29,6.0,0.2,13.4,17.0,15.2,16.0
1187,2020.09.30,6.9,0.2,11.9,16.0,13.95,15.8
1188,2020.10.01,5.2,6.0,13.9,15.8,14.850000000000001,21.6
1189,2020.10.02,4.3,0.2,12.5,21.6,17.05,27.0
1190,2020.10.03,6.9,0.0,16.1,27.0,21.55,22.4
1191,2020.10.04,6.4,6.0,17.6,22.4,20.0,22.8
1192,2020.10.05,5.7,0.0,16.2,22.8,19.5,21.9
1193,2020.10.06,4.3,0.0,14.8,21.9,18.35,15.9
1194,2020.10.07,6.8,2.5,14.5,15.9,15.2,18.1
1195,2020.10.08,6.6,0.0,11.3,18.1,14.700000000000001,18.8
1196,2020.10.09,2.5,0.0,12.1,18.8,15.45,20.6
1197,2020.10.10,2.3,0.0,15.1,20.6,17.85,14.7
1198,2020.10.11,3.7,1.5,12.5,14.7,13.6,13.5
1199,2020.10.12,4.9,30.1,9.6,13.5,11.55,10.1
1200,2020.10.13,7.9,32.5,8.0,10.1,9.05,13.1
1201,2020.10.14,8.9,8.8,7.5,13.1,10.3,12.6
1202,2020.10.15,4.2,10.4,10.3,12.6,11.45,12.8
1203,2020.10.16,3.8,0.9,9.3,12.8,11.05,10.6
1204,2020.10.17,5.5,0.0,8.6,10.6,9.6,12.3
1205,2020.10.18,6.0,0.0,7.9,12.3,10.100000000000001,14.1
1206,2020.10.19,2.8,0.0,8.0,14.1,11.05,14.8
1207,2020.10.20,4.0,0.0,9.6,14.8,12.2,16.6
1208,2020.10.21,4.2,0.0,8.9,16.6,12.75,15.7
1209,2020.10.22,3.2,0.0,10.3,15.7,13.0,16.4
1210,2020.10.23,1.8,0.0,10.8,16.4,13.6,17.9
1211,2020.10.24,5.6,0.0,12.1,17.9,15.0,13.3
1212,2020.10.25,2.3,4.5,12.9,13.3,13.100000000000001,19.0
1213,2020.10.26,6.6,0.0,11.7,19.0,15.35,18.1
1214,2020.10.27,3.0,0.0,12.1,18.1,15.100000000000001,17.6
1215,2020.10.28,2.1,0.0,11.7,17.6,14.65,16.4
1216,2020.10.29,5.7,0.4,11.7,16.4,14.049999999999999,12.6
1217,2020.10.30,5.5,2.0,8.8,12.6,10.7,17.0
1218,2020.10.31,6.9,0.9,12.6,17.0,14.8,13.4
1219,2020.11.01,2.3,0.6,9.1,13.4,11.25,13.6
1220,2020.11.02,1.8,1.5,11.7,13.6,12.649999999999999,17.5
1221,2020.11.03,1.5,0.0,13.2,17.5,15.35,13.8
1222,2020.11.04,0.9,3.7,13.1,13.8,13.45,12.5
1223,2020.11.05,3.7,8.7,9.8,12.5,11.15,12.7
1224,2020.11.06,1.6,0.0,8.1,12.7,10.399999999999999,13.1
1225,2020.11.07,1.5,0.0,8.2,13.1,10.649999999999999,12.8
1226,2020.11.08,1.4,0.0,7.8,12.8,10.3,13.0
1227,2020.11.09,0.8,0.0,7.9,13.0,10.45,12.8
1228,2020.11.10,1.3,0.0,7.9,12.8,10.350000000000001,11.1
1229,2020.11.11,1.3,0.0,7.0,11.1,9.05,9.4
1230,2020.11.12,3.0,0.0,7.9,9.4,8.65,11.3
1231,2020.11.13,1.1,0.0,6.7,11.3,9.0,11.0
1232,2020.11.14,1.7,0.0,6.6,11.0,8.8,11.1
1233,2020.11.15,2.7,0.0,6.3,11.1,8.7,9.1
1234,2020.11.16,3.3,0.3,7.6,9.1,8.35,11.5
1235,2020.11.17,2.0,0.0,6.7,11.5,9.1,11.4
1236,2020.11.18,1.6,0.0,7.0,11.4,9.2,10.7
1237,2020.11.19,2.5,1.1,5.8,10.7,8.25,8.8
1238,2020.11.20,5.9,0.0,3.9,8.8,6.3500000000000005,6.6
1239,2020.11.21,3.1,0.0,1.9,6.6,4.25,5.7
1240,2020.11.22,2.3,0.0,1.6,5.7,3.6500000000000004,6.3
1241,2020.11.23,2.2,0.0,3.1,6.3,4.7,6.6
1242,2020.11.24,2.2,0.0,2.0,6.6,4.3,5.9
1243,2020.11.25,2.1,0.0,1.2,5.9,3.5500000000000003,5.8
1244,2020.11.26,1.3,0.0,1.2,5.8,3.5,5.5
1245,2020.11.27,0.7,0.0,1.8,5.5,3.65,3.4
1246,2020.11.28,1.8,0.0,1.2,3.4,2.3,3.1
1247,2020.11.29,1.4,0.0,1.2,3.1,2.15,2.8
1248,2020.11.30,1.5,0.0,0.0,2.8,1.4,2.1
1249,2020.12.01,2.9,0.0,-0.6,2.1,0.75,2.6
1250,2020.12.02,2.8,0.0,-0.4,2.6,1.1,2.8
1251,2020.12.03,5.7,1.3,0.0,2.8,1.4,7.2
1252,2020.12.04,4.8,0.0,2.4,7.2,4.8,10.2
1253,2020.12.05,3.6,0.0,4.5,10.2,7.35,12.2
1254,2020.12.06,6.6,0.0,6.4,12.2,9.3,8.9
1255,2020.12.07,6.8,10.6,6.6,8.9,7.75,7.7
1256,2020.12.08,5.6,0.0,4.1,7.7,5.9,6.1
1257,2020.12.09,5.2,3.7,2.9,6.1,4.5,6.2
1258,2020.12.10,4.2,7.8,4.6,6.2,5.4,6.5
1259,2020.12.11,2.1,0.0,3.3,6.5,4.9,5.5
1260,2020.12.12,3.0,0.0,2.4,5.5,3.95,6.3
1261,2020.12.13,3.1,0.0,2.8,6.3,4.55,5.8
1262,2020.12.14,2.2,0.0,1.7,5.8,3.75,5.1
1263,2020.12.15,2.5,0.0,1.3,5.1,3.1999999999999997,4.1
1264,2020.12.16,1.4,0.0,1.5,4.1,2.8,5.0
1265,2020.12.17,1.3,0.0,1.4,5.0,3.2,5.5
1266,2020.12.18,1.0,0.0,4.4,5.5,4.95,5.0
1267,2020.12.19,2.1,0.0,2.5,5.0,3.75,4.6
1268,2020.12.20,2.2,0.0,1.9,4.6,3.25,4.4
1269,2020.12.21,2.2,0.0,2.1,4.4,3.25,4.7
1270,2020.12.22,2.1,2.6,2.9,4.7,3.8,8.9
1271,2020.12.23,2.4,0.7,5.7,8.9,7.300000000000001,9.7
1272,2020.12.24,6.0,1.1,7.1,9.7,8.399999999999999,6.8
1273,2020.12.25,6.1,0.0,3.4,6.8,5.1,4.0
1274,2020.12.26,4.1,0.0,1.0,4.0,2.5,3.6
1275,2020.12.27,4.3,0.1,-0.1,3.6,1.75,8.8
1276,2020.12.28,9.2,4.4,3.4,8.8,6.1000000000000005,9.6
1277,2020.12.29,9.7,1.6,5.6,9.6,7.6,6.9
1278,2020.12.30,4.0,3.3,5.7,6.9,6.300000000000001,6.3
1279,2020.12.31,2.6,0.0,4.2,6.3,5.25,4.4
1280,2021.01.01,2.5,0.0,2.2,4.4,3.3000000000000003,5.9
1281,2021.01.02,3.8,0.0,3.2,5.9,4.550000000000001,5.6
1282,2021.01.03,4.6,0.9,3.6,5.6,4.6,6.2
1283,2021.01.04,2.8,0.2,4.4,6.2,5.300000000000001,7.5
1284,2021.01.05,4.2,0.0,3.9,7.5,5.7,5.1
1285,2021.01.06,3.6,2.1,2.7,5.1,3.9,4.6
1286,2021.01.07,5.3,1.5,1.6,4.6,3.0999999999999996,3.6
1287,2021.01.08,2.4,1.0,0.6,3.6,2.1,2.6
1288,2021.01.09,2.8,0.0,-0.2,2.6,1.2,1.8
1289,2021.01.10,2.7,0.0,-0.1,1.8,0.85,2.4
1290,2021.01.11,2.8,0.0,-0.5,2.4,0.95,1.7
1291,2021.01.12,2.6,0.0,-1.6,1.7,0.04999999999999993,1.9
1292,2021.01.13,6.4,1.2,-0.4,1.9,0.75,0.4
1293,2021.01.14,7.4,1.7,-1.4,0.4,-0.49999999999999994,0.0
1294,2021.01.15,5.1,0.0,-1.9,0.0,-0.95,-0.8
1295,2021.01.16,5.9,0.0,-3.7,-0.8,-2.25,-1.5
1296,2021.01.17,5.2,0.0,-4.3,-1.5,-2.9,-2.7
1297,2021.01.18,2.6,0.0,-5.9,-2.7,-4.300000000000001,2.5
1298,2021.01.19,3.4,0.0,-2.4,2.5,0.050000000000000044,6.2
1299,2021.01.20,4.7,0.4,0.6,6.2,3.4,9.6
1300,2021.01.21,5.3,0.0,3.0,9.6,6.3,9.7
1301,2021.01.22,6.3,0.5,5.1,9.7,7.3999999999999995,10.4
1302,2021.01.23,5.6,7.0,5.3,10.4,7.85,5.7
1303,2021.01.24,7.1,1.3,2.9,5.7,4.3,3.2
1304,2021.01.25,7.8,2.1,0.8,3.2,2.0,3.1
1305,2021.01.26,6.0,0.0,0.0,3.1,1.55,3.0
1306,2021.01.27,6.0,0.0,0.0,3.0,1.5,2.3
1307,2021.01.28,3.8,0.0,-0.5,2.3,0.8999999999999999,5.7
1308,2021.01.29,4.0,2.5,1.7,5.7,3.7,9.6
1309,2021.01.30,6.7,0.0,3.8,9.6,6.699999999999999,2.8
1310,2021.01.31,5.1,0.9,-0.3,2.8,1.25,4.6
1311,2021.02.01,2.4,0.0,0.2,4.6,2.4,6.2
1312,2021.02.02,2.1,0.0,1.4,6.2,3.8,10.0
1313,2021.02.03,4.6,0.5,2.3,10.0,6.15,11.6
1314,2021.02.04,8.3,0.1,6.4,11.6,9.0,6.2
1315,2021.02.05,2.7,1.8,4.9,6.2,5.550000000000001,7.1
1316,2021.02.06,4.0,0.5,5.0,7.1,6.05,9.0
1317,2021.02.07,4.1,4.5,3.0,9.0,6.0,6.6
1318,2021.02.08,6.1,3.5,1.1,6.6,3.8499999999999996,3.4
1319,2021.02.09,3.1,13.4,1.0,3.4,2.2,6.6
1320,2021.02.10,2.6,10.7,2.3,6.6,4.449999999999999,3.0
1321,2021.02.11,11.3,0.8,-7.1,3.0,-2.05,-3.4
1322,2021.02.12,6.3,0.0,-7.1,-3.4,-5.25,-2.6
1323,2021.02.13,3.6,0.0,-7.1,-2.6,-4.85,0.9
1324,2021.02.14,3.4,0.0,-3.9,0.9,-1.5,0.6
1325,2021.02.15,4.4,0.0,-4.1,0.6,-1.7499999999999998,1.4
1326,2021.02.16,2.1,0.0,-1.9,1.4,-0.25,3.2
1327,2021.02.17,5.1,0.2,-0.1,3.2,1.55,7.1
1328,2021.02.18,4.4,0.0,1.1,7.1,4.1,3.5
1329,2021.02.19,2.6,0.0,1.1,3.5,2.3,6.4
1330,2021.02.20,2.3,0.0,2.8,6.4,4.6,8.1
1331,2021.02.21,3.8,0.0,2.7,8.1,5.4,10.8
1332,2021.02.22,3.0,0.0,1.5,10.8,6.15,10.7
1333,2021.02.23,2.1,0.0,3.7,10.7,7.199999999999999,13.7
1334,2021.02.24,1.0,0.0,5.5,13.7,9.6,15.0
1335,2021.02.25,1.6,0.0,6.5,15.0,10.75,15.3
1336,2021.02.26,1.8,0.0,7.3,15.3,11.3,10.3
1337,2021.02.27,7.8,0.0,5.5,10.3,7.9,8.6
1338,2021.02.28,2.4,0.0,3.0,8.6,5.8,10.7
1339,2021.03.01,2.2,0.0,3.6,10.7,7.1499999999999995,11.6
1340,2021.03.02,2.6,0.0,4.1,11.6,7.85,13.5
1341,2021.03.03,2.3,0.0,5.3,13.5,9.4,14.4
1342,2021.03.04,2.5,0.0,6.0,14.4,10.2,10.0
1343,2021.03.05,5.1,0.2,3.8,10.0,6.9,6.3
1344,2021.03.06,3.0,0.4,1.4,6.3,3.8499999999999996,7.8
1345,2021.03.07,3.7,0.0,1.4,7.8,4.6,8.0
1346,2021.03.08,5.4,0.0,2.2,8.0,5.1,6.2
1347,2021.03.09,3.7,0.0,1.1,6.2,3.6500000000000004,7.3
1348,2021.03.10,3.1,0.0,2.0,7.3,4.65,8.9
1349,2021.03.11,5.7,0.0,1.7,8.9,5.3,10.9
1350,2021.03.12,6.0,1.3,6.7,10.9,8.8,13.1
1351,2021.03.13,5.3,0.0,5.6,13.1,9.35,10.6
1352,2021.03.14,5.8,0.9,7.4,10.6,9.0,9.6
1353,2021.03.15,6.0,0.0,3.9,9.6,6.75,9.4
1354,2021.03.16,6.6,0.0,3.8,9.4,6.6,10.0
1355,2021.03.17,5.7,0.0,2.4,10.0,6.2,8.4
1356,2021.03.18,3.4,0.0,2.2,8.4,5.300000000000001,7.5
1357,2021.03.19,2.9,2.7,1.1,7.5,4.3,6.5
1358,2021.03.20,3.5,0.0,2.7,6.5,4.6,5.8
1359,2021.03.21,4.2,0.0,0.2,5.8,3.0,6.8
1360,2021.03.22,5.2,0.1,2.2,6.8,4.5,10.5
1361,2021.03.23,4.3,0.0,1.9,10.5,6.2,8.1
1362,2021.03.24,3.7,0.5,2.8,8.1,5.449999999999999,11.1
1363,2021.03.25,2.1,0.0,3.5,11.1,7.3,14.5
1364,2021.03.26,2.6,0.0,5.4,14.5,9.95,16.1
1365,2021.03.27,7.6,0.0,7.7,16.1,11.9,11.8
1366,2021.03.28,5.4,0.0,6.0,11.8,8.9,15.1
1367,2021.03.29,4.1,0.0,7.2,15.1,11.15,13.9
1368,2021.03.30,1.6,0.0,10.4,13.9,12.15,18.6
1369,2021.03.31,2.2,0.0,10.1,18.6,14.350000000000001,20.2
1370,2021.04.01,3.6,9.2,12.0,20.2,16.1,15.1
1371,2021.04.02,7.5,0.4,10.4,15.1,12.75,11.9
1372,2021.04.03,7.4,4.5,5.0,11.9,8.45,11.7
1373,2021.04.04,3.3,0.2,4.6,11.7,8.149999999999999,14.1
1374,2021.04.05,6.4,0.0,5.0,14.1,9.55,6.9
1375,2021.04.06,7.0,3.3,1.1,6.9,4.0,7.2
1376,2021.04.07,7.6,0.3,1.0,7.2,4.1,7.6
1377,2021.04.08,7.2,1.4,0.8,7.6,4.2,13.5
1378,2021.04.09,5.8,0.0,2.6,13.5,8.05,15.7
1379,2021.04.10,6.2,0.0,6.1,15.7,10.899999999999999,16.6
1380,2021.04.11,5.5,0.0,7.9,16.6,12.25,19.3
1381,2021.04.12,5.8,0.6,9.9,19.3,14.600000000000001,6.1
1382,2021.04.13,4.5,20.8,3.7,6.1,4.9,6.3
1383,2021.04.14,4.0,6.9,2.9,6.3,4.6,9.5
1384,2021.04.15,6.4,0.0,2.8,9.5,6.15,8.0
1385,2021.04.16,4.5,0.0,2.0,8.0,5.0,12.6
1386,2021.04.17,3.1,0.0,3.3,12.6,7.949999999999999,10.5
1387,2021.04.18,2.4,2.9,7.5,10.5,9.0,11.4
1388,2021.04.19,2.8,4.9,6.7,11.4,9.05,13.7
1389,2021.04.20,3.0,0.0,5.4,13.7,9.55,17.5
1390,2021.04.21,4.6,0.1,7.2,17.5,12.35,17.1
1391,2021.04.22,7.1,2.6,8.5,17.1,12.8,13.9
1392,2021.04.23,5.7,0.0,6.5,13.9,10.2,15.7
1393,2021.04.24,3.4,0.0,6.2,15.7,10.95,15.3
1394,2021.04.25,5.5,0.5,9.1,15.3,12.2,14.1
1395,2021.04.26,3.1,0.0,6.8,14.1,10.45,12.6
1396,2021.04.27,5.0,0.2,6.3,12.6,9.45,13.9
1397,2021.04.28,3.5,0.0,6.7,13.9,10.3,18.7
1398,2021.04.29,4.2,2.2,10.5,18.7,14.6,18.9
1399,2021.04.30,3.4,0.3,11.1,18.9,15.0,23.0
1400,2021.05.01,5.1,1.5,11.9,23.0,17.45,18.6
1401,2021.05.02,7.5,13.3,8.8,18.6,13.700000000000001,15.0
1402,2021.05.03,5.1,0.0,8.2,15.0,11.6,18.6
1403,2021.05.04,5.5,0.0,8.3,18.6,13.450000000000001,19.3
1404,2021.05.05,6.9,0.3,10.0,19.3,14.65,14.6
1405,2021.05.06,3.5,0.2,7.5,14.6,11.05,14.4
1406,2021.05.07,4.0,9.4,9.6,14.4,12.0,15.3
1407,2021.05.08,3.9,0.0,5.5,15.3,10.4,19.3
1408,2021.05.09,5.3,0.0,8.2,19.3,13.75,24.3
1409,2021.05.10,5.9,0.0,10.9,24.3,17.6,25.0
1410,2021.05.11,5.4,0.0,13.3,25.0,19.15,22.8
1411,2021.05.12,4.5,0.2,14.7,22.8,18.75,14.2
1412,2021.05.13,5.3,0.1,12.1,14.2,13.149999999999999,17.6
1413,2021.05.14,5.7,0.6,10.6,17.6,14.100000000000001,19.3
1414,2021.05.15,2.7,1.9,10.1,19.3,14.7,17.5
1415,2021.05.16,5.4,1.6,13.0,17.5,15.25,13.8
1416,2021.05.17,6.8,13.2,10.7,13.8,12.25,17.9
1417,2021.05.18,7.3,0.0,9.7,17.9,13.799999999999999,13.8
1418,2021.05.19,3.8,3.7,10.2,13.8,12.0,12.0
1419,2021.05.20,7.2,20.9,10.0,12.0,11.0,20.2
1420,2021.05.21,4.9,0.0,9.5,20.2,14.85,15.0
1421,2021.05.22,5.0,0.5,11.6,15.0,13.3,12.5
1422,2021.05.23,2.7,5.7,10.8,12.5,11.65,19.7
1423,2021.05.24,5.7,0.7,9.0,19.7,14.35,15.6
1424,2021.05.25,6.8,1.5,11.6,15.6,13.6,20.6
1425,2021.05.26,2.5,0.0,7.8,20.6,14.200000000000001,19.9
1426,2021.05.27,4.8,0.0,11.4,19.9,15.649999999999999,19.5
1427,2021.05.28,6.9,0.0,11.4,19.5,15.45,19.5
1428,2021.05.29,6.2,0.0,11.6,19.5,15.55,17.8
1429,2021.05.30,4.5,4.0,9.9,17.8,13.850000000000001,18.4
1430,2021.05.31,3.6,3.4,11.3,18.4,14.85,18.2
1431,2021.06.01,4.2,0.1,9.3,18.2,13.75,22.6
1432,2021.06.02,1.8,0.0,11.4,22.6,17.0,23.4
1433,2021.06.03,3.1,0.0,14.5,23.4,18.95,24.7
1434,2021.06.04,1.9,0.0,16.1,24.7,20.4,26.1
1435,2021.06.05,3.9,0.0,16.8,26.1,21.450000000000003,24.2
1436,2021.06.06,2.5,2.5,15.1,24.2,19.65,25.5
1437,2021.06.07,3.1,0.3,16.7,25.5,21.1,26.0
1438,2021.06.08,2.4,0.3,18.9,26.0,22.45,26.6
1439,2021.06.09,2.9,1.0,18.1,26.6,22.35,25.6
1440,2021.06.10,1.7,2.8,17.2,25.6,21.4,24.5
1441,2021.06.11,2.8,0.0,15.7,24.5,20.1,27.0
1442,2021.06.12,4.2,0.0,16.4,27.0,21.7,21.9
1443,2021.06.13,8.1,0.0,14.9,21.9,18.4,21.6
1444,2021.06.14,3.2,0.0,11.1,21.6,16.35,25.2
1445,2021.06.15,3.5,0.0,14.4,25.2,19.8,28.0
1446,2021.06.16,3.4,0.0,17.5,28.0,22.75,29.5
1447,2021.06.17,3.6,0.0,19.5,29.5,24.5,30.4
1448,2021.06.18,3.4,0.0,19.7,30.4,25.049999999999997,32.2
1449,2021.06.19,3.3,1.7,21.5,32.2,26.85,31.3
1450,2021.06.20,2.0,2.0,20.3,31.3,25.8,33.3
1451,2021.06.21,4.9,0.3,21.7,33.3,27.5,33.1
1452,2021.06.22,4.0,0.7,21.5,33.1,27.3,34.8
1453,2021.06.23,3.8,0.0,23.8,34.8,29.299999999999997,35.5
1454,2021.06.24,4.0,0.0,24.2,35.5,29.85,29.7
1455,2021.06.25,4.8,0.6,20.0,29.7,24.85,29.7
1456,2021.06.26,3.8,0.0,19.1,29.7,24.4,30.0
1457,2021.06.27,2.6,0.0,20.3,30.0,25.15,32.9
1458,2021.06.28,5.0,0.1,21.2,32.9,27.049999999999997,34.3
1459,2021.06.29,4.8,0.0,20.3,34.3,27.299999999999997,30.1
1460,2021.06.30,4.8,0.0,20.3,30.1,25.200000000000003,27.1
1461,2021.07.01,6.3,1.4,17.2,27.1,22.15,24.7
1462,2021.07.02,6.2,0.0,15.9,24.7,20.3,27.2
1463,2021.07.03,4.7,0.0,14.8,27.2,21.0,29.2
1464,2021.07.04,3.6,0.0,18.1,29.2,23.65,28.1
1465,2021.07.05,4.8,0.0,18.9,28.1,23.5,32.6
1466,2021.07.06,2.5,0.0,19.8,32.6,26.200000000000003,36.1
1467,2021.07.07,4.4,0.0,22.6,36.1,29.35,38.6
1468,2021.07.08,5.0,0.4,24.5,38.6,31.55,36.3
1469,2021.07.09,6.5,8.8,20.2,36.3,28.25,31.1
1470,2021.07.10,3.1,0.0,17.0,31.1,24.05,32.6
1471,2021.07.11,4.3,4.9,20.5,32.6,26.55,32.6
1472,2021.07.12,2.7,1.9,18.6,32.6,25.6,38.2
1473,2021.07.13,4.4,0.0,21.7,38.2,29.950000000000003,35.7
1474,2021.07.14,5.1,1.9,23.0,35.7,29.35,31.8
1475,2021.07.15,3.7,0.0,21.5,31.8,26.65,34.1
1476,2021.07.16,5.5,12.2,21.2,34.1,27.65,30.5
1477,2021.07.17,3.5,5.1,20.6,30.5,25.55,32.6
1478,2021.07.18,5.1,6.9,19.4,32.6,26.0,25.7
1479,2021.07.19,3.5,9.6,19.7,25.7,22.7,28.5
1480,2021.07.20,5.5,0.1,19.0,28.5,23.75,26.1
1481,2021.07.21,3.2,0.0,15.8,26.1,20.950000000000003,29.0
1482,2021.07.22,1.8,0.0,18.8,29.0,23.9,29.3
1483,2021.07.23,1.6,0.0,19.5,29.3,24.4,32.1
1484,2021.07.24,3.2,0.0,21.3,32.1,26.700000000000003,34.4
1485,2021.07.25,5.7,0.6,21.4,34.4,27.9,33.7
1486,2021.07.26,4.8,1.8,20.8,33.7,27.25,33.1
1487,2021.07.27,3.3,0.0,23.4,33.1,28.25,35.8
1488,2021.07.28,5.2,0.0,25.4,35.8,30.599999999999998,33.2
1489,2021.07.29,4.2,0.2,21.4,33.2,27.3,36.3
1490,2021.07.30,4.3,0.2,24.0,36.3,30.15,30.3
1491,2021.07.31,5.1,3.3,23.0,30.3,26.65,35.5
1492,2021.08.01,7.8,4.8,20.5,35.5,28.0,27.2
1493,2021.08.02,6.1,0.0,16.9,27.2,22.049999999999997,29.6
1494,2021.08.03,4.0,0.9,18.5,29.6,24.05,30.6
1495,2021.08.04,3.5,0.0,20.5,30.6,25.55,24.3
1496,2021.08.05,4.2,12.8,16.9,24.3,20.6,26.7
1497,2021.08.06,6.8,0.0,15.8,26.7,21.25,34.3
1498,2021.08.07,4.5,0.0,19.4,34.3,26.849999999999998,31.0
1499,2021.08.08,4.4,2.6,21.2,31.0,26.1,30.3
1500,2021.08.09,4.3,0.3,18.6,30.3,24.450000000000003,32.7
1501,2021.08.10,2.9,0.0,22.5,32.7,27.6,33.4
1502,2021.08.11,5.1,0.0,23.1,33.4,28.25,31.2
1503,2021.08.12,4.0,0.0,21.4,31.2,26.299999999999997,33.2
1504,2021.08.13,2.6,0.0,21.3,33.2,27.25,35.9
1505,2021.08.14,4.5,0.1,24.1,35.9,30.0,36.4
1506,2021.08.15,6.7,5.0,25.5,36.4,30.95,35.4
1507,2021.08.16,2.8,1.1,23.4,35.4,29.4,22.0
1508,2021.08.17,7.7,0.3,19.1,22.0,20.55,23.5
1509,2021.08.18,6.0,1.0,15.2,23.5,19.35,27.3
1510,2021.08.19,4.6,0.0,16.3,27.3,21.8,29.6
1511,2021.08.20,2.9,0.0,19.2,29.6,24.4,30.1
1512,2021.08.21,4.1,0.0,21.8,30.1,25.950000000000003,32.3
1513,2021.08.22,3.5,0.0,21.6,32.3,26.95,24.0
1514,2021.08.23,6.1,0.1,19.5,24.0,21.75,25.5
1515,2021.08.24,4.4,0.1,17.1,25.5,21.3,20.7
1516,2021.08.25,2.8,0.0,16.9,20.7,18.799999999999997,24.2
1517,2021.08.26,6.0,0.7,15.8,24.2,20.0,20.6
1518,2021.08.27,4.8,1.4,15.5,20.6,18.05,21.5
1519,2021.08.28,2.6,2.4,14.5,21.5,18.0,23.1
1520,2021.08.29,3.1,9.4,14.0,23.1,18.55,22.3
1521,2021.08.30,3.7,3.4,14.4,22.3,18.35,21.6
1522,2021.08.31,6.4,1.1,16.2,21.6,18.9,20.5
1523,2021.09.01,8.4,0.5,14.8,20.5,17.65,24.1
1524,2021.09.02,3.1,0.0,13.1,24.1,18.6,26.4
1525,2021.09.03,2.8,0.0,16.3,26.4,21.35,26.8
1526,2021.09.04,2.7,0.0,17.1,26.8,21.950000000000003,26.3
1527,2021.09.05,5.3,0.0,17.9,26.3,22.1,25.5
1528,2021.09.06,2.6,0.0,15.7,25.5,20.6,26.7
1529,2021.09.07,2.1,0.0,16.9,26.7,21.799999999999997,27.5
1530,2021.09.08,2.0,0.0,17.3,27.5,22.4,27.3
1531,2021.09.09,3.5,0.0,17.5,27.3,22.4,28.1
1532,2021.09.10,1.9,0.0,18.2,28.1,23.15,28.7
1533,2021.09.11,1.4,0.0,18.6,28.7,23.65,29.1
1534,2021.09.12,2.0,0.0,19.6,29.1,24.35,29.3
1535,2021.09.13,3.2,0.0,20.1,29.3,24.700000000000003,29.1
1536,2021.09.14,2.0,0.0,19.7,29.1,24.4,31.2
1537,2021.09.15,2.3,0.0,20.6,31.2,25.9,28.5
1538,2021.09.16,5.2,0.3,21.3,28.5,24.9,22.7
1539,2021.09.17,7.3,2.8,16.8,22.7,19.75,20.8
1540,2021.09.18,6.3,0.0,15.5,20.8,18.15,21.5
1541,2021.09.19,4.5,0.0,14.4,21.5,17.95,18.5
1542,2021.09.20,3.2,0.0,12.3,18.5,15.4,18.1
1543,2021.09.21,3.8,0.0,10.6,18.1,14.350000000000001,15.3
1544,2021.09.22,6.5,0.3,11.9,15.3,13.600000000000001,19.5
1545,2021.09.23,3.5,0.0,10.1,19.5,14.8,20.1
1546,2021.09.24,6.8,0.0,14.4,20.1,17.25,25.8
1547,2021.09.25,3.6,0.0,15.1,25.8,20.45,27.0
1548,2021.09.26,2.6,0.0,17.3,27.0,22.15,22.8
1549,2021.09.27,3.6,1.5,18.4,22.8,20.6,20.5
1550,2021.09.28,3.1,0.0,16.3,20.5,18.4,19.9
1551,2021.09.29,3.8,0.0,15.6,19.9,17.75,15.9
1552,2021.09.30,3.9,10.1,13.1,15.9,14.5,17.1
1553,2021.10.01,2.9,0.0,13.0,17.1,15.05,20.4
1554,2021.10.02,5.3,0.0,13.1,20.4,16.75,22.2
1555,2021.10.03,5.4,0.0,12.5,22.2,17.35,23.8
1556,2021.10.04,3.3,0.0,13.9,23.8,18.85,24.3
1557,2021.10.05,6.0,0.0,15.8,24.3,20.05,16.7
1558,2021.10.06,4.4,12.7,11.9,16.7,14.3,15.6
1559,2021.10.07,5.2,9.8,11.4,15.6,13.5,17.0
1560,2021.10.08,5.1,0.0,10.9,17.0,13.95,15.2
1561,2021.10.09,4.5,0.0,9.4,15.2,12.3,11.4
1562,2021.10.10,4.5,0.8,9.7,11.4,10.55,15.2
1563,2021.10.11,3.6,0.2,11.2,15.2,13.2,15.2
1564,2021.10.12,5.4,0.0,9.2,15.2,12.2,13.1
1565,2021.10.13,5.9,0.0,8.3,13.1,10.7,12.8
1566,2021.10.14,3.4,0.0,6.1,12.8,9.45,13.7
1567,2021.10.15,1.5,0.0,7.7,13.7,10.7,15.8
1568,2021.10.16,2.1,0.0,8.9,15.8,12.350000000000001,15.5
1569,2021.10.17,2.0,0.0,9.1,15.5,12.3,14.7
1570,2021.10.18,2.2,0.0,9.6,14.7,12.149999999999999,15.8
1571,2021.10.19,2.8,0.0,9.9,15.8,12.850000000000001,17.6
1572,2021.10.20,4.1,0.0,10.5,17.6,14.05,19.0
1573,2021.10.21,8.9,0.8,13.3,19.0,16.15,13.4
1574,2021.10.22,4.2,1.1,9.7,13.4,11.55,12.9
1575,2021.10.23,5.4,0.0,8.3,12.9,10.600000000000001,12.6
1576,2021.10.24,2.3,0.0,6.7,12.6,9.65,13.3
1577,2021.10.25,3.5,0.0,6.8,13.3,10.05,12.5
1578,2021.10.26,3.2,0.0,7.3,12.5,9.9,14.2
1579,2021.10.27,1.6,0.0,7.5,14.2,10.85,14.3
1580,2021.10.28,2.1,0.0,8.2,14.3,11.25,15.9
1581,2021.10.29,4.3,0.0,8.1,15.9,12.0,16.6
1582,2021.10.30,5.6,0.0,8.8,16.6,12.700000000000001,15.7
1583,2021.10.31,4.1,0.0,8.6,15.7,12.149999999999999,14.6
1584,2021.11.01,3.8,0.0,7.2,14.6,10.9,12.9
1585,2021.11.02,6.9,8.3,7.4,12.9,10.15,12.3
1586,2021.11.03,4.2,0.0,6.8,12.3,9.55,15.7
1587,2021.11.04,5.4,11.2,10.8,15.7,13.25,10.8
1588,2021.11.05,3.7,0.0,7.2,10.8,9.0,11.4
1589,2021.11.06,2.9,0.0,6.4,11.4,8.9,10.5
1590,2021.11.07,1.8,0.7,8.4,10.5,9.45,10.7
1591,2021.11.08,4.8,5.6,7.9,10.7,9.3,11.9
1592,2021.11.09,1.9,0.0,6.1,11.9,9.0,11.4
1593,2021.11.10,4.2,0.0,5.6,11.4,8.5,11.2
1594,2021.11.11,2.7,0.0,6.1,11.2,8.649999999999999,10.7
1595,2021.11.12,1.5,0.0,6.0,10.7,8.35,10.5
1596,2021.11.13,2.2,0.0,5.9,10.5,8.2,11.9
1597,2021.11.14,1.8,0.0,7.4,11.9,9.65,12.2
1598,2021.11.15,2.3,0.0,7.9,12.2,10.05,10.1
1599,2021.11.16,1.9,0.0,6.2,10.1,8.15,9.1
1600,2021.11.17,2.3,0.0,5.1,9.1,7.1,10.9
1601,2021.11.18,5.4,0.0,6.1,10.9,8.5,10.2
1602,2021.11.19,5.3,0.0,6.0,10.2,8.1,13.1
1603,2021.11.20,5.9,0.0,7.9,13.1,10.5,10.9
1604,2021.11.21,2.2,0.0,6.4,10.9,8.65,9.7
1605,2021.11.22,2.0,0.0,6.0,9.7,7.85,8.3
1606,2021.11.23,2.5,0.0,4.7,8.3,6.5,6.6
1607,2021.11.24,1.7,0.0,3.2,6.6,4.9,7.2
1608,2021.11.25,3.8,0.0,2.3,7.2,4.75,6.9
1609,2021.11.26,3.5,10.7,5.9,6.9,6.4,6.3
1610,2021.11.27,3.6,0.6,2.6,6.3,4.45,9.0
1611,2021.11.28,3.1,1.5,4.2,9.0,6.6,3.8
1612,2021.11.29,7.1,0.0,1.3,3.8,2.55,4.7
1613,2021.11.30,6.3,2.5,0.8,4.7,2.75,8.8
1614,2021.12.01,8.7,2.0,4.2,8.8,6.5,8.4
1615,2021.12.02,7.0,35.2,4.9,8.4,6.65,5.1
1616,2021.12.03,7.1,11.7,1.1,5.1,3.0999999999999996,3.3
1617,2021.12.04,3.6,0.0,0.2,3.3,1.75,2.2
1618,2021.12.05,2.3,4.2,0.9,2.2,1.55,2.4
1619,2021.12.06,3.8,6.4,1.2,2.4,1.7999999999999998,1.7
1620,2021.12.07,4.1,0.0,-0.8,1.7,0.44999999999999996,2.1
1621,2021.12.08,3.9,0.0,-0.3,2.1,0.9,3.0
1622,2021.12.09,5.4,5.8,0.3,3.0,1.65,3.1
1623,2021.12.10,3.1,0.0,1.2,3.1,2.15,1.8
1624,2021.12.11,4.7,0.0,-0.2,1.8,0.8,2.5
1625,2021.12.12,5.5,0.0,-0.5,2.5,1.0,2.6
1626,2021.12.13,2.9,0.0,-0.8,2.6,0.9,3.6
1627,2021.12.14,1.7,0.0,0.5,3.6,2.05,4.0
1628,2021.12.15,1.7,0.0,0.5,4.0,2.25,4.5
1629,2021.12.16,2.0,0.0,1.7,4.5,3.1,5.1
1630,2021.12.17,4.6,0.0,1.4,5.1,3.25,3.9
1631,2021.12.18,3.4,0.0,0.7,3.9,2.3,6.9
1632,2021.12.19,7.2,0.0,1.1,6.9,4.0,5.8
1633,2021.12.20,8.1,0.0,1.0,5.8,3.4,1.9
1634,2021.12.21,3.8,0.0,-0.2,1.9,0.85,0.9
1635,2021.12.22,1.3,0.0,-0.9,0.9,0.0,-0.3
1636,2021.12.23,2.9,0.0,-2.0,-0.3,-1.15,6.5
1637,2021.12.24,3.8,1.3,-0.1,6.5,3.2,6.2
1638,2021.12.25,3.3,0.0,2.8,6.2,4.5,2.9
1639,2021.12.26,2.7,0.7,0.7,2.9,1.7999999999999998,2.6
1640,2021.12.27,2.4,3.1,0.4,2.6,1.5,2.1
1641,2021.12.28,2.3,0.4,0.3,2.1,1.2,4.5
1642,2021.12.29,2.4,2.9,1.6,4.5,3.05,5.3
1643,2021.12.30,1.9,0.1,2.6,5.3,3.95,11.7
1644,2021.12.31,3.5,0.2,6.4,11.7,9.05,12.3
1645,2022.01.01,5.7,0.0,7.6,12.3,9.95,9.4
1646,2022.01.02,2.9,0.0,6.6,9.4,8.0,11.8
1647,2022.01.03,7.3,0.6,7.0,11.8,9.4,11.0
1648,2022.01.04,7.4,2.6,6.4,11.0,8.7,11.3
1649,2022.01.05,6.9,3.5,4.4,11.3,7.8500000000000005,5.3
1650,2022.01.06,6.0,0.0,2.0,5.3,3.65,2.9
1651,2022.01.07,2.2,0.0,0.4,2.9,1.65,1.6
1652,2022.01.08,1.2,0.0,-0.7,1.6,0.45000000000000007,0.6
1653,2022.01.09,2.8,0.0,-1.2,0.6,-0.3,3.4
1654,2022.01.10,4.2,0.0,-0.3,3.4,1.55,2.6
1655,2022.01.11,4.6,0.0,0.1,2.6,1.35,1.0
1656,2022.01.12,2.0,0.0,-1.3,1.0,-0.15000000000000002,1.6
1657,2022.01.13,2.4,0.0,-1.7,1.6,-0.04999999999999993,5.3
1658,2022.01.14,5.3,0.0,-0.1,5.3,2.6,5.0
1659,2022.01.15,3.7,0.0,1.1,5.0,3.05,1.9
1660,2022.01.16,1.9,0.0,-0.4,1.9,0.75,5.8
1661,2022.01.17,9.6,1.3,2.2,5.8,4.0,3.8
1662,2022.01.18,6.6,0.0,0.1,3.8,1.95,3.1
1663,2022.01.19,1.7,0.0,-0.1,3.1,1.5,4.5
1664,2022.01.20,8.4,0.2,-0.2,4.5,2.15,0.8
1665,2022.01.21,6.8,0.0,-1.8,0.8,-0.5,3.0
1666,2022.01.22,6.7,0.1,-0.9,3.0,1.05,0.1
1667,2022.01.23,3.5,0.0,-2.4,0.1,-1.15,0.2
1668,2022.01.24,1.8,0.0,-2.2,0.2,-1.0,1.1
1669,2022.01.25,2.5,0.0,-3.0,1.1,-0.95,3.1
1670,2022.01.26,3.0,0.0,-0.6,3.1,1.25,4.4
1671,2022.01.27,4.5,0.0,0.4,4.4,2.4000000000000004,6.0
1672,2022.01.28,8.7,0.7,2.6,6.0,4.3,3.9
1673,2022.01.29,7.1,3.0,0.7,3.9,2.3,7.5
1674,2022.01.30,12.5,1.5,3.6,7.5,5.55,4.2
1675,2022.01.31,7.7,0.2,1.2,4.2,2.7,4.7
1676,2022.02.01,6.2,0.0,1.2,4.7,2.95,5.9
1677,2022.02.02,7.8,3.3,1.1,5.9,3.5,5.4
1678,2022.02.03,8.0,0.0,1.1,5.4,3.25,7.0
1679,2022.02.04,2.1,0.0,2.0,7.0,4.5,7.4
1680,2022.02.05,6.7,0.0,3.8,7.4,5.6,7.2
1681,2022.02.06,5.1,0.1,2.0,7.2,4.6,6.6
1682,2022.02.07,8.4,2.5,3.6,6.6,5.1,6.5
1683,2022.02.08,8.0,0.0,2.1,6.5,4.3,11.0
1684,2022.02.09,6.0,0.0,6.2,11.0,8.6,11.2
1685,2022.02.10,1.8,0.0,5.0,11.2,8.1,11.0
1686,2022.02.11,6.0,0.1,5.1,11.0,8.05,7.4
1687,2022.02.12,4.6,0.0,1.8,7.4,4.6000000000000005,6.9
1688,2022.02.13,4.3,0.0,0.5,6.9,3.7,9.4
1689,2022.02.14,4.1,0.7,0.7,9.4,5.05,10.5
1690,2022.02.15,4.9,1.1,7.3,10.5,8.9,10.2
1691,2022.02.16,4.0,4.8,5.8,10.2,8.0,13.8
1692,2022.02.17,8.1,0.6,6.0,13.8,9.9,11.7
1693,2022.02.18,7.1,0.0,5.8,11.7,8.75,9.4
1694,2022.02.19,5.7,0.3,6.3,9.4,7.85,8.9
1695,2022.02.20,5.8,0.0,3.8,8.9,6.35,6.6
1696,2022.02.21,6.2,3.4,4.4,6.6,5.5,8.6
1697,2022.02.22,8.2,0.0,4.4,8.6,6.5,9.1
1698,2022.02.23,7.6,1.7,3.4,9.1,6.25,10.4
1699,2022.02.24,3.8,0.0,3.3,10.4,6.85,9.8
1700,2022.02.25,6.9,0.0,4.3,9.8,7.050000000000001,8.3
1701,2022.02.26,6.1,0.0,2.6,8.3,5.45,8.6
1702,2022.02.27,6.3,0.0,3.6,8.6,6.1,4.5
1703,2022.02.28,5.6,2.2,2.2,4.5,3.35,7.6
1704,2022.03.01,4.3,0.0,1.2,7.6,4.3999999999999995,7.2
1705,2022.03.02,2.4,0.0,1.2,7.2,4.2,6.8
1706,2022.03.03,1.7,0.0,1.4,6.8,4.1,6.4
1707,2022.03.04,3.2,0.2,1.4,6.4,3.9000000000000004,6.8
1708,2022.03.05,3.2,0.0,1.5,6.8,4.15,7.5
1709,2022.03.06,2.7,0.0,1.0,7.5,4.25,6.8
1710,2022.03.07,3.9,0.3,2.8,6.8,4.8,7.3
1711,2022.03.08,4.0,0.0,1.1,7.3,4.2,9.2
1712,2022.03.09,2.5,0.0,1.9,9.2,5.55,6.3
1713,2022.03.10,5.3,1.4,1.0,6.3,3.65,4.6
1714,2022.03.11,4.5,0.0,-1.5,4.6,1.5499999999999998,5.8
1715,2022.03.12,3.2,0.0,-0.6,5.8,2.6,8.4
1716,2022.03.13,2.0,0.0,0.4,8.4,4.4,10.8
1717,2022.03.14,2.5,0.0,1.8,10.8,6.300000000000001,12.1
1718,2022.03.15,3.3,0.0,4.3,12.1,8.2,8.0
1719,2022.03.16,4.4,4.4,4.5,8.0,6.25,11.7
1720,2022.03.17,3.6,0.0,3.8,11.7,7.75,9.7
1721,2022.03.18,4.1,0.0,3.7,9.7,6.699999999999999,9.6
1722,2022.03.19,4.7,0.0,4.1,9.6,6.85,9.3
1723,2022.03.20,3.6,0.0,2.3,9.3,5.800000000000001,11.6
1724,2022.03.21,3.2,0.0,3.6,11.6,7.6,16.0
1725,2022.03.22,2.3,0.0,5.5,16.0,10.75,16.9
1726,2022.03.23,1.8,0.0,7.8,16.9,12.35,18.7
1727,2022.03.24,3.7,0.0,9.3,18.7,14.0,17.0
1728,2022.03.25,2.5,0.0,8.5,17.0,12.75,17.5
1729,2022.03.26,4.5,0.0,9.0,17.5,13.25,15.4
1730,2022.03.27,3.6,0.0,9.9,15.4,12.65,19.9
1731,2022.03.28,3.9,0.0,8.5,19.9,14.2,19.5
1732,2022.03.29,4.2,0.1,11.1,19.5,15.3,17.0
1733,2022.03.30,6.8,0.0,10.0,17.0,13.5,11.7
1734,2022.03.31,4.3,14.5,10.3,11.7,11.0,11.0
1735,2022.04.01,4.3,8.0,6.7,11.0,8.85,4.9
1736,2022.04.02,2.9,5.6,3.2,4.9,4.050000000000001,6.7
1737,2022.04.03,4.5,7.0,2.4,6.7,4.55,9.0
1738,2022.04.04,4.3,0.0,1.2,9.0,5.1,10.9
1739,2022.04.05,5.2,0.0,3.3,10.9,7.1,17.3
1740,2022.04.06,4.2,0.0,7.6,17.3,12.45,16.4
1741,2022.04.07,4.6,0.0,10.1,16.4,13.25,13.3
1742,2022.04.08,4.5,1.3,9.9,13.3,11.600000000000001,13.0
1743,2022.04.09,8.7,16.5,7.5,13.0,10.25,12.2
1744,2022.04.10,6.7,0.0,5.6,12.2,8.899999999999999,12.1
1745,2022.04.11,4.9,0.0,4.2,12.1,8.15,16.3
1746,2022.04.12,2.4,0.0,7.0,16.3,11.65,16.4
1747,2022.04.13,3.1,0.0,7.8,16.4,12.1,18.6
1748,2022.04.14,2.8,0.0,8.7,18.6,13.65,17.3
1749,2022.04.15,3.6,0.0,10.2,17.3,13.75,12.4
1750,2022.04.16,6.0,0.5,8.1,12.4,10.25,12.0
1751,2022.04.17,5.8,0.0,5.5,12.0,8.75,11.0
1752,2022.04.18,4.9,0.3,6.0,11.0,8.5,10.6
1753,2022.04.19,2.8,1.3,5.8,10.6,8.2,12.7
1754,2022.04.20,3.1,1.6,6.0,12.7,9.35,16.3
1755,2022.04.21,4.0,0.0,6.7,16.3,11.5,12.3
1756,2022.04.22,5.7,2.9,9.2,12.3,10.75,10.8
1757,2022.04.23,2.3,2.9,8.8,10.8,9.8,20.0
1758,2022.04.24,8.7,0.1,9.3,20.0,14.65,16.4
1759,2022.04.25,5.3,0.0,9.8,16.4,13.1,18.8
1760,2022.04.26,2.4,0.0,9.6,18.8,14.2,12.9
1761,2022.04.27,3.3,5.8,10.5,12.9,11.7,17.6
1762,2022.04.28,3.3,1.4,9.9,17.6,13.75,18.5
1763,2022.04.29,2.2,0.0,11.9,18.5,15.2,19.8
1764,2022.04.30,2.2,0.0,11.6,19.8,15.7,20.0
1765,2022.05.01,3.3,0.6,11.4,20.0,15.7,20.5
1766,2022.05.02,1.7,0.9,13.3,20.5,16.9,21.6
1767,2022.05.03,2.6,0.3,13.2,21.6,17.4,22.6
1768,2022.05.04,3.3,0.1,13.6,22.6,18.1,23.1
1769,2022.05.05,3.6,0.3,12.4,23.1,17.75,23.0
1770,2022.05.06,3.0,0.1,14.0,23.0,18.5,22.5
1771,2022.05.07,3.9,0.3,15.7,22.5,19.1,22.7
1772,2022.05.08,2.1,2.6,14.4,22.7,18.55,22.8
1773,2022.05.09,2.2,0.3,13.7,22.8,18.25,22.6
1774,2022.05.10,2.5,0.0,14.4,22.6,18.5,25.2
1775,2022.05.11,3.9,0.0,15.0,25.2,20.1,27.1
1776,2022.05.12,4.5,0.7,15.8,27.1,21.450000000000003,25.4
1777,2022.05.13,3.9,0.4,17.2,25.4,21.299999999999997,23.4
1778,2022.05.14,5.4,0.0,16.0,23.4,19.7,25.2
1779,2022.05.15,3.5,0.0,14.4,25.2,19.8,24.3
1780,2022.05.16,2.2,0.0,17.5,24.3,20.9,20.8
1781,2022.05.17,5.9,3.7,15.7,20.8,18.25,20.1
1782,2022.05.18,3.7,0.0,14.0,20.1,17.05,22.0
1783,2022.05.19,3.5,0.0,11.4,22.0,16.7,25.5
1784,2022.05.20,3.1,0.0,12.7,25.5,19.1,22.9
1785,2022.05.21,7.6,0.3,17.2,22.9,20.049999999999997,22.5
1786,2022.05.22,6.0,0.0,14.5,22.5,18.5,23.7
1787,2022.05.23,3.2,0.0,13.9,23.7,18.8,19.7
1788,2022.05.24,5.1,1.6,14.1,19.7,16.9,24.7
1789,2022.05.25,5.4,0.0,13.4,24.7,19.05,25.2
1790,2022.05.26,4.7,0.0,13.3,25.2,19.25,25.8
1791,2022.05.27,4.9,0.0,17.2,25.8,21.5,19.1
1792,2022.05.28,6.3,1.4,13.6,19.1,16.35,13.8
1793,2022.05.29,3.6,10.1,9.9,13.8,11.850000000000001,20.4
1794,2022.05.30,4.3,1.1,9.8,20.4,15.1,24.1
1795,2022.05.31,3.1,0.0,11.3,24.1,17.700000000000003,25.0
1796,2022.06.01,5.3,0.7,15.7,25.0,20.35,27.3
1797,2022.06.02,4.9,0.0,16.8,27.3,22.05,28.6
1798,2022.06.03,3.4,0.0,16.8,28.6,22.700000000000003,25.8
1799,2022.06.04,5.9,5.0,18.6,25.8,22.200000000000003,27.2
1800,2022.06.05,4.2,0.2,18.9,27.2,23.049999999999997,27.3
1801,2022.06.06,3.0,0.0,17.4,27.3,22.35,29.6
1802,2022.06.07,2.1,0.0,17.7,29.6,23.65,24.7
1803,2022.06.08,2.9,7.3,17.2,24.7,20.95,23.4
1804,2022.06.09,2.7,10.0,17.0,23.4,20.2,24.3
1805,2022.06.10,6.8,9.3,16.2,24.3,20.25,27.1
1806,2022.06.11,4.2,1.0,16.0,27.1,21.55,27.3
1807,2022.06.12,2.9,0.0,17.6,27.3,22.450000000000003,28.3
1808,2022.06.13,6.2,0.0,18.3,28.3,23.3,23.0
1809,2022.06.14,4.7,0.0,14.6,23.0,18.8,26.5
1810,2022.06.15,1.9,0.0,14.4,26.5,20.45,28.1
1811,2022.06.16,6.5,3.4,17.5,28.1,22.8,25.3
1812,2022.06.17,6.1,0.0,15.5,25.3,20.4,27.5
1813,2022.06.18,2.2,0.0,16.1,27.5,21.8,30.6
1814,2022.06.19,4.3,0.0,19.0,30.6,24.8,32.0
1815,2022.06.20,4.3,0.0,19.5,32.0,25.75,24.9
1816,2022.06.21,7.2,0.0,18.5,24.9,21.7,28.2
1817,2022.06.22,3.5,0.0,17.0,28.2,22.6,27.1
1818,2022.06.23,4.1,1.3,19.2,27.1,23.15,30.5
1819,2022.06.24,3.9,0.8,18.7,30.5,24.6,30.1
1820,2022.06.25,4.9,0.9,20.7,30.1,25.4,32.8
1821,2022.06.26,2.6,0.0,19.4,32.8,26.099999999999998,35.4
1822,2022.06.27,2.5,0.0,23.0,35.4,29.2,34.5
1823,2022.06.28,3.0,0.5,23.5,34.5,29.0,36.4
1824,2022.06.29,4.6,0.0,23.7,36.4,30.049999999999997,36.9
1825,2022.06.30,4.8,0.0,24.9,36.9,30.9,37.5
1826,2022.07.01,6.4,0.0,21.2,37.5,29.35,31.4
1827,2022.07.02,6.0,0.1,18.0,31.4,24.7,33.6
1828,2022.07.03,3.3,0.0,21.3,33.6,27.450000000000003,36.6
1829,2022.07.04,3.2,0.0,21.8,36.6,29.200000000000003,32.2
1830,2022.07.05,6.7,0.4,22.1,32.2,27.150000000000002,28.8
1831,2022.07.06,4.2,0.2,19.3,28.8,24.05,27.7
1832,2022.07.07,6.6,0.3,18.8,27.7,23.25,23.7
1833,2022.07.08,5.2,0.6,15.9,23.7,19.8,27.2
1834,2022.07.09,5.6,0.0,15.5,27.2,21.35,24.1
1835,2022.07.10,8.5,0.0,16.4,24.1,20.25,25.1
1836,2022.07.11,6.1,0.0,13.0,25.1,19.05,27.1
1837,2022.07.12,5.4,0.0,14.3,27.1,20.700000000000003,31.3
1838,2022.07.13,5.4,0.0,16.0,31.3,23.65,34.8
1839,2022.07.14,4.6,0.0,21.1,34.8,27.95,29.9
1840,2022.07.15,6.7,0.0,22.0,29.9,25.95,30.6
1841,2022.07.16,6.5,0.0,19.4,30.6,25.0,28.7
1842,2022.07.17,5.0,0.0,16.5,28.7,22.6,29.8
1843,2022.07.18,2.5,0.0,17.6,29.8,23.700000000000003,33.3
1844,2022.07.19,2.2,0.0,20.4,33.3,26.849999999999998,36.1
1845,2022.07.20,2.2,0.0,22.4,36.1,29.25,37.7
1846,2022.07.21,4.8,0.0,24.8,37.7,31.25,38.6
1847,2022.07.22,3.3,0.0,25.3,38.6,31.950000000000003,39.7
1848,2022.07.23,6.5,0.0,26.2,39.7,32.95,34.5
1849,2022.07.24,5.8,0.7,23.3,34.5,28.9,34.8
1850,2022.07.25,2.6,0.0,22.3,34.8,28.549999999999997,31.9
1851,2022.07.26,6.2,0.4,23.7,31.9,27.799999999999997,33.1
1852,2022.07.27,4.0,0.0,20.7,33.1,26.9,33.7
1853,2022.07.28,5.0,0.0,22.2,33.7,27.950000000000003,35.0
1854,2022.07.29,5.0,0.9,23.9,35.0,29.45,32.5
1855,2022.07.30,6.6,0.5,21.7,32.5,27.1,25.3
1856,2022.07.31,7.0,0.0,18.0,25.3,21.65,30.7
1857,2022.08.01,2.9,0.0,16.7,30.7,23.7,31.9
1858,2022.08.02,3.4,0.0,20.0,31.9,25.95,32.7
1859,2022.08.03,2.6,0.0,22.6,32.7,27.650000000000002,33.6
1860,2022.08.04,2.4,0.0,22.5,33.6,28.05,37.0
1861,2022.08.05,2.4,0.0,24.2,37.0,30.6,36.3
1862,2022.08.06,8.4,0.4,23.4,36.3,29.849999999999998,31.2
1863,2022.08.07,3.7,1.8,20.4,31.2,25.799999999999997,31.2
1864,2022.08.08,5.3,0.7,21.8,31.2,26.5,30.9
1865,2022.08.09,5.2,1.0,18.9,30.9,24.9,29.8
1866,2022.08.10,6.3,0.0,20.6,29.8,25.200000000000003,29.2
1867,2022.08.11,5.2,0.0,19.4,29.2,24.299999999999997,29.2
1868,2022.08.12,3.6,0.0,19.1,29.2,24.15,32.1
1869,2022.08.13,4.1,0.0,21.3,32.1,26.700000000000003,32.1
1870,2022.08.14,2.1,0.0,21.9,32.1,27.0,34.1
1871,2022.08.15,2.6,0.0,24.4,34.1,29.25,33.8
1872,2022.08.16,4.9,0.0,23.8,33.8,28.799999999999997,35.5
1873,2022.08.17,2.4,0.0,23.9,35.5,29.7,37.2
1874,2022.08.18,4.2,0.0,25.1,37.2,31.150000000000002,38.8
1875,2022.08.19,4.3,8.1,24.7,38.8,31.75,32.5
1876,2022.08.20,4.5,1.6,21.7,32.5,27.1,20.8
1877,2022.08.21,3.9,12.7,18.4,20.8,19.6,23.3
1878,2022.08.22,3.2,8.7,17.9,23.3,20.6,24.7
1879,2022.08.23,3.7,0.0,18.4,24.7,21.549999999999997,29.5
1880,2022.08.24,2.6,0.4,19.2,29.5,24.35,31.6
1881,2022.08.25,2.1,1.8,20.7,31.6,26.15,33.2
1882,2022.08.26,2.7,0.0,23.2,33.2,28.200000000000003,33.7
1883,2022.08.27,1.9,0.0,23.3,33.7,28.5,28.4
1884,2022.08.28,3.8,0.0,22.3,28.4,25.35,28.8
1885,2022.08.29,3.2,0.0,20.0,28.8,24.4,28.9
1886,2022.08.30,3.9,0.1,22.7,28.9,25.799999999999997,28.6
1887,2022.08.31,3.6,0.0,21.4,28.6,25.0,20.0
1888,2022.09.01,4.1,2.0,17.4,20.0,18.7,21.4
1889,2022.09.02,4.3,0.0,15.9,21.4,18.65,24.8
1890,2022.09.03,2.2,0.0,14.9,24.8,19.85,23.5
1891,2022.09.04,2.3,0.0,17.7,23.5,20.6,25.3
1892,2022.09.05,1.9,0.0,18.7,25.3,22.0,25.9
1893,2022.09.06,3.6,1.0,20.6,25.9,23.25,29.4
1894,2022.09.07,2.8,0.0,20.1,29.4,24.75,30.6
1895,2022.09.08,6.1,3.5,18.8,30.6,24.700000000000003,26.7
1896,2022.09.09,4.5,1.6,17.7,26.7,22.2,23.3
1897,2022.09.10,5.7,8.1,16.0,23.3,19.65,22.9
1898,2022.09.11,6.3,0.0,16.6,22.9,19.75,23.8
1899,2022.09.12,5.5,0.0,14.9,23.8,19.35,24.3
1900,2022.09.13,2.0,0.0,14.9,24.3,19.6,27.6
1901,2022.09.14,4.5,0.0,19.2,27.6,23.4,25.0
1902,2022.09.15,3.7,0.8,19.8,25.0,22.4,19.3
1903,2022.09.16,4.5,14.4,13.7,19.3,16.5,15.5
1904,2022.09.17,5.0,5.1,12.2,15.5,13.85,15.1
1905,2022.09.18,7.7,3.3,10.4,15.1,12.75,14.1
1906,2022.09.19,7.5,2.5,11.2,14.1,12.649999999999999,14.2
1907,2022.09.20,6.4,0.0,9.5,14.2,11.85,17.7
1908,2022.09.21,3.5,0.9,9.3,17.7,13.5,18.6
1909,2022.09.22,2.2,0.0,10.4,18.6,14.5,18.0
1910,2022.09.23,3.2,0.0,11.8,18.0,14.9,19.7
1911,2022.09.24,4.2,0.0,12.3,19.7,16.0,16.7
1912,2022.09.25,5.0,0.2,13.6,16.7,15.149999999999999,17.4
1913,2022.09.26,2.1,6.8,13.3,17.4,15.35,15.7
1914,2022.09.27,4.2,2.6,11.6,15.7,13.649999999999999,16.0
1915,2022.09.28,4.8,0.6,11.4,16.0,13.7,16.5
1916,2022.09.29,2.9,6.7,13.9,16.5,15.2,21.1
1917,2022.09.30,3.5,12.9,14.6,21.1,17.85,18.8
1918,2022.10.01,6.5,3.3,14.1,18.8,16.45,18.1
1919,2022.10.02,8.0,0.0,12.9,18.1,15.5,15.4
1920,2022.10.03,7.3,0.0,12.2,15.4,13.8,17.7
1921,2022.10.04,4.5,0.0,12.0,17.7,14.85,18.5
1922,2022.10.05,3.3,0.0,11.6,18.5,15.05,19.7
1923,2022.10.06,1.8,0.0,13.0,19.7,16.35,20.8
1924,2022.10.07,3.3,0.0,14.0,20.8,17.4,20.1
1925,2022.10.08,2.2,0.0,13.7,20.1,16.9,19.5
1926,2022.10.09,3.2,0.0,14.1,19.5,16.8,19.0
1927,2022.10.10,3.4,0.0,11.8,19.0,15.4,20.0
1928,2022.10.11,2.4,0.0,13.6,20.0,16.8,18.9
1929,2022.10.12,1.8,0.0,13.9,18.9,16.4,19.1
1930,2022.10.13,1.6,0.0,13.1,19.1,16.1,18.7
1931,2022.10.14,1.7,0.0,13.2,18.7,15.95,19.5
1932,2022.10.15,4.3,0.0,12.7,19.5,16.1,20.3
1933,2022.10.16,3.1,0.0,14.3,20.3,17.3,20.8
1934,2022.10.17,2.1,0.0,13.8,20.8,17.3,20.1
1935,2022.10.18,2.6,0.0,14.0,20.1,17.05,20.9
1936,2022.10.19,3.8,0.0,13.8,20.9,17.35,14.9
1937,2022.10.20,2.3,0.0,10.2,14.9,12.55,16.0
1938,2022.10.21,4.9,0.0,8.6,16.0,12.3,18.4
1939,2022.10.22,4.6,0.1,11.7,18.4,15.049999999999999,19.4
1940,2022.10.23,3.8,0.0,11.3,19.4,15.35,18.8
1941,2022.10.24,1.7,0.0,13.7,18.8,16.25,19.8
1942,2022.10.25,4.4,0.0,14.1,19.8,16.95,19.9
1943,2022.10.26,1.7,0.0,13.9,19.9,16.9,19.9
1944,2022.10.27,1.7,0.0,13.8,19.9,16.85,19.3
1945,2022.10.28,1.6,0.0,13.5,19.3,16.4,21.0
1946,2022.10.29,2.2,0.0,14.1,21.0,17.55,21.1
1947,2022.10.30,1.2,0.0,14.6,21.1,17.85,21.0
