,Date,Wind_m/s,Precipitation_mm,Wind_m/s1,Precipitation_mm1,Wind_m/s2,Precipitation_mm2,Target: Max_temp
0,2017.07.03,6.7,0.0,6.9,0.0,6.1,14.0,27.0
1,2017.07.04,5.3,0.0,6.7,0.0,6.9,0.0,30.0
2,2017.07.05,4.2,0.0,5.3,0.0,6.7,0.0,30.0
3,2017.07.06,5.6,0.0,4.2,0.0,5.3,0.0,28.0
4,2017.07.07,4.7,0.0,5.6,0.0,4.2,0.0,32.0
5,2017.07.08,6.7,0.0,4.7,0.0,5.6,0.0,30.0
6,2017.07.09,2.2,0.0,6.7,0.0,4.7,0.0,36.0
7,2017.07.10,6.4,21.0,2.2,0.0,6.7,0.0,31.48
8,2017.07.11,3.7,0.4,6.4,21.0,2.2,0.0,32.14
9,2017.07.12,2.2,1.5,3.7,0.4,6.4,21.0,24.78
10,2017.07.13,7.0,1.0,2.2,1.5,3.7,0.4,24.71
11,2017.07.14,1.6,0.0,7.0,1.0,2.2,1.5,24.83
12,2017.07.15,5.2,2.4,1.6,0.0,7.0,1.0,25.43
13,2017.07.16,3.4,0.0,5.2,2.4,1.6,0.0,29.02
14,2017.07.17,1.5,0.0,3.4,0.0,5.2,2.4,31.16
15,2017.07.18,1.3,0.0,1.5,0.0,3.4,0.0,33.04
16,2017.07.19,2.3,0.0,1.3,0.0,1.5,0.0,34.84
17,2017.07.20,1.6,0.0,2.3,0.0,1.3,0.0,33.28
18,2017.07.21,4.0,0.0,1.6,0.0,2.3,0.0,34.21
19,2017.07.22,1.9,5.0,4.0,0.0,1.6,0.0,33.89
20,2017.07.23,2.5,0.6,1.9,5.0,4.0,0.0,30.87
21,2017.07.24,3.1,8.3,2.5,0.6,1.9,5.0,22.1
22,2017.07.25,8.4,12.9,3.1,8.3,2.5,0.6,20.7
23,2017.07.26,5.9,0.0,8.4,12.9,3.1,8.3,20.7
24,2017.07.27,7.1,1.0,5.9,0.0,8.4,12.9,23.1
25,2017.07.28,6.8,0.2,7.1,1.0,5.9,0.0,26.4
26,2017.07.29,3.3,0.0,6.8,0.2,7.1,1.0,27.9
27,2017.07.30,4.7,0.0,3.3,0.0,6.8,0.2,30.0
28,2017.07.31,3.8,0.0,4.7,0.0,3.3,0.0,31.7
29,2017.08.01,3.9,0.0,3.8,0.0,4.7,0.0,34.7
30,2017.08.02,5.5,0.0,3.9,0.0,3.8,0.0,34.6
31,2017.08.03,2.1,0.0,5.5,0.0,3.9,0.0,36.8
32,2017.08.04,2.1,2.8,2.1,0.0,5.5,0.0,33.8
33,2017.08.05,6.6,0.0,2.1,2.8,2.1,0.0,32.7
34,2017.08.06,7.9,0.4,6.6,0.0,2.1,2.8,23.7
35,2017.08.07,4.8,4.2,7.9,0.4,6.6,0.0,29.2
36,2017.08.08,3.0,0.0,4.8,4.2,7.9,0.4,29.3
37,2017.08.09,4.6,0.0,3.0,0.0,4.8,4.2,36.1
38,2017.08.10,5.3,0.0,4.6,0.0,3.0,0.0,34.3
39,2017.08.11,6.0,0.0,5.3,0.0,4.6,0.0,23.5
40,2017.08.12,8.6,0.5,6.0,0.0,5.3,0.0,26.4
41,2017.08.13,8.1,0.0,8.6,0.5,6.0,0.0,25.2
42,2017.08.14,3.4,0.0,8.1,0.0,8.6,0.5,27.4
43,2017.08.15,3.2,0.0,3.4,0.0,8.1,0.0,28.0
44,2017.08.16,2.8,0.0,3.2,0.0,3.4,0.0,30.8
45,2017.08.17,2.4,0.0,2.8,0.0,3.2,0.0,32.9
46,2017.08.18,3.8,0.0,2.4,0.0,2.8,0.0,32.7
47,2017.08.19,7.9,0.3,3.8,0.0,2.4,0.0,20.9
48,2017.08.20,7.2,7.8,7.9,0.3,3.8,0.0,23.4
49,2017.08.21,6.1,0.0,7.2,7.8,7.9,0.3,22.5
50,2017.08.22,2.7,0.0,6.1,0.0,7.2,7.8,23.7
51,2017.08.23,3.5,0.0,2.7,0.0,6.1,0.0,26.3
52,2017.08.24,2.9,0.1,3.5,0.0,2.7,0.0,29.5
53,2017.08.25,2.2,0.0,2.9,0.1,3.5,0.0,30.2
54,2017.08.26,2.6,0.0,2.2,0.0,2.9,0.1,32.2
55,2017.08.27,4.4,0.0,2.6,0.0,2.2,0.0,25.3
56,2017.08.28,3.7,0.0,4.4,0.0,2.6,0.0,25.7
57,2017.08.29,3.0,0.0,3.7,0.0,4.4,0.0,28.0
58,2017.08.30,3.5,0.0,3.0,0.0,3.7,0.0,28.5
59,2017.08.31,3.9,0.0,3.5,0.0,3.0,0.0,31.0
60,2017.09.01,3.8,2.9,3.9,0.0,3.5,0.0,22.2
61,2017.09.02,4.8,10.9,3.8,2.9,3.9,0.0,20.2
62,2017.09.03,4.8,2.2,4.8,10.9,3.8,2.9,18.9
63,2017.09.04,6.7,1.9,4.8,2.2,4.8,10.9,21.6
64,2017.09.05,5.9,0.0,6.7,1.9,4.8,2.2,22.2
65,2017.09.06,6.7,2.1,5.9,0.0,6.7,1.9,19.5
66,2017.09.07,7.4,0.0,6.7,2.1,5.9,0.0,21.4
67,2017.09.08,3.0,0.0,7.4,0.0,6.7,2.1,24.5
68,2017.09.09,4.4,1.0,3.0,0.0,7.4,0.0,26.0
69,2017.09.10,5.4,0.0,4.4,1.0,3.0,0.0,26.1
70,2017.09.11,4.5,3.4,5.4,0.0,4.4,1.0,20.1
71,2017.09.12,6.6,1.8,4.5,3.4,5.4,0.0,22.0
72,2017.09.13,6.6,0.0,6.6,1.8,4.5,3.4,22.7
73,2017.09.14,9.8,0.8,6.6,0.0,6.6,1.8,17.3
74,2017.09.15,8.2,0.5,9.8,0.8,6.6,0.0,19.1
75,2017.09.16,3.6,1.8,8.2,0.5,9.8,0.8,16.6
76,2017.09.17,8.2,11.6,3.6,1.8,8.2,0.5,17.3
77,2017.09.18,3.4,0.8,8.2,11.6,3.6,1.8,14.8
78,2017.09.19,5.3,9.9,3.4,0.8,8.2,11.6,16.3
79,2017.09.20,2.7,15.0,5.3,9.9,3.4,0.8,13.8
80,2017.09.21,7.5,5.4,2.7,15.0,5.3,9.9,17.0
81,2017.09.22,7.0,0.4,7.5,5.4,2.7,15.0,13.0
82,2017.09.23,7.7,16.9,7.0,0.4,7.5,5.4,16.7
83,2017.09.24,5.8,0.2,7.7,16.9,7.0,0.4,16.9
84,2017.09.25,3.6,0.9,5.8,0.2,7.7,16.9,20.9
85,2017.09.26,4.1,0.0,3.6,0.9,5.8,0.2,16.7
86,2017.09.27,4.5,0.0,4.1,0.0,3.6,0.9,16.6
87,2017.09.28,3.8,0.0,4.5,0.0,4.1,0.0,16.8
88,2017.09.29,2.1,0.0,3.8,0.0,4.5,0.0,16.9
89,2017.09.30,2.1,0.0,2.1,0.0,3.8,0.0,16.2
90,2017.10.01,2.4,0.0,2.1,0.0,2.1,0.0,17.0
91,2017.10.02,5.3,0.0,2.4,0.0,2.1,0.0,15.6
92,2017.10.03,4.3,6.1,5.3,0.0,2.4,0.0,16.1
93,2017.10.04,6.9,0.0,4.3,6.1,5.3,0.0,19.6
94,2017.10.05,9.9,0.0,6.9,0.0,4.3,6.1,14.9
95,2017.10.06,7.7,0.0,9.9,0.0,6.9,0.0,14.8
96,2017.10.07,6.4,0.0,7.7,0.0,9.9,0.0,14.8
97,2017.10.08,7.6,0.1,6.4,0.0,7.7,0.0,13.6
98,2017.10.09,5.4,0.1,7.6,0.1,6.4,0.0,16.0
99,2017.10.10,4.5,0.2,5.4,0.1,7.6,0.1,17.8
100,2017.10.11,4.5,0.4,4.5,0.2,5.4,0.1,20.3
101,2017.10.12,5.0,0.0,4.5,0.4,4.5,0.2,17.6
102,2017.10.13,5.4,0.0,5.0,0.0,4.5,0.4,18.4
103,2017.10.14,3.1,0.0,5.4,0.0,5.0,0.0,20.5
104,2017.10.15,2.8,0.0,3.1,0.0,5.4,0.0,21.0
105,2017.10.16,2.0,0.0,2.8,0.0,3.1,0.0,21.4
106,2017.10.17,2.9,0.0,2.0,0.0,2.8,0.0,20.5
107,2017.10.18,3.0,0.0,2.9,0.0,2.0,0.0,18.8
108,2017.10.19,2.0,0.0,3.0,0.0,2.9,0.0,19.4
109,2017.10.20,2.3,0.0,2.0,0.0,3.0,0.0,16.9
110,2017.10.21,2.0,0.0,2.3,0.0,2.0,0.0,16.4
111,2017.10.22,4.8,5.8,2.0,0.0,2.3,0.0,10.6
112,2017.10.23,7.3,44.8,4.8,5.8,2.0,0.0,13.1
113,2017.10.24,6.8,0.0,7.3,44.8,4.8,5.8,12.2
114,2017.10.25,3.6,0.2,6.8,0.0,7.3,44.8,15.3
115,2017.10.26,3.8,0.0,3.6,0.2,6.8,0.0,14.6
116,2017.10.27,8.4,1.3,3.8,0.0,3.6,0.2,10.0
117,2017.10.28,8.1,0.2,8.4,1.3,3.8,0.0,10.2
118,2017.10.29,14.4,8.5,8.1,0.2,8.4,1.3,8.0
119,2017.10.30,9.1,0.1,14.4,8.5,8.1,0.2,8.4
120,2017.10.31,6.1,0.0,9.1,0.1,14.4,8.5,10.0
121,2017.11.01,4.1,0.0,6.1,0.0,9.1,0.1,11.6
122,2017.11.02,5.0,0.0,4.1,0.0,6.1,0.0,11.4
123,2017.11.03,5.6,0.1,5.0,0.0,4.1,0.0,11.4
124,2017.11.04,3.4,0.0,5.6,0.1,5.0,0.0,11.7
125,2017.11.05,4.5,0.7,3.4,0.0,5.6,0.1,12.7
126,2017.11.06,5.6,0.1,4.5,0.7,3.4,0.0,11.2
127,2017.11.07,5.0,1.9,5.6,0.1,4.5,0.7,10.4
128,2017.11.08,4.4,1.9,5.0,1.9,5.6,0.1,9.8
129,2017.11.09,3.2,2.1,4.4,1.9,5.0,1.9,8.6
130,2017.11.10,3.4,0.8,3.2,2.1,4.4,1.9,10.5
131,2017.11.11,4.7,0.3,3.4,0.8,3.2,2.1,9.7
132,2017.11.12,6.5,5.3,4.7,0.3,3.4,0.8,9.1
133,2017.11.13,6.3,13.8,6.5,5.3,4.7,0.3,7.2
134,2017.11.14,5.3,3.6,6.3,13.8,6.5,5.3,5.8
135,2017.11.15,2.9,0.0,5.3,3.6,6.3,13.8,6.4
136,2017.11.16,2.2,0.0,2.9,0.0,5.3,3.6,6.2
137,2017.11.17,2.6,0.1,2.2,0.0,2.9,0.0,5.3
138,2017.11.18,4.7,5.0,2.6,0.1,2.2,0.0,6.1
139,2017.11.19,4.5,0.7,4.7,5.0,2.6,0.1,5.9
140,2017.11.20,6.9,0.5,4.5,0.7,4.7,5.0,7.8
141,2017.11.21,7.6,2.0,6.9,0.5,4.5,0.7,9.1
142,2017.11.22,4.4,0.6,7.6,2.0,6.9,0.5,8.4
143,2017.11.23,2.2,0.2,4.4,0.6,7.6,2.0,7.8
144,2017.11.24,2.4,0.2,2.2,0.2,4.4,0.6,8.8
145,2017.11.25,6.1,0.5,2.4,0.2,2.2,0.2,6.3
146,2017.11.26,7.7,8.7,6.1,0.5,2.4,0.2,5.0
147,2017.11.27,6.6,0.0,7.7,8.7,6.1,0.5,4.4
148,2017.11.28,3.4,0.0,6.6,0.0,7.7,8.7,2.1
149,2017.11.29,5.3,3.2,3.4,0.0,6.6,0.0,3.7
150,2017.11.30,7.7,23.5,5.3,3.2,3.4,0.0,3.1
151,2017.12.01,3.8,0.0,7.7,23.5,5.3,3.2,-0.1
152,2017.12.02,2.8,0.1,3.8,0.0,7.7,23.5,-1.3
153,2017.12.03,3.8,0.2,2.8,0.1,3.8,0.0,1.5
154,2017.12.04,6.4,0.6,3.8,0.2,2.8,0.1,2.8
155,2017.12.05,6.4,0.3,6.4,0.6,3.8,0.2,3.3
156,2017.12.06,7.4,0.0,6.4,0.3,6.4,0.6,4.7
157,2017.12.07,4.6,0.0,7.4,0.0,6.4,0.3,7.6
158,2017.12.08,8.3,12.0,4.6,0.0,7.4,0.0,2.5
159,2017.12.09,8.4,1.0,8.3,12.0,4.6,0.0,2.5
160,2017.12.10,9.1,1.2,8.4,1.0,8.3,12.0,10.4
161,2017.12.11,8.9,5.9,9.1,1.2,8.4,1.0,13.7
162,2017.12.12,8.7,3.8,8.9,5.9,9.1,1.2,5.0
163,2017.12.13,5.8,2.0,8.7,3.8,8.9,5.9,5.5
164,2017.12.14,5.6,5.5,5.8,2.0,8.7,3.8,8.7
165,2017.12.15,7.0,27.6,5.6,5.5,5.8,2.0,5.5
166,2017.12.16,4.7,3.8,7.0,27.6,5.6,5.5,3.0
167,2017.12.17,5.5,0.0,4.7,3.8,7.0,27.6,0.6
168,2017.12.18,2.2,0.2,5.5,0.0,4.7,3.8,-1.0
169,2017.12.19,2.1,0.2,2.2,0.2,5.5,0.0,-2.4
170,2017.12.20,2.0,0.2,2.1,0.2,2.2,0.2,-1.8
171,2017.12.21,3.6,0.6,2.0,0.2,2.1,0.2,3.4
172,2017.12.22,5.7,0.0,3.6,0.6,2.0,0.2,2.9
173,2017.12.23,7.5,0.2,5.7,0.0,3.6,0.6,7.7
174,2017.12.24,8.6,0.2,7.5,0.2,5.7,0.0,6.2
175,2017.12.25,4.7,0.0,8.6,0.2,7.5,0.2,8.2
176,2017.12.26,6.7,0.1,4.7,0.0,8.6,0.2,8.0
177,2017.12.27,7.2,0.0,6.7,0.1,4.7,0.0,7.3
178,2017.12.28,7.5,7.0,7.2,0.0,6.7,0.1,2.4
179,2017.12.29,9.5,0.4,7.5,7.0,7.2,0.0,2.0
180,2017.12.30,5.3,0.2,9.5,0.4,7.5,7.0,4.4
181,2017.12.31,5.0,3.9,5.3,0.2,9.5,0.4,7.0
182,2018.01.01,5.0,0.3,5.0,3.9,5.3,0.2,4.8
183,2018.01.02,7.8,8.7,5.0,0.3,5.0,3.9,4.1
184,2018.01.03,7.4,6.1,7.8,8.7,5.0,0.3,7.7
185,2018.01.04,6.2,0.3,7.4,6.1,7.8,8.7,8.6
186,2018.01.05,3.5,1.1,6.2,0.3,7.4,6.1,12.5
187,2018.01.06,4.7,0.4,3.5,1.1,6.2,0.3,9.6
188,2018.01.07,3.2,0.1,4.7,0.4,3.5,1.1,8.3
189,2018.01.08,4.0,0.3,3.2,0.1,4.7,0.4,7.4
190,2018.01.09,5.5,0.0,4.0,0.3,3.2,0.1,5.4
191,2018.01.10,6.3,1.3,5.5,0.0,4.0,0.3,6.2
192,2018.01.11,3.0,3.1,6.3,1.3,5.5,0.0,4.6
193,2018.01.12,3.9,4.0,3.0,3.1,6.3,1.3,2.4
194,2018.01.13,7.6,2.6,3.9,4.0,3.0,3.1,-0.6
195,2018.01.14,5.0,3.6,7.6,2.6,3.9,4.0,-2.4
196,2018.01.15,2.9,0.9,5.0,3.6,7.6,2.6,1.3
197,2018.01.16,5.4,2.7,2.9,0.9,5.0,3.6,3.0
198,2018.01.17,8.4,0.0,5.4,2.7,2.9,0.9,3.5
199,2018.01.18,7.3,0.3,8.4,0.0,5.4,2.7,4.6
200,2018.01.19,7.1,1.2,7.3,0.3,8.4,0.0,3.1
201,2018.01.20,3.8,0.1,7.1,1.2,7.3,0.3,2.2
202,2018.01.21,9.4,6.2,3.8,0.1,7.1,1.2,1.3
203,2018.01.22,7.1,0.0,9.4,6.2,3.8,0.1,-0.7
204,2018.01.23,2.0,0.7,7.1,0.0,9.4,6.2,-2.3
205,2018.01.24,2.8,0.3,2.0,0.7,7.1,0.0,1.4
206,2018.01.25,4.6,1.4,2.8,0.3,2.0,0.7,0.2
207,2018.01.26,3.8,0.0,4.6,1.4,2.8,0.3,2.0
208,2018.01.27,3.0,0.1,3.8,0.0,4.6,1.4,3.9
209,2018.01.28,3.7,0.1,3.0,0.1,3.8,0.0,8.5
210,2018.01.29,4.8,0.1,3.7,0.1,3.0,0.1,6.6
211,2018.01.30,7.8,0.0,4.8,0.1,3.7,0.1,4.7
212,2018.01.31,4.1,0.1,7.8,0.0,4.8,0.1,8.3
213,2018.02.01,7.4,6.9,4.1,0.1,7.8,0.0,8.7
214,2018.02.02,4.7,7.5,7.4,6.9,4.1,0.1,2.4
215,2018.02.03,7.6,13.5,4.7,7.5,7.4,6.9,2.4
216,2018.02.04,6.9,0.0,7.6,13.5,4.7,7.5,1.9
217,2018.02.05,1.7,0.1,6.9,0.0,7.6,13.5,0.2
218,2018.02.06,4.2,1.6,1.7,0.1,6.9,0.0,2.3
219,2018.02.07,5.7,3.6,4.2,1.6,1.7,0.1,2.8
220,2018.02.08,4.8,7.4,5.7,3.6,4.2,1.6,1.4
221,2018.02.09,3.6,0.4,4.8,7.4,5.7,3.6,1.1
222,2018.02.10,2.1,0.6,3.6,0.4,4.8,7.4,1.8
223,2018.02.11,2.0,0.2,2.1,0.6,3.6,0.4,3.3
224,2018.02.12,2.0,0.2,2.0,0.2,2.1,0.6,2.6
225,2018.02.13,5.0,1.1,2.0,0.2,2.0,0.2,1.7
226,2018.02.14,4.5,2.8,5.0,1.1,2.0,0.2,2.1
227,2018.02.15,2.0,0.1,4.5,2.8,5.0,1.1,2.4
228,2018.02.16,2.1,1.0,2.0,0.1,4.5,2.8,2.0
229,2018.02.17,3.6,2.3,2.1,1.0,2.0,0.1,3.3
230,2018.02.18,3.2,5.2,3.6,2.3,2.1,1.0,1.0
231,2018.02.19,3.8,1.6,3.2,5.2,3.6,2.3,0.9
232,2018.02.20,4.3,8.6,3.8,1.6,3.2,5.2,1.7
233,2018.02.21,4.5,3.9,4.3,8.6,3.8,1.6,0.4
234,2018.02.22,6.2,2.3,4.5,3.9,4.3,8.6,2.0
235,2018.02.23,4.4,0.2,6.2,2.3,4.5,3.9,-0.1
236,2018.02.24,6.2,1.4,4.4,0.2,6.2,2.3,-6.6
237,2018.02.25,5.7,0.0,6.2,1.4,4.4,0.2,-6.1
238,2018.02.26,6.9,0.8,5.7,0.0,6.2,1.4,-7.2
239,2018.02.27,6.6,1.9,6.9,0.8,5.7,0.0,-6.5
240,2018.02.28,3.9,0.2,6.6,1.9,6.9,0.8,-7.4
241,2018.03.01,4.3,0.7,3.9,0.2,6.6,1.9,-6.3
242,2018.03.02,4.7,2.5,4.3,0.7,3.9,0.2,-4.4
243,2018.03.03,3.5,0.1,4.7,2.5,4.3,0.7,-3.6
244,2018.03.04,4.0,0.1,3.5,0.1,4.7,2.5,-2.4
245,2018.03.05,4.0,0.4,4.0,0.1,3.5,0.1,1.8
246,2018.03.06,4.7,6.3,4.0,0.4,4.0,0.1,6.0
247,2018.03.07,2.9,0.2,4.7,6.3,4.0,0.4,6.4
248,2018.03.08,3.8,1.8,2.9,0.2,4.7,6.3,9.3
249,2018.03.09,3.5,0.0,3.8,1.8,2.9,0.2,9.7
250,2018.03.10,5.2,0.5,3.5,0.0,3.8,1.8,12.3
251,2018.03.11,5.6,3.6,5.2,0.5,3.5,0.0,13.4
252,2018.03.12,7.2,7.3,5.6,3.6,5.2,0.5,12.6
253,2018.03.13,5.9,2.9,7.2,7.3,5.6,3.6,10.9
254,2018.03.14,7.0,0.2,5.9,2.9,7.2,7.3,10.2
255,2018.03.15,4.4,2.5,7.0,0.2,5.9,2.9,9.9
256,2018.03.16,6.0,18.6,4.4,2.5,7.0,0.2,5.8
257,2018.03.17,6.5,1.5,6.0,18.6,4.4,2.5,-0.4
258,2018.03.18,10.4,13.4,6.5,1.5,6.0,18.6,0.6
259,2018.03.19,3.6,1.1,10.4,13.4,6.5,1.5,0.0
260,2018.03.20,5.5,1.6,3.6,1.1,10.4,13.4,2.8
261,2018.03.21,5.4,0.7,5.5,1.6,3.6,1.1,2.8
262,2018.03.22,2.2,0.0,5.4,0.7,5.5,1.6,6.1
263,2018.03.23,2.1,0.0,2.2,0.0,5.4,0.7,6.3
264,2018.03.24,3.8,0.0,2.1,0.0,2.2,0.0,7.8
265,2018.03.25,5.7,0.0,3.8,0.0,2.1,0.0,8.6
266,2018.03.26,2.6,0.0,5.7,0.0,3.8,0.0,9.3
267,2018.03.27,4.9,0.0,2.6,0.0,5.7,0.0,10.6
268,2018.03.28,4.1,1.3,4.9,0.0,2.6,0.0,11.1
269,2018.03.29,4.8,1.8,4.1,1.3,4.9,0.0,11.9
270,2018.03.30,4.1,5.4,4.8,1.8,4.1,1.3,14.2
271,2018.03.31,7.1,5.1,4.1,5.4,4.8,1.8,10.5
272,2018.04.01,9.7,0.2,7.1,5.1,4.1,5.4,11.2
273,2018.04.02,9.5,0.1,9.7,0.2,7.1,5.1,15.3
274,2018.04.03,7.3,0.0,9.5,0.1,9.7,0.2,17.2
275,2018.04.04,7.0,0.0,7.3,0.0,9.5,0.1,17.7
276,2018.04.05,7.4,0.2,7.0,0.0,7.3,0.0,14.7
277,2018.04.06,7.8,0.0,7.4,0.2,7.0,0.0,16.1
278,2018.04.07,4.0,0.1,7.8,0.0,7.4,0.2,18.8
279,2018.04.08,8.0,0.0,4.0,0.1,7.8,0.0,21.0
280,2018.04.09,6.3,0.6,8.0,0.0,4.0,0.1,17.4
281,2018.04.10,6.8,0.0,6.3,0.6,8.0,0.0,17.1
282,2018.04.11,5.8,0.0,6.8,0.0,6.3,0.6,22.1
283,2018.04.12,4.8,0.0,5.8,0.0,6.8,0.0,18.5
284,2018.04.13,4.8,0.6,4.8,0.0,5.8,0.0,21.2
285,2018.04.14,3.0,0.0,4.8,0.6,4.8,0.0,22.9
286,2018.04.15,5.2,0.0,3.0,0.0,4.8,0.6,19.0
287,2018.04.16,5.2,2.3,5.2,0.0,3.0,0.0,19.9
288,2018.04.17,4.1,4.8,5.2,2.3,5.2,0.0,20.1
289,2018.04.18,4.3,3.5,4.1,4.8,5.2,2.3,20.9
290,2018.04.19,5.0,0.0,4.3,3.5,4.1,4.8,19.8
291,2018.04.20,3.4,0.0,5.0,0.0,4.3,3.5,19.9
292,2018.04.21,2.8,0.0,3.4,0.0,5.0,0.0,22.8
293,2018.04.22,2.5,0.0,2.8,0.0,3.4,0.0,25.3
294,2018.04.23,4.0,0.7,2.5,0.0,2.8,0.0,22.6
295,2018.04.24,5.3,2.1,4.0,0.7,2.5,0.0,24.7
296,2018.04.25,5.1,0.1,5.3,2.1,4.0,0.7,22.5
297,2018.04.26,7.0,1.2,5.1,0.1,5.3,2.1,18.4
298,2018.04.27,5.9,0.0,7.0,1.2,5.1,0.1,24.7
299,2018.04.28,4.6,2.3,5.9,0.0,7.0,1.2,23.3
300,2018.04.29,5.8,9.9,4.6,2.3,5.9,0.0,23.8
301,2018.04.30,5.1,7.7,5.8,9.9,4.6,2.3,23.5
302,2018.05.01,3.8,0.6,5.1,7.7,5.8,9.9,24.6
303,2018.05.02,3.9,8.4,3.8,0.6,5.1,7.7,24.9
304,2018.05.03,4.6,0.0,3.9,8.4,3.8,0.6,26.6
305,2018.05.04,4.4,1.2,4.6,0.0,3.9,8.4,27.6
306,2018.05.05,6.2,0.0,4.4,1.2,4.6,0.0,23.5
307,2018.05.06,6.3,0.0,6.2,0.0,4.4,1.2,22.6
308,2018.05.07,6.0,0.0,6.3,0.0,6.2,0.0,20.7
309,2018.05.08,4.7,0.4,6.0,0.0,6.3,0.0,23.6
310,2018.05.09,2.7,5.2,4.7,0.4,6.0,0.0,24.5
311,2018.05.10,4.3,3.3,2.7,5.2,4.7,0.4,24.9
312,2018.05.11,2.0,1.7,4.3,3.3,2.7,5.2,23.2
313,2018.05.12,3.6,0.0,2.0,1.7,4.3,3.3,22.5
314,2018.05.13,5.3,0.1,3.6,0.0,2.0,1.7,20.0
315,2018.05.14,5.7,0.0,5.3,0.1,3.6,0.0,18.2
316,2018.05.15,5.2,8.9,5.7,0.0,5.3,0.1,17.7
317,2018.05.16,6.5,0.8,5.2,8.9,5.7,0.0,18.2
318,2018.05.17,7.6,1.5,6.5,0.8,5.2,8.9,22.4
319,2018.05.18,7.1,1.8,7.6,1.5,6.5,0.8,22.7
320,2018.05.19,3.9,1.4,7.1,1.8,7.6,1.5,21.9
321,2018.05.20,4.9,0.0,3.9,1.4,7.1,1.8,22.4
322,2018.05.21,6.1,0.0,4.9,0.0,3.9,1.4,21.2
323,2018.05.22,4.8,0.6,6.1,0.0,4.9,0.0,23.0
324,2018.05.23,3.2,1.3,4.8,0.6,6.1,0.0,25.9
325,2018.05.24,5.7,0.0,3.2,1.3,4.8,0.6,23.1
326,2018.05.25,4.8,0.0,5.7,0.0,3.2,1.3,26.2
327,2018.05.26,2.0,0.0,4.8,0.0,5.7,0.0,25.0
328,2018.05.27,2.1,4.3,2.0,0.0,4.8,0.0,26.6
329,2018.05.28,3.3,0.0,2.1,4.3,2.0,0.0,23.8
330,2018.05.29,5.2,0.4,3.3,0.0,2.1,4.3,25.4
331,2018.05.30,5.4,0.0,5.2,0.4,3.3,0.0,27.3
332,2018.05.31,3.5,0.0,5.4,0.0,5.2,0.4,28.4
333,2018.06.01,2.5,0.0,3.5,0.0,5.4,0.0,26.9
334,2018.06.02,4.0,0.0,2.5,0.0,3.5,0.0,27.2
335,2018.06.03,5.8,0.0,4.0,0.0,2.5,0.0,26.4
336,2018.06.04,2.9,2.4,5.8,0.0,4.0,0.0,26.4
337,2018.06.05,2.1,6.5,2.9,2.4,5.8,0.0,21.7
338,2018.06.06,6.0,18.7,2.1,6.5,2.9,2.4,23.4
339,2018.06.07,5.2,0.9,6.0,18.7,2.1,6.5,24.6
340,2018.06.08,3.0,26.1,5.2,0.9,6.0,18.7,23.6
341,2018.06.09,3.1,31.0,3.0,26.1,5.2,0.9,27.8
342,2018.06.10,2.4,0.0,3.1,31.0,3.0,26.1,28.5
343,2018.06.11,3.4,0.0,2.4,0.0,3.1,31.0,27.7
344,2018.06.12,4.5,9.0,3.4,0.0,2.4,0.0,24.9
345,2018.06.13,4.3,1.7,4.5,9.0,3.4,0.0,20.6
346,2018.06.14,4.5,10.8,4.3,1.7,4.5,9.0,19.8
347,2018.06.15,5.3,6.2,4.5,10.8,4.3,1.7,24.1
348,2018.06.16,5.9,0.0,5.3,6.2,4.5,10.8,25.1
349,2018.06.17,4.3,0.0,5.9,0.0,5.3,6.2,25.4
350,2018.06.18,5.1,0.3,4.3,0.0,5.9,0.0,26.7
351,2018.06.19,3.9,2.7,5.1,0.3,4.3,0.0,27.5
352,2018.06.20,2.5,0.0,3.9,2.7,5.1,0.3,27.9
353,2018.06.21,3.8,0.6,2.5,0.0,3.9,2.7,19.0
354,2018.06.22,7.6,6.3,3.8,0.6,2.5,0.0,19.1
355,2018.06.23,5.1,0.0,7.6,6.3,3.8,0.6,18.5
356,2018.06.24,5.4,0.0,5.1,0.0,7.6,6.3,20.8
357,2018.06.25,2.7,0.0,5.4,0.0,5.1,0.0,21.9
358,2018.06.26,3.0,0.3,2.7,0.0,5.4,0.0,22.3
359,2018.06.27,6.3,1.3,3.0,0.3,2.7,0.0,21.9
360,2018.06.28,6.5,11.9,6.3,1.3,3.0,0.3,25.5
361,2018.06.29,5.2,8.4,6.5,11.9,6.3,1.3,20.8
362,2018.06.30,7.7,0.0,5.2,8.4,6.5,11.9,19.2
363,2018.07.01,4.2,0.0,7.7,0.0,5.2,8.4,21.0
364,2018.07.02,3.6,0.0,4.2,0.0,7.7,0.0,22.9
365,2018.07.03,3.0,0.0,3.6,0.0,4.2,0.0,26.2
366,2018.07.04,2.5,0.0,3.0,0.0,3.6,0.0,27.9
367,2018.07.05,2.9,1.1,2.5,0.0,3.0,0.0,27.8
368,2018.07.06,3.5,6.3,2.9,1.1,2.5,0.0,24.7
369,2018.07.07,5.1,10.1,3.5,6.3,2.9,1.1,23.6
370,2018.07.08,4.8,0.0,5.1,10.1,3.5,6.3,26.3
371,2018.07.09,3.0,0.3,4.8,0.0,5.1,10.1,25.4
372,2018.07.10,2.0,0.7,3.0,0.3,4.8,0.0,22.0
373,2018.07.11,6.0,3.9,2.0,0.7,3.0,0.3,23.8
374,2018.07.12,4.9,3.0,6.0,3.9,2.0,0.7,25.1
375,2018.07.13,6.2,0.0,4.9,3.0,6.0,3.9,25.1
376,2018.07.14,5.5,0.0,6.2,0.0,4.9,3.0,25.9
377,2018.07.15,4.7,0.0,5.5,0.0,6.2,0.0,26.2
378,2018.07.16,4.7,0.0,4.7,0.0,5.5,0.0,26.7
379,2018.07.17,5.5,0.0,4.7,0.0,4.7,0.0,22.8
380,2018.07.18,10.9,1.3,5.5,0.0,4.7,0.0,22.5
381,2018.07.19,9.2,3.7,10.9,1.3,5.5,0.0,25.3
382,2018.07.20,4.8,3.0,9.2,3.7,10.9,1.3,26.1
383,2018.07.21,2.5,0.0,4.8,3.0,9.2,3.7,25.8
384,2018.07.22,3.1,21.4,2.5,0.0,4.8,3.0,24.0
385,2018.07.23,4.5,20.3,3.1,21.4,2.5,0.0,27.9
386,2018.07.24,4.7,0.0,4.5,20.3,3.1,21.4,28.1
387,2018.07.25,3.1,0.0,4.7,0.0,4.5,20.3,27.1
388,2018.07.26,2.1,1.6,3.1,0.0,4.7,0.0,27.2
389,2018.07.27,3.5,6.3,2.1,1.6,3.1,0.0,28.3
390,2018.07.28,2.9,2.5,3.5,6.3,2.1,1.6,30.1
391,2018.07.29,3.6,6.5,2.9,2.5,3.5,6.3,28.4
392,2018.07.30,3.9,0.9,3.6,6.5,2.9,2.5,30.3
393,2018.07.31,4.0,1.0,3.9,0.9,3.6,6.5,30.4
394,2018.08.01,4.4,0.0,4.0,1.0,3.9,0.9,30.4
395,2018.08.02,2.0,6.7,4.4,0.0,4.0,1.0,29.2
396,2018.08.03,4.6,0.0,2.0,6.7,4.4,0.0,28.4
397,2018.08.04,2.6,0.0,4.6,0.0,2.0,6.7,30.2
398,2018.08.05,2.7,0.0,2.6,0.0,4.6,0.0,28.9
399,2018.08.06,3.3,0.1,2.7,0.0,2.6,0.0,29.1
400,2018.08.07,3.4,0.0,3.3,0.1,2.7,0.0,31.5
401,2018.08.08,3.9,0.0,3.4,0.0,3.3,0.1,32.4
402,2018.08.09,4.7,0.0,3.9,0.0,3.4,0.0,33.2
403,2018.08.10,4.6,1.1,4.7,0.0,3.9,0.0,27.6
404,2018.08.11,5.1,1.0,4.6,1.1,4.7,0.0,30.1
405,2018.08.12,2.9,0.0,5.1,1.0,4.6,1.1,32.4
406,2018.08.13,4.8,0.0,2.9,0.0,5.1,1.0,29.1
407,2018.08.14,5.7,0.0,4.8,0.0,2.9,0.0,27.2
408,2018.08.15,5.6,0.0,5.7,0.0,4.8,0.0,27.9
409,2018.08.16,2.8,0.0,5.6,0.0,5.7,0.0,29.3
410,2018.08.17,3.4,0.0,2.8,0.0,5.6,0.0,29.7
411,2018.08.18,2.0,0.2,3.4,0.0,2.8,0.0,31.3
412,2018.08.19,4.0,0.0,2.0,0.2,3.4,0.0,32.1
413,2018.08.20,3.2,0.1,4.0,0.0,2.0,0.2,32.3
414,2018.08.21,2.5,0.0,3.2,0.1,4.0,0.0,32.4
415,2018.08.22,4.0,0.0,2.5,0.0,3.2,0.1,31.2
416,2018.08.23,3.9,0.9,4.0,0.0,2.5,0.0,30.3
417,2018.08.24,3.7,2.6,3.9,0.9,4.0,0.0,24.0
418,2018.08.25,6.8,0.2,3.7,2.6,3.9,0.9,16.6
419,2018.08.26,6.2,16.8,6.8,0.2,3.7,2.6,21.2
420,2018.08.27,2.5,0.0,6.2,16.8,6.8,0.2,25.6
421,2018.08.28,3.9,0.0,2.5,0.0,6.2,16.8,26.4
422,2018.08.29,3.5,0.0,3.9,0.0,2.5,0.0,27.5
423,2018.08.30,2.5,0.0,3.5,0.0,3.9,0.0,27.4
424,2018.08.31,3.4,0.9,2.5,0.0,3.5,0.0,28.9
425,2018.09.01,3.5,1.8,3.4,0.9,2.5,0.0,27.4
426,2018.09.02,4.4,2.7,3.5,1.8,3.4,0.9,22.2
427,2018.09.03,5.2,3.7,4.4,2.7,3.5,1.8,18.4
428,2018.09.04,2.4,20.5,5.2,3.7,4.4,2.7,24.3
429,2018.09.05,3.5,0.1,2.4,20.5,5.2,3.7,22.3
430,2018.09.06,2.1,0.2,3.5,0.1,2.4,20.5,23.7
431,2018.09.07,2.1,0.0,2.1,0.2,3.5,0.1,24.4
432,2018.09.08,4.2,0.0,2.1,0.0,2.1,0.2,23.7
433,2018.09.09,2.5,0.0,4.2,0.0,2.1,0.0,23.8
434,2018.09.10,2.7,0.0,2.5,0.0,4.2,0.0,25.1
435,2018.09.11,4.9,0.0,2.7,0.0,2.5,0.0,26.7
436,2018.09.12,2.1,0.0,4.9,0.0,2.7,0.0,28.2
437,2018.09.13,2.0,0.0,2.1,0.0,4.9,0.0,26.0
438,2018.09.14,2.1,0.0,2.0,0.0,2.1,0.0,25.9
439,2018.09.15,6.1,0.0,2.1,0.0,2.0,0.0,22.0
440,2018.09.16,3.4,0.0,6.1,0.0,2.1,0.0,26.8
441,2018.09.17,3.0,0.0,3.4,0.0,6.1,0.0,25.4
442,2018.09.18,2.3,0.0,3.0,0.0,3.4,0.0,27.3
443,2018.09.19,3.0,0.0,2.3,0.0,3.0,0.0,28.0
444,2018.09.20,2.1,0.0,3.0,0.0,2.3,0.0,28.5
445,2018.09.21,3.9,0.0,2.1,0.0,3.0,0.0,17.5
446,2018.09.22,9.5,0.3,3.9,0.0,2.1,0.0,18.3
447,2018.09.23,5.4,0.0,9.5,0.3,3.9,0.0,18.9
448,2018.09.24,10.1,3.1,5.4,0.0,9.5,0.3,14.4
449,2018.09.25,6.8,0.0,10.1,3.1,5.4,0.0,14.1
450,2018.09.26,4.0,0.0,6.8,0.0,10.1,3.1,18.5
451,2018.09.27,3.8,0.0,4.0,0.0,6.8,0.0,18.1
452,2018.09.28,3.1,0.0,3.8,0.0,4.0,0.0,15.1
453,2018.09.29,4.7,0.7,3.1,0.0,3.8,0.0,15.7
454,2018.09.30,4.4,0.0,4.7,0.7,3.1,0.0,18.0
455,2018.10.01,4.4,0.2,4.4,0.0,4.7,0.7,14.3
456,2018.10.02,6.3,0.8,4.4,0.2,4.4,0.0,16.8
457,2018.10.03,7.4,0.1,6.3,0.8,4.4,0.2,15.7
458,2018.10.04,4.3,0.0,7.4,0.1,6.3,0.8,17.1
459,2018.10.05,3.7,0.0,4.3,0.0,7.4,0.1,20.3
460,2018.10.06,5.1,0.0,3.7,0.0,4.3,0.0,20.3
461,2018.10.07,4.4,0.0,5.1,0.0,3.7,0.0,19.6
462,2018.10.08,2.6,0.4,4.4,0.0,5.1,0.0,22.7
463,2018.10.09,3.1,0.0,2.6,0.4,4.4,0.0,23.1
464,2018.10.10,2.7,0.0,3.1,0.0,2.6,0.4,22.3
465,2018.10.11,3.3,0.0,2.7,0.0,3.1,0.0,21.0
466,2018.10.12,2.9,0.0,3.3,0.0,2.7,0.0,21.4
467,2018.10.13,2.4,0.0,2.9,0.0,3.3,0.0,19.5
468,2018.10.14,4.3,0.0,2.4,0.0,2.9,0.0,19.4
469,2018.10.15,4.8,0.0,4.3,0.0,2.4,0.0,18.8
470,2018.10.16,4.9,0.0,4.8,0.0,4.3,0.0,21.2
471,2018.10.17,3.2,0.0,4.9,0.0,4.8,0.0,21.1
472,2018.10.18,2.0,0.0,3.2,0.0,4.9,0.0,21.0
473,2018.10.19,2.3,0.0,2.0,0.0,3.2,0.0,19.6
474,2018.10.20,5.2,0.0,2.3,0.0,2.0,0.0,10.8
475,2018.10.21,5.3,4.6,5.2,0.0,2.3,0.0,15.0
476,2018.10.22,3.5,0.3,5.3,4.6,5.2,0.0,12.7
477,2018.10.23,8.6,0.0,3.5,0.3,5.3,4.6,12.8
478,2018.10.24,12.6,1.4,8.6,0.0,3.5,0.3,14.3
479,2018.10.25,7.8,0.7,12.6,1.4,8.6,0.0,14.1
480,2018.10.26,5.1,0.0,7.8,0.7,12.6,1.4,13.9
481,2018.10.27,5.3,4.1,5.1,0.0,7.8,0.7,20.7
482,2018.10.28,7.3,6.9,5.3,4.1,5.1,0.0,20.4
483,2018.10.29,7.7,20.5,7.3,6.9,5.3,4.1,18.1
484,2018.10.30,7.7,4.7,7.7,20.5,7.3,6.9,18.4
485,2018.10.31,4.6,0.0,7.7,4.7,7.7,20.5,20.8
486,2018.11.01,4.7,0.0,4.6,0.0,7.7,4.7,21.2
487,2018.11.02,4.3,0.2,4.7,0.0,4.6,0.0,19.6
488,2018.11.03,2.7,0.0,4.3,0.2,4.7,0.0,17.3
489,2018.11.04,2.6,0.0,2.7,0.0,4.3,0.2,17.2
490,2018.11.05,4.2,0.0,2.6,0.0,2.7,0.0,15.8
491,2018.11.06,4.9,0.0,4.2,0.0,2.6,0.0,15.6
492,2018.11.07,4.8,0.0,4.9,0.0,4.2,0.0,14.3
493,2018.11.08,3.1,0.0,4.8,0.0,4.9,0.0,12.7
494,2018.11.09,3.6,0.0,3.1,0.0,4.8,0.0,10.9
495,2018.11.10,4.3,0.1,3.6,0.0,3.1,0.0,15.0
496,2018.11.11,4.0,0.2,4.3,0.1,3.6,0.0,14.7
497,2018.11.12,3.6,0.0,4.0,0.2,4.3,0.1,13.8
498,2018.11.13,3.8,0.1,3.6,0.0,4.0,0.2,12.0
499,2018.11.14,6.9,0.0,3.8,0.1,3.6,0.0,10.7
500,2018.11.15,2.5,0.0,6.9,0.0,3.8,0.1,8.3
501,2018.11.16,5.3,0.0,2.5,0.0,6.9,0.0,5.9
502,2018.11.17,5.5,0.0,5.3,0.0,2.5,0.0,6.4
503,2018.11.18,2.5,0.0,5.5,0.0,5.3,0.0,1.9
504,2018.11.19,4.1,1.2,2.5,0.0,5.5,0.0,4.5
505,2018.11.20,8.7,4.0,4.1,1.2,2.5,0.0,4.3
506,2018.11.21,5.4,4.6,8.7,4.0,4.1,1.2,4.9
507,2018.11.22,2.9,0.7,5.4,4.6,8.7,4.0,4.8
508,2018.11.23,3.7,0.6,2.9,0.7,5.4,4.6,6.4
509,2018.11.24,4.4,2.8,3.7,0.6,2.9,0.7,6.9
510,2018.11.25,4.9,14.8,4.4,2.8,3.7,0.6,9.4
511,2018.11.26,6.7,14.3,4.9,14.8,4.4,2.8,4.6
512,2018.11.27,5.6,8.8,6.7,14.3,4.9,14.8,1.6
513,2018.11.28,7.1,0.4,5.6,8.8,6.7,14.3,-0.2
514,2018.11.29,5.4,0.6,7.1,0.4,5.6,8.8,-2.1
515,2018.11.30,3.2,0.3,5.4,0.6,7.1,0.4,-1.8
516,2018.12.01,2.8,0.1,3.2,0.3,5.4,0.6,0.3
517,2018.12.02,4.3,0.0,2.8,0.1,3.2,0.3,3.3
518,2018.12.03,3.3,0.4,4.3,0.0,2.8,0.1,5.4
519,2018.12.04,5.9,0.7,3.3,0.4,4.3,0.0,4.9
520,2018.12.05,6.7,0.0,5.9,0.7,3.3,0.4,2.0
521,2018.12.06,3.0,0.1,6.7,0.0,5.9,0.7,2.6
522,2018.12.07,2.6,3.5,3.0,0.1,6.7,0.0,6.8
523,2018.12.08,6.0,6.4,2.6,3.5,3.0,0.1,6.1
524,2018.12.09,5.7,0.8,6.0,6.4,2.6,3.5,5.9
525,2018.12.10,7.9,0.6,5.7,0.8,6.0,6.4,3.7
526,2018.12.11,5.6,0.8,7.9,0.6,5.7,0.8,3.1
527,2018.12.12,5.6,0.4,5.6,0.8,7.9,0.6,1.6
528,2018.12.13,2.0,0.0,5.6,0.4,5.6,0.8,-0.6
529,2018.12.14,4.5,0.7,2.0,0.0,5.6,0.4,-0.4
530,2018.12.15,5.8,14.8,4.5,0.7,2.0,0.0,-0.7
531,2018.12.16,3.0,4.3,5.8,14.8,4.5,0.7,-4.3
532,2018.12.17,1.9,0.4,3.0,4.3,5.8,14.8,-2.6
533,2018.12.18,2.0,0.1,1.9,0.4,3.0,4.3,-7.0
534,2018.12.19,4.0,0.7,2.0,0.1,1.9,0.4,-4.2
535,2018.12.20,4.7,1.2,4.0,0.7,2.0,0.1,-0.9
536,2018.12.21,3.1,0.0,4.7,1.2,4.0,0.7,6.7
537,2018.12.22,5.7,1.4,3.1,0.0,4.7,1.2,6.4
538,2018.12.23,6.3,0.6,5.7,1.4,3.1,0.0,4.0
539,2018.12.24,6.0,6.2,6.3,0.6,5.7,1.4,2.0
540,2018.12.25,7.9,0.4,6.0,6.2,6.3,0.6,3.8
541,2018.12.26,7.1,0.2,7.9,0.4,6.0,6.2,5.9
542,2018.12.27,5.6,0.0,7.1,0.2,7.9,0.4,6.1
543,2018.12.28,6.5,0.0,5.6,0.0,7.1,0.2,5.1
544,2018.12.29,5.7,0.0,6.5,0.0,5.6,0.0,4.8
545,2018.12.30,8.8,1.4,5.7,0.0,6.5,0.0,4.2
546,2018.12.31,7.5,0.3,8.8,1.4,5.7,0.0,2.7
547,2019.01.01,6.1,0.9,7.5,0.3,8.8,1.4,3.1
548,2019.01.02,9.5,0.9,6.1,0.9,7.5,0.3,0.3
549,2019.01.03,7.9,0.1,9.5,0.9,6.1,0.9,-1.0
550,2019.01.04,5.4,0.2,7.9,0.1,9.5,0.9,2.2
551,2019.01.05,5.8,4.0,5.4,0.2,7.9,0.1,0.4
552,2019.01.06,7.3,0.0,5.8,4.0,5.4,0.2,-5.2
553,2019.01.07,1.9,0.0,7.3,0.0,5.8,4.0,0.0
554,2019.01.08,4.4,4.7,1.9,0.0,7.3,0.0,1.8
555,2019.01.09,4.6,1.9,4.4,4.7,1.9,0.0,0.2
556,2019.01.10,3.2,0.3,4.6,1.9,4.4,4.7,-6.5
557,2019.01.11,5.6,0.1,3.2,0.3,4.6,1.9,3.3
558,2019.01.12,6.0,1.2,5.6,0.1,3.2,0.3,3.3
559,2019.01.13,5.9,1.4,6.0,1.2,5.6,0.1,3.1
560,2019.01.14,10.1,4.7,5.9,1.4,6.0,1.2,1.2
561,2019.01.15,8.2,0.7,10.1,4.7,5.9,1.4,5.7
562,2019.01.16,10.0,0.2,8.2,0.7,10.1,4.7,10.0
563,2019.01.17,6.0,3.3,10.0,0.2,8.2,0.7,5.6
564,2019.01.18,8.1,7.2,6.0,3.3,10.0,0.2,0.6
565,2019.01.19,3.6,0.0,8.1,7.2,6.0,3.3,0.0
566,2019.01.20,3.7,2.7,3.6,0.0,8.1,7.2,0.0
567,2019.01.21,1.8,0.1,3.7,2.7,3.6,0.0,-2.4
568,2019.01.22,3.0,0.0,1.8,0.1,3.7,2.7,-1.4
569,2019.01.23,4.7,2.7,3.0,0.0,1.8,0.1,1.5
570,2019.01.24,3.6,1.2,4.7,2.7,3.0,0.0,-3.3
571,2019.01.25,6.7,2.5,3.6,1.2,4.7,2.7,-2.7
572,2019.01.26,7.1,0.0,6.7,2.5,3.6,1.2,2.7
573,2019.01.27,5.2,0.7,7.1,0.0,6.7,2.5,3.6
574,2019.01.28,4.5,5.7,5.2,0.7,7.1,0.0,3.3
575,2019.01.29,4.8,0.1,4.5,5.7,5.2,0.7,-1.3
576,2019.01.30,2.6,0.1,4.8,0.1,4.5,5.7,0.1
577,2019.01.31,2.4,0.2,2.6,0.1,4.8,0.1,2.3
578,2019.02.01,4.7,1.8,2.4,0.2,2.6,0.1,9.5
579,2019.02.02,6.7,2.5,4.7,1.8,2.4,0.2,11.0
580,2019.02.03,7.6,2.0,6.7,2.5,4.7,1.8,4.4
581,2019.02.04,8.5,0.3,7.6,2.0,6.7,2.5,4.7
582,2019.02.05,3.0,0.2,8.5,0.3,7.6,2.0,3.3
583,2019.02.06,3.0,0.0,3.0,0.2,8.5,0.3,2.2
584,2019.02.07,2.5,0.0,3.0,0.0,3.0,0.2,3.8
585,2019.02.08,2.0,0.3,2.5,0.0,3.0,0.0,3.8
586,2019.02.09,2.7,0.1,2.0,0.3,2.5,0.0,6.3
587,2019.02.10,7.7,0.8,2.7,0.1,2.0,0.3,6.0
588,2019.02.11,10.5,4.3,7.7,0.8,2.7,0.1,3.2
589,2019.02.12,9.6,0.1,10.5,4.3,7.7,0.8,3.6
590,2019.02.13,5.9,0.1,9.6,0.1,10.5,4.3,7.1
591,2019.02.14,6.5,0.0,5.9,0.1,9.6,0.1,7.1
592,2019.02.15,1.9,0.0,6.5,0.0,5.9,0.1,8.4
593,2019.02.16,2.3,0.0,1.9,0.0,6.5,0.0,9.7
594,2019.02.17,1.9,0.0,2.3,0.0,1.9,0.0,7.3
595,2019.02.18,2.2,0.0,1.9,0.0,2.3,0.0,7.2
596,2019.02.19,2.3,0.2,2.2,0.0,1.9,0.0,8.3
597,2019.02.20,4.9,0.0,2.3,0.2,2.2,0.0,8.6
598,2019.02.21,4.2,0.5,4.9,0.0,2.3,0.2,10.6
599,2019.02.22,7.6,1.6,4.2,0.5,4.9,0.0,-0.8
600,2019.02.23,6.2,0.0,7.6,1.6,4.2,0.5,1.5
601,2019.02.24,3.3,0.0,6.2,0.0,7.6,1.6,6.5
602,2019.02.25,3.0,0.0,3.3,0.0,6.2,0.0,10.5
603,2019.02.26,6.9,0.0,3.0,0.0,3.3,0.0,9.5
604,2019.02.27,5.0,0.0,6.9,0.0,3.0,0.0,12.9
605,2019.02.28,8.4,0.0,5.0,0.0,6.9,0.0,11.6
606,2019.03.01,5.5,0.1,8.4,0.0,5.0,0.0,6.9
607,2019.03.02,4.5,0.4,5.5,0.1,8.4,0.0,11.7
608,2019.03.03,5.7,0.5,4.5,0.4,5.5,0.1,14.8
609,2019.03.04,9.8,0.0,5.7,0.5,4.5,0.4,11.9
610,2019.03.05,6.9,1.5,9.8,0.0,5.7,0.5,13.6
611,2019.03.06,4.7,0.5,6.9,1.5,9.8,0.0,17.2
612,2019.03.07,8.8,0.0,4.7,0.5,6.9,1.5,14.8
613,2019.03.08,4.7,1.7,8.8,0.0,4.7,0.5,12.8
614,2019.03.09,5.8,0.2,4.7,1.7,8.8,0.0,13.8
615,2019.03.10,9.1,0.2,5.8,0.2,4.7,1.7,9.3
616,2019.03.11,14.0,0.3,9.1,0.2,5.8,0.2,7.9
617,2019.03.12,5.8,0.0,14.0,0.3,9.1,0.2,6.0
618,2019.03.13,5.7,2.1,5.8,0.0,14.0,0.3,9.5
619,2019.03.14,3.8,0.0,5.7,2.1,5.8,0.0,10.1
620,2019.03.15,8.2,2.2,3.8,0.0,5.7,2.1,10.0
621,2019.03.16,7.2,0.9,8.2,2.2,3.8,0.0,17.6
622,2019.03.17,6.5,0.0,7.2,0.9,8.2,2.2,11.5
623,2019.03.18,8.7,1.5,6.5,0.0,7.2,0.9,9.9
624,2019.03.19,5.5,0.4,8.7,1.5,6.5,0.0,10.0
625,2019.03.20,2.1,0.0,5.5,0.4,8.7,1.5,11.1
626,2019.03.21,2.0,0.0,2.1,0.0,5.5,0.4,14.0
627,2019.03.22,2.0,0.0,2.0,0.0,2.1,0.0,15.6
628,2019.03.23,2.8,0.0,2.0,0.0,2.0,0.0,17.7
629,2019.03.24,4.8,0.0,2.8,0.0,2.0,0.0,12.1
630,2019.03.25,5.5,0.2,4.8,0.0,2.8,0.0,11.0
631,2019.03.26,5.9,0.0,5.5,0.2,4.8,0.0,9.0
632,2019.03.27,5.6,0.0,5.9,0.0,5.5,0.2,13.2
633,2019.03.28,3.6,0.0,5.6,0.0,5.9,0.0,13.8
634,2019.03.29,2.2,0.0,3.6,0.0,5.6,0.0,15.7
635,2019.03.30,2.0,0.0,2.2,0.0,3.6,0.0,17.7
636,2019.03.31,2.5,0.0,2.0,0.0,2.2,0.0,13.9
637,2019.04.01,5.9,0.0,2.5,0.0,2.0,0.0,15.2
638,2019.04.02,6.6,0.0,5.9,0.0,2.5,0.0,15.5
639,2019.04.03,6.6,0.0,6.6,0.0,5.9,0.0,17.0
640,2019.04.04,7.0,0.0,6.6,0.0,6.6,0.0,15.0
641,2019.04.05,7.7,3.0,7.0,0.0,6.6,0.0,15.5
642,2019.04.06,3.5,3.0,7.7,3.0,7.0,0.0,17.6
643,2019.04.07,4.0,0.0,3.5,3.0,7.7,3.0,19.7
644,2019.04.08,3.3,0.0,4.0,0.0,3.5,3.0,19.0
645,2019.04.09,4.5,0.4,3.3,0.0,4.0,0.0,17.5
646,2019.04.10,5.4,0.0,4.5,0.4,3.3,0.0,14.2
647,2019.04.11,6.5,6.4,5.4,0.0,4.5,0.4,10.5
648,2019.04.12,5.4,13.4,6.5,6.4,5.4,0.0,10.1
649,2019.04.13,5.4,0.2,5.4,13.4,6.5,6.4,14.4
650,2019.04.14,6.4,1.3,5.4,0.2,5.4,13.4,12.4
651,2019.04.15,6.4,0.0,6.4,1.3,5.4,0.2,12.8
652,2019.04.16,3.9,0.0,6.4,0.0,6.4,1.3,15.2
653,2019.04.17,3.0,0.0,3.9,0.0,6.4,0.0,18.4
654,2019.04.18,4.1,0.1,3.0,0.0,3.9,0.0,20.7
655,2019.04.19,4.0,0.0,4.1,0.1,3.0,0.0,19.6
656,2019.04.20,3.2,0.0,4.0,0.0,4.1,0.1,20.3
657,2019.04.21,3.6,0.0,3.2,0.0,4.0,0.0,19.1
658,2019.04.22,7.1,0.3,3.6,0.0,3.2,0.0,11.8
659,2019.04.23,7.4,4.8,7.1,0.3,3.6,0.0,21.4
660,2019.04.24,6.0,2.1,7.4,4.8,7.1,0.3,23.8
661,2019.04.25,6.3,0.0,6.0,2.1,7.4,4.8,25.9
662,2019.04.26,6.1,2.8,6.3,0.0,6.0,2.1,17.7
663,2019.04.27,6.7,4.3,6.1,2.8,6.3,0.0,15.8
664,2019.04.28,8.2,0.4,6.7,4.3,6.1,2.8,15.9
665,2019.04.29,5.2,0.9,8.2,0.4,6.7,4.3,16.8
666,2019.04.30,3.8,6.1,5.2,0.9,8.2,0.4,19.3
667,2019.05.01,6.4,0.0,3.8,6.1,5.2,0.9,21.1
668,2019.05.02,5.5,1.0,6.4,0.0,3.8,6.1,16.9
669,2019.05.03,5.9,0.6,5.5,1.0,6.4,0.0,17.4
670,2019.05.04,5.0,10.9,5.9,0.6,5.5,1.0,11.3
671,2019.05.05,5.8,27.1,5.0,10.9,5.9,0.6,11.7
672,2019.05.06,4.9,9.1,5.8,27.1,5.0,10.9,15.2
673,2019.05.07,6.3,0.0,4.9,9.1,5.8,27.1,17.8
674,2019.05.08,4.6,0.0,6.3,0.0,4.9,9.1,11.4
675,2019.05.09,5.0,17.0,4.6,0.0,6.3,0.0,19.3
676,2019.05.10,6.6,0.6,5.0,17.0,4.6,0.0,22.3
677,2019.05.11,3.6,0.8,6.6,0.6,5.0,17.0,22.3
678,2019.05.12,4.9,9.8,3.6,0.8,6.6,0.6,16.4
679,2019.05.13,6.3,1.2,4.9,9.8,3.6,0.8,10.5
680,2019.05.14,6.0,30.3,6.3,1.2,4.9,9.8,11.6
681,2019.05.15,3.0,9.3,6.0,30.3,6.3,1.2,17.0
682,2019.05.16,2.2,0.1,3.0,9.3,6.0,30.3,20.0
683,2019.05.17,2.6,0.0,2.2,0.1,3.0,9.3,23.4
684,2019.05.18,3.9,0.2,2.6,0.0,2.2,0.1,24.4
685,2019.05.19,4.7,3.5,3.9,0.2,2.6,0.0,22.4
686,2019.05.20,6.0,7.7,4.7,3.5,3.9,0.2,19.8
687,2019.05.21,5.4,5.7,6.0,7.7,4.7,3.5,17.6
688,2019.05.22,7.1,1.5,5.4,5.7,6.0,7.7,18.5
689,2019.05.23,7.7,0.0,7.1,1.5,5.4,5.7,20.5
690,2019.05.24,3.5,2.2,7.7,0.0,7.1,1.5,23.9
691,2019.05.25,2.9,0.0,3.5,2.2,7.7,0.0,25.6
692,2019.05.26,2.8,0.0,2.9,0.0,3.5,2.2,25.6
693,2019.05.27,4.2,7.8,2.8,0.0,2.9,0.0,23.6
694,2019.05.28,4.2,9.4,4.2,7.8,2.8,0.0,21.8
695,2019.05.29,3.3,5.8,4.2,9.4,4.2,7.8,16.7
696,2019.05.30,4.2,23.1,3.3,5.8,4.2,9.4,23.1
697,2019.05.31,3.3,1.4,4.2,23.1,3.3,5.8,25.2
698,2019.06.01,4.9,0.9,3.3,1.4,4.2,23.1,27.2
699,2019.06.02,3.6,0.0,4.9,0.9,3.3,1.4,28.1
700,2019.06.03,3.5,0.2,3.6,0.0,4.9,0.9,27.5
701,2019.06.04,3.3,0.0,3.5,0.2,3.6,0.0,27.7
702,2019.06.05,3.9,3.0,3.3,0.0,3.5,0.2,26.2
703,2019.06.06,4.8,4.6,3.9,3.0,3.3,0.0,27.7
704,2019.06.07,4.1,8.8,4.8,4.6,3.9,3.0,27.1
705,2019.06.08,6.0,0.0,4.1,8.8,4.8,4.6,28.1
706,2019.06.09,3.6,0.0,6.0,0.0,4.1,8.8,30.4
707,2019.06.10,4.2,0.0,3.6,0.0,6.0,0.0,30.9
708,2019.06.11,4.4,0.0,4.2,0.0,3.6,0.0,31.1
709,2019.06.12,5.4,0.0,4.4,0.0,4.2,0.0,33.3
710,2019.06.13,4.1,3.2,5.4,0.0,4.4,0.0,33.0
711,2019.06.14,3.7,0.0,4.1,3.2,5.4,0.0,33.8
712,2019.06.15,3.9,0.3,3.7,0.0,4.1,3.2,31.7
713,2019.06.16,4.7,7.1,3.9,0.3,3.7,0.0,29.4
714,2019.06.17,3.7,10.7,4.7,7.1,3.9,0.3,26.6
715,2019.06.18,4.3,3.0,3.7,10.7,4.7,7.1,29.7
716,2019.06.19,4.8,15.9,4.3,3.0,3.7,10.7,29.8
717,2019.06.20,2.5,6.9,4.8,15.9,4.3,3.0,29.2
718,2019.06.21,4.5,0.8,2.5,6.9,4.8,15.9,29.8
719,2019.06.22,3.3,2.4,4.5,0.8,2.5,6.9,26.8
720,2019.06.23,4.2,20.1,3.3,2.4,4.5,0.8,29.0
721,2019.06.24,5.7,0.8,4.2,20.1,3.3,2.4,31.3
722,2019.06.25,4.2,0.0,5.7,0.8,4.2,20.1,32.5
723,2019.06.26,3.2,0.0,4.2,0.0,5.7,0.8,32.5
724,2019.06.27,7.5,0.0,3.2,0.0,4.2,0.0,26.2
725,2019.06.28,4.0,0.0,7.5,0.0,3.2,0.0,28.2
726,2019.06.29,3.2,0.0,4.0,0.0,7.5,0.0,29.1
727,2019.06.30,4.3,0.0,3.2,0.0,4.0,0.0,32.2
728,2019.07.01,3.8,0.0,4.3,0.0,3.2,0.0,30.9
729,2019.07.02,6.3,0.0,3.8,0.0,4.3,0.0,27.1
730,2019.07.03,5.1,0.0,6.3,0.0,3.8,0.0,25.8
731,2019.07.04,4.2,0.0,5.1,0.0,6.3,0.0,28.4
732,2019.07.05,5.3,0.0,4.2,0.0,5.1,0.0,29.6
733,2019.07.06,5.7,0.0,5.3,0.0,4.2,0.0,24.3
734,2019.07.07,6.6,13.3,5.7,0.0,5.3,0.0,23.0
735,2019.07.08,4.7,0.0,6.6,13.3,5.7,0.0,22.5
736,2019.07.09,5.6,0.0,4.7,0.0,6.6,13.3,23.1
737,2019.07.10,5.7,0.0,5.6,0.0,4.7,0.0,23.9
738,2019.07.11,5.2,0.0,5.7,0.0,5.6,0.0,21.3
739,2019.07.12,3.5,0.0,5.2,0.0,5.7,0.0,22.4
740,2019.07.13,4.9,12.9,3.5,0.0,5.2,0.0,25.9
741,2019.07.14,4.9,0.6,4.9,12.9,3.5,0.0,23.8
742,2019.07.15,3.6,0.8,4.9,0.6,4.9,12.9,26.1
743,2019.07.16,4.5,0.0,3.6,0.8,4.9,0.6,24.6
744,2019.07.17,4.9,0.0,4.5,0.0,3.6,0.8,27.8
745,2019.07.18,3.8,1.0,4.9,0.0,4.5,0.0,28.5
746,2019.07.19,3.5,2.4,3.8,1.0,4.9,0.0,30.2
747,2019.07.20,4.3,0.0,3.5,2.4,3.8,1.0,32.0
748,2019.07.21,5.2,0.6,4.3,0.0,3.5,2.4,28.6
749,2019.07.22,5.7,0.0,5.2,0.6,4.3,0.0,27.8
750,2019.07.23,4.6,0.0,5.7,0.0,5.2,0.6,29.8
751,2019.07.24,3.4,0.0,4.6,0.0,5.7,0.0,30.1
752,2019.07.25,2.6,0.0,3.4,0.0,4.6,0.0,32.5
753,2019.07.26,3.1,0.1,2.6,0.0,3.4,0.0,30.2
754,2019.07.27,3.8,12.9,3.1,0.1,2.6,0.0,32.2
755,2019.07.28,5.0,5.4,3.8,12.9,3.1,0.1,29.3
756,2019.07.29,4.3,4.3,5.0,5.4,3.8,12.9,30.5
757,2019.07.30,5.5,0.0,4.3,4.3,5.0,5.4,28.7
758,2019.07.31,4.6,0.0,5.5,0.0,4.3,4.3,30.6
759,2019.08.01,4.4,0.9,4.6,0.0,5.5,0.0,27.9
760,2019.08.02,4.3,0.0,4.4,0.9,4.6,0.0,25.8
761,2019.08.03,5.6,37.4,4.3,0.0,4.4,0.9,26.9
762,2019.08.04,3.0,0.0,5.6,37.4,4.3,0.0,27.2
763,2019.08.05,4.2,0.5,3.0,0.0,5.6,37.4,31.2
764,2019.08.06,3.0,0.4,4.2,0.5,3.0,0.0,31.7
765,2019.08.07,6.0,1.5,3.0,0.4,4.2,0.5,28.8
766,2019.08.08,5.9,0.0,6.0,1.5,3.0,0.4,30.7
767,2019.08.09,4.1,0.1,5.9,0.0,6.0,1.5,33.4
768,2019.08.10,3.2,0.0,4.1,0.1,5.9,0.0,33.6
769,2019.08.11,4.7,0.0,3.2,0.0,4.1,0.1,36.2
770,2019.08.12,3.7,0.0,4.7,0.0,3.2,0.0,28.0
771,2019.08.13,7.2,3.7,3.7,0.0,4.7,0.0,23.0
772,2019.08.14,4.6,12.0,7.2,3.7,3.7,0.0,24.2
773,2019.08.15,2.5,0.0,4.6,12.0,7.2,3.7,25.4
774,2019.08.16,4.3,1.1,2.5,0.0,4.6,12.0,27.4
775,2019.08.17,3.1,0.0,4.3,1.1,2.5,0.0,29.7
776,2019.08.18,4.2,0.0,3.1,0.0,4.3,1.1,32.3
777,2019.08.19,3.3,0.0,4.2,0.0,3.1,0.0,33.6
778,2019.08.20,3.0,0.0,3.3,0.0,4.2,0.0,30.2
779,2019.08.21,5.5,0.5,3.0,0.0,3.3,0.0,27.7
780,2019.08.22,3.1,2.3,5.5,0.5,3.0,0.0,30.5
781,2019.08.23,2.2,0.0,3.1,2.3,5.5,0.5,32.1
782,2019.08.24,4.0,0.0,2.2,0.0,3.1,2.3,32.0
783,2019.08.25,3.3,1.5,4.0,0.0,2.2,0.0,31.5
784,2019.08.26,4.0,1.3,3.3,1.5,4.0,0.0,31.5
785,2019.08.27,3.9,0.9,4.0,1.3,3.3,1.5,33.4
786,2019.08.28,3.2,0.0,3.9,0.9,4.0,1.3,33.1
787,2019.08.29,2.9,0.0,3.2,0.0,3.9,0.9,34.7
788,2019.08.30,2.6,0.0,2.9,0.0,3.2,0.0,33.1
789,2019.08.31,3.9,0.1,2.6,0.0,2.9,0.0,32.3
790,2019.09.01,3.7,0.0,3.9,0.1,2.6,0.0,32.6
791,2019.09.02,4.7,0.0,3.7,0.0,3.9,0.1,21.9
792,2019.09.03,6.8,2.2,4.7,0.0,3.7,0.0,25.6
793,2019.09.04,1.9,0.0,6.8,2.2,4.7,0.0,26.5
794,2019.09.05,2.0,0.0,1.9,0.0,6.8,2.2,26.3
795,2019.09.06,4.0,0.0,2.0,0.0,1.9,0.0,20.5
796,2019.09.07,3.0,2.4,4.0,0.0,2.0,0.0,23.0
797,2019.09.08,2.6,5.3,3.0,2.4,4.0,0.0,21.8
798,2019.09.09,5.6,20.3,2.6,5.3,3.0,2.4,22.7
799,2019.09.10,3.2,0.0,5.6,20.3,2.6,5.3,26.1
800,2019.09.11,2.0,0.0,3.2,0.0,5.6,20.3,25.5
801,2019.09.12,5.4,0.0,2.0,0.0,3.2,0.0,25.4
802,2019.09.13,4.3,0.0,5.4,0.0,2.0,0.0,25.6
803,2019.09.14,4.4,0.0,4.3,0.0,5.4,0.0,23.8
804,2019.09.15,3.2,0.0,4.4,0.0,4.3,0.0,26.7
805,2019.09.16,3.5,0.0,3.2,0.0,4.4,0.0,22.0
806,2019.09.17,6.1,0.0,3.5,0.0,3.2,0.0,17.2
807,2019.09.18,8.4,0.0,6.1,0.0,3.5,0.0,17.1
808,2019.09.19,4.8,0.0,8.4,0.0,6.1,0.0,18.8
809,2019.09.20,3.5,0.0,4.8,0.0,8.4,0.0,19.5
810,2019.09.21,2.0,0.0,3.5,0.0,4.8,0.0,22.5
811,2019.09.22,4.2,0.0,2.0,0.0,3.5,0.0,17.7
812,2019.09.23,4.7,0.0,4.2,0.0,2.0,0.0,20.4
813,2019.09.24,2.1,0.0,4.7,0.0,4.2,0.0,20.2
814,2019.09.25,3.3,1.3,2.1,0.0,4.7,0.0,21.1
815,2019.09.26,5.2,1.9,3.3,1.3,2.1,0.0,23.0
816,2019.09.27,2.8,0.0,5.2,1.9,3.3,1.3,17.5
817,2019.09.28,3.6,0.7,2.8,0.0,5.2,1.9,22.6
818,2019.09.29,4.4,0.0,3.6,0.7,2.8,0.0,24.0
819,2019.09.30,10.7,0.0,4.4,0.0,3.6,0.7,22.7
820,2019.10.01,4.7,0.0,10.7,0.0,4.4,0.0,23.1
821,2019.10.02,5.5,2.5,4.7,0.0,10.7,0.0,15.2
822,2019.10.03,9.1,0.3,5.5,2.5,4.7,0.0,16.2
823,2019.10.04,3.5,0.0,9.1,0.3,5.5,2.5,13.1
824,2019.10.05,7.3,4.1,3.5,0.0,9.1,0.3,14.6
825,2019.10.06,7.1,0.3,7.3,4.1,3.5,0.0,12.1
826,2019.10.07,3.4,0.0,7.1,0.3,7.3,4.1,13.9
827,2019.10.08,4.3,0.0,3.4,0.0,7.1,0.3,19.2
828,2019.10.09,7.9,0.0,4.3,0.0,3.4,0.0,15.4
829,2019.10.10,6.8,2.2,7.9,0.0,4.3,0.0,17.3
830,2019.10.11,4.2,0.0,6.8,2.2,7.9,0.0,20.6
831,2019.10.12,3.1,0.0,4.2,0.0,6.8,2.2,20.6
832,2019.10.13,2.2,0.0,3.1,0.0,4.2,0.0,21.4
833,2019.10.14,3.2,0.0,2.2,0.0,3.1,0.0,22.7
834,2019.10.15,3.6,0.0,3.2,0.0,2.2,0.0,17.3
835,2019.10.16,3.1,0.0,3.6,0.0,3.2,0.0,21.5
836,2019.10.17,1.6,0.0,3.1,0.0,3.6,0.0,21.0
837,2019.10.18,3.1,0.0,1.6,0.0,3.1,0.0,21.6
838,2019.10.19,5.5,0.0,3.1,0.0,1.6,0.0,22.8
839,2019.10.20,5.1,0.0,5.5,0.0,3.1,0.0,23.6
840,2019.10.21,3.7,0.0,5.1,0.0,5.5,0.0,23.0
841,2019.10.22,1.5,0.0,3.7,0.0,5.1,0.0,23.3
842,2019.10.23,2.7,0.0,1.5,0.0,3.7,0.0,22.1
843,2019.10.24,2.8,0.0,2.7,0.0,1.5,0.0,21.9
844,2019.10.25,2.3,0.0,2.8,0.0,2.7,0.0,19.7
845,2019.10.26,1.7,0.0,2.3,0.0,2.8,0.0,20.4
846,2019.10.27,1.2,0.0,1.7,0.0,2.3,0.0,17.2
847,2019.10.28,4.0,0.0,1.2,0.0,1.7,0.0,11.4
848,2019.10.29,2.4,9.8,4.0,0.0,1.2,0.0,11.5
849,2019.10.30,3.1,0.0,2.4,9.8,4.0,0.0,10.1
850,2019.10.31,1.5,0.0,3.1,0.0,2.4,9.8,9.7
851,2019.11.01,3.5,0.0,1.5,0.0,3.1,0.0,11.1
852,2019.11.02,4.8,0.0,3.5,0.0,1.5,0.0,16.4
853,2019.11.03,6.6,0.4,4.8,0.0,3.5,0.0,15.7
854,2019.11.04,5.3,9.6,6.6,0.4,4.8,0.0,16.3
855,2019.11.05,6.6,12.3,5.3,9.6,6.6,0.4,12.7
856,2019.11.06,4.3,5.1,6.6,12.3,5.3,9.6,13.9
857,2019.11.07,2.2,8.2,4.3,5.1,6.6,12.3,13.5
858,2019.11.08,4.3,0.0,2.2,8.2,4.3,5.1,15.1
859,2019.11.09,3.1,0.0,4.3,0.0,2.2,8.2,10.1
860,2019.11.10,4.2,1.3,3.1,0.0,4.3,0.0,10.2
861,2019.11.11,6.1,0.0,4.2,1.3,3.1,0.0,10.2
862,2019.11.12,3.5,1.9,6.1,0.0,4.2,1.3,16.4
863,2019.11.13,7.7,14.9,3.5,1.9,6.1,0.0,11.4
864,2019.11.14,3.9,0.3,7.7,14.9,3.5,1.9,14.5
865,2019.11.15,3.8,0.0,3.9,0.3,7.7,14.9,16.3
866,2019.11.16,4.0,0.0,3.8,0.0,3.9,0.3,13.8
867,2019.11.17,4.6,0.0,4.0,0.0,3.8,0.0,14.1
868,2019.11.18,5.0,0.2,4.6,0.0,4.0,0.0,11.6
869,2019.11.19,3.5,0.0,5.0,0.2,4.6,0.0,10.9
870,2019.11.20,4.9,4.3,3.5,0.0,5.0,0.2,11.5
871,2019.11.21,4.0,5.3,4.9,4.3,3.5,0.0,11.8
872,2019.11.22,5.1,1.3,4.0,5.3,4.9,4.3,9.0
873,2019.11.23,5.3,0.0,5.1,1.3,4.0,5.3,9.8
874,2019.11.24,4.5,0.0,5.3,0.0,5.1,1.3,10.6
875,2019.11.25,1.8,0.0,4.5,0.0,5.3,0.0,10.2
876,2019.11.26,1.2,0.0,1.8,0.0,4.5,0.0,9.7
877,2019.11.27,5.0,2.6,1.2,0.0,1.8,0.0,10.3
878,2019.11.28,2.6,7.5,5.0,2.6,1.2,0.0,11.0
879,2019.11.29,3.8,0.0,2.6,7.5,5.0,2.6,5.5
880,2019.11.30,7.4,0.0,3.8,0.0,2.6,7.5,4.2
881,2019.12.01,4.7,0.0,7.4,0.0,3.8,0.0,1.8
882,2019.12.02,4.7,6.7,4.7,0.0,7.4,0.0,1.0
883,2019.12.03,4.1,0.0,4.7,6.7,4.7,0.0,-0.7
884,2019.12.04,2.0,0.0,4.1,0.0,4.7,6.7,-0.2
885,2019.12.05,2.4,0.0,2.0,0.0,4.1,0.0,0.2
886,2019.12.06,1.6,0.0,2.4,0.0,2.0,0.0,2.8
887,2019.12.07,2.6,0.0,1.6,0.0,2.4,0.0,6.3
888,2019.12.08,2.1,0.0,2.6,0.0,1.6,0.0,6.2
889,2019.12.09,3.3,3.3,2.1,0.0,2.6,0.0,5.7
890,2019.12.10,8.3,4.9,3.3,3.3,2.1,0.0,2.4
891,2019.12.11,2.6,0.0,8.3,4.9,3.3,3.3,3.5
892,2019.12.12,2.9,4.7,2.6,0.0,8.3,4.9,5.0
893,2019.12.13,4.5,5.0,2.9,4.7,2.6,0.0,4.7
894,2019.12.14,4.2,1.6,4.5,5.0,2.9,4.7,7.4
895,2019.12.15,3.4,0.0,4.2,1.6,4.5,5.0,9.2
896,2019.12.16,3.8,0.0,3.4,0.0,4.2,1.6,14.1
897,2019.12.17,6.7,0.0,3.8,0.0,3.4,0.0,12.0
898,2019.12.18,3.9,0.0,6.7,0.0,3.8,0.0,8.9
899,2019.12.19,2.3,0.0,3.9,0.0,6.7,0.0,10.1
900,2019.12.20,6.1,0.0,2.3,0.0,3.9,0.0,10.9
901,2019.12.21,6.3,4.5,6.1,0.0,2.3,0.0,9.3
902,2019.12.22,6.3,17.2,6.3,4.5,6.1,0.0,7.6
903,2019.12.23,9.9,4.9,6.3,17.2,6.3,4.5,7.8
904,2019.12.24,9.4,0.0,9.9,4.9,6.3,17.2,8.3
905,2019.12.25,6.2,3.1,9.4,0.0,9.9,4.9,6.4
906,2019.12.26,6.0,0.0,6.2,3.1,9.4,0.0,4.6
907,2019.12.27,4.9,0.0,6.0,0.0,6.2,3.1,3.0
908,2019.12.28,7.2,0.0,4.9,0.0,6.0,0.0,1.0
909,2019.12.29,3.2,0.0,7.2,0.0,4.9,0.0,1.1
910,2019.12.30,2.3,0.0,3.2,0.0,7.2,0.0,4.4
911,2019.12.31,5.1,0.0,2.3,0.0,3.2,0.0,3.0
912,2020.01.01,4.5,0.0,5.1,0.0,2.3,0.0,3.3
913,2020.01.02,1.6,0.0,4.5,0.0,5.1,0.0,2.4
914,2020.01.03,1.6,0.0,1.6,0.0,4.5,0.0,6.7
915,2020.01.04,7.4,0.0,1.6,0.0,1.6,0.0,3.5
916,2020.01.05,7.9,0.1,7.4,0.0,1.6,0.0,1.0
917,2020.01.06,1.7,0.0,7.9,0.1,7.4,0.0,1.7
918,2020.01.07,1.5,0.0,1.7,0.0,7.9,0.1,1.1
919,2020.01.08,1.2,0.0,1.5,0.0,1.7,0.0,1.3
920,2020.01.09,1.8,0.0,1.2,0.0,1.5,0.0,1.5
921,2020.01.10,2.6,0.0,1.8,0.0,1.2,0.0,6.5
922,2020.01.11,4.8,0.0,2.6,0.0,1.8,0.0,4.2
923,2020.01.12,1.4,0.0,4.8,0.0,2.6,0.0,2.7
924,2020.01.13,1.9,0.0,1.4,0.0,4.8,0.0,2.9
925,2020.01.14,2.1,0.0,1.9,0.0,1.4,0.0,3.1
926,2020.01.15,2.3,0.0,2.1,0.0,1.9,0.0,3.0
927,2020.01.16,1.4,0.0,2.3,0.0,2.1,0.0,2.5
928,2020.01.17,2.2,0.0,1.4,0.0,2.3,0.0,1.7
929,2020.01.18,2.3,0.0,2.2,0.0,1.4,0.0,2.8
930,2020.01.19,2.5,0.1,2.3,0.0,2.2,0.0,4.4
931,2020.01.20,2.6,0.0,2.5,0.1,2.3,0.0,3.6
932,2020.01.21,1.5,0.0,2.6,0.0,2.5,0.1,2.8
933,2020.01.22,4.7,0.0,1.5,0.0,2.6,0.0,3.4
934,2020.01.23,4.6,0.0,4.7,0.0,1.5,0.0,1.7
935,2020.01.24,1.9,0.0,4.6,0.0,4.7,0.0,1.6
936,2020.01.25,1.6,0.9,1.9,0.0,4.6,0.0,1.2
937,2020.01.26,1.9,0.4,1.6,0.9,1.9,0.0,5.7
938,2020.01.27,2.0,0.0,1.9,0.4,1.6,0.9,4.7
939,2020.01.28,3.6,6.8,2.0,0.0,1.9,0.4,5.3
940,2020.01.29,6.8,0.1,3.6,6.8,2.0,0.0,4.5
941,2020.01.30,6.7,0.4,6.8,0.1,3.6,6.8,11.0
942,2020.01.31,7.1,0.7,6.7,0.4,6.8,0.1,10.6
943,2020.02.01,3.3,0.0,7.1,0.7,6.7,0.4,12.8
944,2020.02.02,8.4,0.4,3.3,0.0,7.1,0.7,10.8
945,2020.02.03,7.6,5.0,8.4,0.4,3.3,0.0,7.4
946,2020.02.04,12.6,9.8,7.6,5.0,8.4,0.4,7.0
947,2020.02.05,11.2,0.0,12.6,9.8,7.6,5.0,4.3
948,2020.02.06,7.3,0.0,11.2,0.0,12.6,9.8,6.8
949,2020.02.07,5.3,0.0,7.3,0.0,11.2,0.0,4.1
950,2020.02.08,3.7,0.0,5.3,0.0,7.3,0.0,5.3
951,2020.02.09,2.9,0.0,3.7,0.0,5.3,0.0,12.0
952,2020.02.10,8.6,0.4,2.9,0.0,3.7,0.0,7.9
953,2020.02.11,11.0,2.1,8.6,0.4,2.9,0.0,6.4
954,2020.02.12,7.3,0.0,11.0,2.1,8.6,0.4,7.4
955,2020.02.13,6.3,1.0,7.3,0.0,11.0,2.1,8.0
956,2020.02.14,6.7,4.3,6.3,1.0,7.3,0.0,8.2
957,2020.02.15,3.4,0.0,6.7,4.3,6.3,1.0,9.1
958,2020.02.16,3.6,0.0,3.4,0.0,6.7,4.3,11.0
959,2020.02.17,2.6,0.0,3.6,0.0,3.4,0.0,10.8
960,2020.02.18,6.1,0.4,2.6,0.0,3.6,0.0,7.8
961,2020.02.19,6.0,0.2,6.1,0.4,2.6,0.0,6.8
962,2020.02.20,5.8,0.0,6.0,0.2,6.1,0.4,7.8
963,2020.02.21,8.8,0.4,5.8,0.0,6.0,0.2,8.6
964,2020.02.22,4.9,0.0,8.8,0.4,5.8,0.0,10.8
965,2020.02.23,8.5,0.4,4.9,0.0,8.8,0.4,12.3
966,2020.02.24,9.6,1.9,8.5,0.4,4.9,0.0,14.4
967,2020.02.25,5.5,1.9,9.6,1.9,8.5,0.4,8.9
968,2020.02.26,7.7,7.1,5.5,1.9,9.6,1.9,6.8
969,2020.02.27,7.8,0.0,7.7,7.1,5.5,1.9,7.1
970,2020.02.28,11.9,3.7,7.8,0.0,7.7,7.1,8.9
971,2020.02.29,6.6,0.0,11.9,3.7,7.8,0.0,9.6
972,2020.03.01,6.2,5.6,6.6,0.0,11.9,3.7,12.4
973,2020.03.02,6.6,12.9,6.2,5.6,6.6,0.0,10.5
974,2020.03.03,4.7,4.3,6.6,12.9,6.2,5.6,8.9
975,2020.03.04,6.4,0.0,4.7,4.3,6.6,12.9,9.8
976,2020.03.05,4.0,0.0,6.4,0.0,4.7,4.3,5.6
977,2020.03.06,4.8,11.8,4.0,0.0,6.4,0.0,9.3
978,2020.03.07,6.8,1.2,4.8,11.8,4.0,0.0,9.0
979,2020.03.08,4.5,0.0,6.8,1.2,4.8,11.8,10.0
980,2020.03.09,2.6,0.0,4.5,0.0,6.8,1.2,11.3
981,2020.03.10,4.6,0.0,2.6,0.0,4.5,0.0,14.6
982,2020.03.11,4.8,1.5,4.6,0.0,2.6,0.0,16.7
983,2020.03.12,5.3,0.0,4.8,1.5,4.6,0.0,13.1
984,2020.03.13,7.6,0.4,5.3,0.0,4.8,1.5,9.7
985,2020.03.14,5.8,0.0,7.6,0.4,5.3,0.0,8.9
986,2020.03.15,4.1,0.0,5.8,0.0,7.6,0.4,10.6
987,2020.03.16,6.1,0.0,4.1,0.0,5.8,0.0,13.1
988,2020.03.17,1.5,0.0,6.1,0.0,4.1,0.0,15.5
989,2020.03.18,1.7,0.0,1.5,0.0,6.1,0.0,17.2
990,2020.03.19,2.2,0.0,1.7,0.0,1.5,0.0,17.6
991,2020.03.20,2.8,0.0,2.2,0.0,1.7,0.0,15.4
992,2020.03.21,6.9,2.9,2.8,0.0,2.2,0.0,5.8
993,2020.03.22,4.8,1.0,6.9,2.9,2.8,0.0,3.7
994,2020.03.23,9.3,1.1,4.8,1.0,6.9,2.9,6.2
995,2020.03.24,7.7,0.0,9.3,1.1,4.8,1.0,5.0
996,2020.03.25,6.2,0.0,7.7,0.0,9.3,1.1,11.9
997,2020.03.26,5.4,0.0,6.2,0.0,7.7,0.0,14.4
998,2020.03.27,3.6,0.0,5.4,0.0,6.2,0.0,16.4
999,2020.03.28,2.7,0.0,3.6,0.0,5.4,0.0,15.8
1000,2020.03.29,5.7,0.0,2.7,0.0,3.6,0.0,8.1
1001,2020.03.30,4.2,1.4,5.7,0.0,2.7,0.0,8.3
1002,2020.03.31,2.8,0.0,4.2,1.4,5.7,0.0,10.0
1003,2020.04.01,1.9,0.0,2.8,0.0,4.2,1.4,11.1
1004,2020.04.02,2.8,0.0,1.9,0.0,2.8,0.0,13.8
1005,2020.04.03,4.1,0.0,2.8,0.0,1.9,0.0,15.0
1006,2020.04.04,3.8,0.0,4.1,0.0,2.8,0.0,15.9
1007,2020.04.05,4.6,0.0,3.8,0.0,4.1,0.0,15.6
1008,2020.04.06,3.8,0.0,4.6,0.0,3.8,0.0,17.0
1009,2020.04.07,1.9,0.0,3.8,0.0,4.6,0.0,19.2
1010,2020.04.08,1.4,0.0,1.9,0.0,3.8,0.0,20.5
1011,2020.04.09,3.9,0.0,1.4,0.0,1.9,0.0,18.8
1012,2020.04.10,4.7,0.0,3.9,0.0,1.4,0.0,18.9
1013,2020.04.11,2.5,0.0,4.7,0.0,3.9,0.0,17.9
1014,2020.04.12,3.4,0.0,2.5,0.0,4.7,0.0,21.1
1015,2020.04.13,6.1,0.3,3.4,0.0,2.5,0.0,10.9
1016,2020.04.14,6.9,0.2,6.1,0.3,3.4,0.0,13.6
1017,2020.04.15,5.0,0.0,6.9,0.2,6.1,0.3,19.5
1018,2020.04.16,4.1,0.0,5.0,0.0,6.9,0.2,21.4
1019,2020.04.17,5.4,0.0,4.1,0.0,5.0,0.0,20.5
1020,2020.04.18,3.0,1.0,5.4,0.0,4.1,0.0,17.0
1021,2020.04.19,5.1,11.4,3.0,1.0,5.4,0.0,15.4
1022,2020.04.20,5.5,0.0,5.1,11.4,3.0,1.0,16.2
1023,2020.04.21,6.0,0.0,5.5,0.0,5.1,11.4,17.2
1024,2020.04.22,4.1,0.0,6.0,0.0,5.5,0.0,18.5
1025,2020.04.23,2.8,0.0,4.1,0.0,6.0,0.0,18.9
1026,2020.04.24,4.7,0.0,2.8,0.0,4.1,0.0,18.4
1027,2020.04.25,8.5,0.4,4.7,0.0,2.8,0.0,18.3
1028,2020.04.26,3.2,0.0,8.5,0.4,4.7,0.0,18.8
1029,2020.04.27,3.9,0.0,3.2,0.0,8.5,0.4,22.2
1030,2020.04.28,5.3,2.5,3.9,0.0,3.2,0.0,18.4
1031,2020.04.29,5.6,3.1,5.3,2.5,3.9,0.0,21.0
1032,2020.04.30,6.3,0.5,5.6,3.1,5.3,2.5,19.1
1033,2020.05.01,4.8,1.1,6.3,0.5,5.6,3.1,19.4
1034,2020.05.02,6.0,0.0,4.8,1.1,6.3,0.5,17.8
1035,2020.05.03,7.9,0.0,6.0,0.0,4.8,1.1,19.5
1036,2020.05.04,4.1,0.1,7.9,0.0,6.0,0.0,17.5
1037,2020.05.05,7.4,4.8,4.1,0.1,7.9,0.0,15.6
1038,2020.05.06,8.5,0.0,7.4,4.8,4.1,0.1,16.3
1039,2020.05.07,8.0,0.0,8.5,0.0,7.4,4.8,21.8
1040,2020.05.08,2.6,0.0,8.0,0.0,8.5,0.0,23.1
1041,2020.05.09,3.4,0.0,2.6,0.0,8.0,0.0,24.0
1042,2020.05.10,4.2,0.0,3.4,0.0,2.6,0.0,24.6
1043,2020.05.11,8.3,0.0,4.2,0.0,3.4,0.0,15.5
1044,2020.05.12,7.9,0.0,8.3,0.0,4.2,0.0,11.2
1045,2020.05.13,3.5,1.0,7.9,0.0,8.3,0.0,22.4
1046,2020.05.14,4.7,0.6,3.5,1.0,7.9,0.0,19.4
1047,2020.05.15,7.6,4.1,4.7,0.6,3.5,1.0,19.9
1048,2020.05.16,3.1,0.0,7.6,4.1,4.7,0.6,20.9
1049,2020.05.17,3.5,6.3,3.1,0.0,7.6,4.1,24.3
1050,2020.05.18,2.4,0.0,3.5,6.3,3.1,0.0,25.1
1051,2020.05.19,4.0,0.1,2.4,0.0,3.5,6.3,19.7
1052,2020.05.20,3.7,9.7,4.0,0.1,2.4,0.0,20.0
1053,2020.05.21,4.9,0.0,3.7,9.7,4.0,0.1,19.1
1054,2020.05.22,4.1,0.0,4.9,0.0,3.7,9.7,16.8
1055,2020.05.23,3.1,1.5,4.1,0.0,4.9,0.0,19.9
1056,2020.05.24,9.9,2.7,3.1,1.5,4.1,0.0,17.9
1057,2020.05.25,7.1,0.2,9.9,2.7,3.1,1.5,20.4
1058,2020.05.26,4.8,2.0,7.1,0.2,9.9,2.7,21.8
1059,2020.05.27,3.9,1.2,4.8,2.0,7.1,0.2,20.9
1060,2020.05.28,6.1,0.3,3.9,1.2,4.8,2.0,20.4
1061,2020.05.29,4.8,1.2,6.1,0.3,3.9,1.2,19.7
1062,2020.05.30,3.9,5.1,4.8,1.2,6.1,0.3,13.4
1063,2020.05.31,8.3,0.0,3.9,5.1,4.8,1.2,22.4
1064,2020.06.01,4.3,1.5,8.3,0.0,3.9,5.1,19.9
1065,2020.06.02,4.8,0.2,4.3,1.5,8.3,0.0,21.8
1066,2020.06.03,3.9,1.3,4.8,0.2,4.3,1.5,24.5
1067,2020.06.04,7.9,1.3,3.9,1.3,4.8,0.2,23.3
1068,2020.06.05,7.6,9.1,7.9,1.3,3.9,1.3,25.9
1069,2020.06.06,3.4,1.9,7.6,9.1,7.9,1.3,27.0
1070,2020.06.07,4.5,12.1,3.4,1.9,7.6,9.1,23.6
1071,2020.06.08,4.2,3.1,4.5,12.1,3.4,1.9,26.1
1072,2020.06.09,2.1,1.6,4.2,3.1,4.5,12.1,25.1
1073,2020.06.10,3.3,8.2,2.1,1.6,4.2,3.1,25.3
1074,2020.06.11,3.0,2.4,3.3,8.2,2.1,1.6,26.5
1075,2020.06.12,2.2,0.4,3.0,2.4,3.3,8.2,30.2
1076,2020.06.13,2.3,1.2,2.2,0.4,3.0,2.4,28.3
1077,2020.06.14,3.2,17.6,2.3,1.2,2.2,0.4,23.6
1078,2020.06.15,3.3,19.0,3.2,17.6,2.3,1.2,21.3
1079,2020.06.16,4.1,19.3,3.3,19.0,3.2,17.6,23.1
1080,2020.06.17,3.8,9.9,4.1,19.3,3.3,19.0,22.5
1081,2020.06.18,5.5,10.2,3.8,9.9,4.1,19.3,24.0
1082,2020.06.19,7.9,0.0,5.5,10.2,3.8,9.9,20.3
1083,2020.06.20,7.6,0.0,7.9,0.0,5.5,10.2,21.2
1084,2020.06.21,6.8,2.8,7.6,0.0,7.9,0.0,22.8
1085,2020.06.22,5.8,0.8,6.8,2.8,7.6,0.0,26.2
1086,2020.06.23,4.4,0.0,5.8,0.8,6.8,2.8,25.1
1087,2020.06.24,3.7,0.0,4.4,0.0,5.8,0.8,27.5
1088,2020.06.25,3.3,0.0,3.7,0.0,4.4,0.0,29.7
1089,2020.06.26,6.2,3.6,3.3,0.0,3.7,0.0,30.4
1090,2020.06.27,4.4,2.3,6.2,3.6,3.3,0.0,33.0
1091,2020.06.28,3.5,0.0,4.4,2.3,6.2,3.6,32.0
1092,2020.06.29,9.6,2.3,3.5,0.0,4.4,2.3,27.6
1093,2020.06.30,4.8,0.0,9.6,2.3,3.5,0.0,30.5
1094,2020.07.01,4.1,0.0,4.8,0.0,9.6,2.3,31.8
1095,2020.07.02,3.1,3.9,4.1,0.0,4.8,0.0,25.2
1096,2020.07.03,7.0,6.4,3.1,3.9,4.1,0.0,28.1
1097,2020.07.04,3.5,1.2,7.0,6.4,3.1,3.9,29.3
1098,2020.07.05,4.1,0.0,3.5,1.2,7.0,6.4,29.8
1099,2020.07.06,7.6,0.0,4.1,0.0,3.5,1.2,23.1
1100,2020.07.07,9.1,1.3,7.6,0.0,4.1,0.0,26.5
1101,2020.07.08,3.5,0.0,9.1,1.3,7.6,0.0,26.7
1102,2020.07.09,3.7,0.0,3.5,0.0,9.1,1.3,31.8
1103,2020.07.10,4.8,0.0,3.7,0.0,3.5,0.0,31.2
1104,2020.07.11,6.3,3.5,4.8,0.0,3.7,0.0,22.6
1105,2020.07.12,5.2,4.0,6.3,3.5,4.8,0.0,23.8
1106,2020.07.13,3.2,0.3,5.2,4.0,6.3,3.5,24.6
1107,2020.07.14,2.2,0.0,3.2,0.3,5.2,4.0,26.0
1108,2020.07.15,3.4,0.0,2.2,0.0,3.2,0.3,24.6
1109,2020.07.16,5.0,0.0,3.4,0.0,2.2,0.0,23.1
1110,2020.07.17,4.7,0.8,5.0,0.0,3.4,0.0,21.2
1111,2020.07.18,2.6,2.1,4.7,0.8,5.0,0.0,27.4
1112,2020.07.19,2.2,3.2,2.6,2.1,4.7,0.8,28.9
1113,2020.07.20,4.1,0.0,2.2,3.2,2.6,2.1,30.2
1114,2020.07.21,3.8,0.4,4.1,0.0,2.2,3.2,28.2
1115,2020.07.22,3.9,2.8,3.8,0.4,4.1,0.0,29.5
1116,2020.07.23,3.8,0.0,3.9,2.8,3.8,0.4,29.8
1117,2020.07.24,4.8,7.3,3.8,0.0,3.9,2.8,27.3
1118,2020.07.25,4.1,5.7,4.8,7.3,3.8,0.0,29.2
1119,2020.07.26,4.1,0.0,4.1,5.7,4.8,7.3,29.7
1120,2020.07.27,4.2,0.0,4.1,0.0,4.1,5.7,32.9
1121,2020.07.28,4.4,0.0,4.2,0.0,4.1,0.0,30.5
1122,2020.07.29,5.0,0.0,4.4,0.0,4.2,0.0,32.8
1123,2020.07.30,3.2,0.0,5.0,0.0,4.4,0.0,31.4
1124,2020.07.31,4.6,0.0,3.2,0.0,5.0,0.0,28.8
1125,2020.08.01,3.9,0.0,4.6,0.0,3.2,0.0,29.8
1126,2020.08.02,4.3,0.0,3.9,0.0,4.6,0.0,31.5
1127,2020.08.03,5.2,0.5,4.3,0.0,3.9,0.0,29.6
1128,2020.08.04,5.4,4.3,5.2,0.5,4.3,0.0,25.0
1129,2020.08.05,3.1,3.4,5.4,4.3,5.2,0.5,29.7
1130,2020.08.06,4.7,1.3,3.1,3.4,5.4,4.3,31.5
1131,2020.08.07,5.8,0.0,4.7,1.3,3.1,3.4,32.9
1132,2020.08.08,3.8,0.0,5.8,0.0,4.7,1.3,33.0
1133,2020.08.09,3.1,0.0,3.8,0.0,5.8,0.0,33.0
1134,2020.08.10,2.8,1.5,3.1,0.0,3.8,0.0,33.1
1135,2020.08.11,3.8,1.4,2.8,1.5,3.1,0.0,32.1
1136,2020.08.12,4.0,0.0,3.8,1.4,2.8,1.5,31.3
1137,2020.08.13,3.2,0.0,4.0,0.0,3.8,1.4,31.0
1138,2020.08.14,3.3,0.0,3.2,0.0,4.0,0.0,28.9
1139,2020.08.15,2.6,1.1,3.3,0.0,3.2,0.0,26.0
1140,2020.08.16,3.4,25.9,2.6,1.1,3.3,0.0,30.9
1141,2020.08.17,3.9,4.4,3.4,25.9,2.6,1.1,27.4
1142,2020.08.18,4.3,6.6,3.9,4.4,3.4,25.9,27.8
1143,2020.08.19,4.5,1.1,4.3,6.6,3.9,4.4,30.1
1144,2020.08.20,3.6,0.0,4.5,1.1,4.3,6.6,31.6
1145,2020.08.21,2.7,0.0,3.6,0.0,4.5,1.1,32.9
1146,2020.08.22,2.1,0.0,2.7,0.0,3.6,0.0,28.7
1147,2020.08.23,4.9,3.7,2.1,0.0,2.7,0.0,28.9
1148,2020.08.24,4.0,0.0,4.9,3.7,2.1,0.0,26.7
1149,2020.08.25,4.6,0.0,4.0,0.0,4.9,3.7,30.3
1150,2020.08.26,5.6,0.0,4.6,0.0,4.0,0.0,26.1
1151,2020.08.27,7.7,0.0,5.6,0.0,4.6,0.0,29.1
1152,2020.08.28,4.8,0.0,7.7,0.0,5.6,0.0,32.7
1153,2020.08.29,6.7,0.0,4.8,0.0,7.7,0.0,34.3
1154,2020.08.30,7.6,0.0,6.7,0.0,4.8,0.0,26.2
1155,2020.08.31,7.0,0.2,7.6,0.0,6.7,0.0,19.7
1156,2020.09.01,5.5,16.7,7.0,0.2,7.6,0.0,24.0
1157,2020.09.02,5.3,0.0,5.5,16.7,7.0,0.2,25.1
1158,2020.09.03,4.1,0.0,5.3,0.0,5.5,16.7,25.9
1159,2020.09.04,3.0,0.0,4.1,0.0,5.3,0.0,28.9
1160,2020.09.05,2.4,0.0,3.0,0.0,4.1,0.0,30.1
1161,2020.09.06,2.3,0.0,2.4,0.0,3.0,0.0,26.5
1162,2020.09.07,4.9,0.2,2.3,0.0,2.4,0.0,25.9
1163,2020.09.08,2.8,0.0,4.9,0.2,2.3,0.0,28.0
1164,2020.09.09,2.1,0.0,2.8,0.0,4.9,0.2,27.7
1165,2020.09.10,3.0,0.0,2.1,0.0,2.8,0.0,27.5
1166,2020.09.11,2.8,0.0,3.0,0.0,2.1,0.0,29.6
1167,2020.09.12,3.0,0.0,2.8,0.0,3.0,0.0,30.2
1168,2020.09.13,2.7,0.0,3.0,0.0,2.8,0.0,30.5
1169,2020.09.14,3.9,0.0,2.7,0.0,3.0,0.0,30.7
1170,2020.09.15,3.9,0.0,3.9,0.0,2.7,0.0,30.5
1171,2020.09.16,2.7,0.0,3.9,0.0,3.9,0.0,30.5
1172,2020.09.17,3.9,0.8,2.7,0.0,3.9,0.0,23.5
1173,2020.09.18,3.6,0.0,3.9,0.8,2.7,0.0,23.1
1174,2020.09.19,2.6,0.0,3.6,0.0,3.9,0.8,25.7
1175,2020.09.20,4.0,0.0,2.6,0.0,3.6,0.0,26.8
1176,2020.09.21,4.1,0.0,4.0,0.0,2.6,0.0,28.1
1177,2020.09.22,4.7,0.0,4.1,0.0,4.0,0.0,26.4
1178,2020.09.23,2.5,1.8,4.7,0.0,4.1,0.0,24.9
1179,2020.09.24,2.0,1.0,2.5,1.8,4.7,0.0,21.6
1180,2020.09.25,5.6,9.2,2.0,1.0,2.5,1.8,18.3
1181,2020.09.26,7.6,10.4,5.6,9.2,2.0,1.0,16.9
1182,2020.09.27,6.0,0.0,7.6,10.4,5.6,9.2,19.6
1183,2020.09.28,6.0,8.5,6.0,0.0,7.6,10.4,17.0
1184,2020.09.29,6.0,0.2,6.0,8.5,6.0,0.0,16.0
1185,2020.09.30,6.9,0.2,6.0,0.2,6.0,8.5,15.8
1186,2020.10.01,5.2,6.0,6.9,0.2,6.0,0.2,21.6
1187,2020.10.02,4.3,0.2,5.2,6.0,6.9,0.2,27.0
1188,2020.10.03,6.9,0.0,4.3,0.2,5.2,6.0,22.4
1189,2020.10.04,6.4,6.0,6.9,0.0,4.3,0.2,22.8
1190,2020.10.05,5.7,0.0,6.4,6.0,6.9,0.0,21.9
1191,2020.10.06,4.3,0.0,5.7,0.0,6.4,6.0,15.9
1192,2020.10.07,6.8,2.5,4.3,0.0,5.7,0.0,18.1
1193,2020.10.08,6.6,0.0,6.8,2.5,4.3,0.0,18.8
1194,2020.10.09,2.5,0.0,6.6,0.0,6.8,2.5,20.6
1195,2020.10.10,2.3,0.0,2.5,0.0,6.6,0.0,14.7
1196,2020.10.11,3.7,1.5,2.3,0.0,2.5,0.0,13.5
1197,2020.10.12,4.9,30.1,3.7,1.5,2.3,0.0,10.1
1198,2020.10.13,7.9,32.5,4.9,30.1,3.7,1.5,13.1
1199,2020.10.14,8.9,8.8,7.9,32.5,4.9,30.1,12.6
1200,2020.10.15,4.2,10.4,8.9,8.8,7.9,32.5,12.8
1201,2020.10.16,3.8,0.9,4.2,10.4,8.9,8.8,10.6
1202,2020.10.17,5.5,0.0,3.8,0.9,4.2,10.4,12.3
1203,2020.10.18,6.0,0.0,5.5,0.0,3.8,0.9,14.1
1204,2020.10.19,2.8,0.0,6.0,0.0,5.5,0.0,14.8
1205,2020.10.20,4.0,0.0,2.8,0.0,6.0,0.0,16.6
1206,2020.10.21,4.2,0.0,4.0,0.0,2.8,0.0,15.7
1207,2020.10.22,3.2,0.0,4.2,0.0,4.0,0.0,16.4
1208,2020.10.23,1.8,0.0,3.2,0.0,4.2,0.0,17.9
1209,2020.10.24,5.6,0.0,1.8,0.0,3.2,0.0,13.3
1210,2020.10.25,2.3,4.5,5.6,0.0,1.8,0.0,19.0
1211,2020.10.26,6.6,0.0,2.3,4.5,5.6,0.0,18.1
1212,2020.10.27,3.0,0.0,6.6,0.0,2.3,4.5,17.6
1213,2020.10.28,2.1,0.0,3.0,0.0,6.6,0.0,16.4
1214,2020.10.29,5.7,0.4,2.1,0.0,3.0,0.0,12.6
1215,2020.10.30,5.5,2.0,5.7,0.4,2.1,0.0,17.0
1216,2020.10.31,6.9,0.9,5.5,2.0,5.7,0.4,13.4
1217,2020.11.01,2.3,0.6,6.9,0.9,5.5,2.0,13.6
1218,2020.11.02,1.8,1.5,2.3,0.6,6.9,0.9,17.5
1219,2020.11.03,1.5,0.0,1.8,1.5,2.3,0.6,13.8
1220,2020.11.04,0.9,3.7,1.5,0.0,1.8,1.5,12.5
1221,2020.11.05,3.7,8.7,0.9,3.7,1.5,0.0,12.7
1222,2020.11.06,1.6,0.0,3.7,8.7,0.9,3.7,13.1
1223,2020.11.07,1.5,0.0,1.6,0.0,3.7,8.7,12.8
1224,2020.11.08,1.4,0.0,1.5,0.0,1.6,0.0,13.0
1225,2020.11.09,0.8,0.0,1.4,0.0,1.5,0.0,12.8
1226,2020.11.10,1.3,0.0,0.8,0.0,1.4,0.0,11.1
1227,2020.11.11,1.3,0.0,1.3,0.0,0.8,0.0,9.4
1228,2020.11.12,3.0,0.0,1.3,0.0,1.3,0.0,11.3
1229,2020.11.13,1.1,0.0,3.0,0.0,1.3,0.0,11.0
1230,2020.11.14,1.7,0.0,1.1,0.0,3.0,0.0,11.1
1231,2020.11.15,2.7,0.0,1.7,0.0,1.1,0.0,9.1
1232,2020.11.16,3.3,0.3,2.7,0.0,1.7,0.0,11.5
1233,2020.11.17,2.0,0.0,3.3,0.3,2.7,0.0,11.4
1234,2020.11.18,1.6,0.0,2.0,0.0,3.3,0.3,10.7
1235,2020.11.19,2.5,1.1,1.6,0.0,2.0,0.0,8.8
1236,2020.11.20,5.9,0.0,2.5,1.1,1.6,0.0,6.6
1237,2020.11.21,3.1,0.0,5.9,0.0,2.5,1.1,5.7
1238,2020.11.22,2.3,0.0,3.1,0.0,5.9,0.0,6.3
1239,2020.11.23,2.2,0.0,2.3,0.0,3.1,0.0,6.6
1240,2020.11.24,2.2,0.0,2.2,0.0,2.3,0.0,5.9
1241,2020.11.25,2.1,0.0,2.2,0.0,2.2,0.0,5.8
1242,2020.11.26,1.3,0.0,2.1,0.0,2.2,0.0,5.5
1243,2020.11.27,0.7,0.0,1.3,0.0,2.1,0.0,3.4
1244,2020.11.28,1.8,0.0,0.7,0.0,1.3,0.0,3.1
1245,2020.11.29,1.4,0.0,1.8,0.0,0.7,0.0,2.8
1246,2020.11.30,1.5,0.0,1.4,0.0,1.8,0.0,2.1
1247,2020.12.01,2.9,0.0,1.5,0.0,1.4,0.0,2.6
1248,2020.12.02,2.8,0.0,2.9,0.0,1.5,0.0,2.8
1249,2020.12.03,5.7,1.3,2.8,0.0,2.9,0.0,7.2
1250,2020.12.04,4.8,0.0,5.7,1.3,2.8,0.0,10.2
1251,2020.12.05,3.6,0.0,4.8,0.0,5.7,1.3,12.2
1252,2020.12.06,6.6,0.0,3.6,0.0,4.8,0.0,8.9
1253,2020.12.07,6.8,10.6,6.6,0.0,3.6,0.0,7.7
1254,2020.12.08,5.6,0.0,6.8,10.6,6.6,0.0,6.1
1255,2020.12.09,5.2,3.7,5.6,0.0,6.8,10.6,6.2
1256,2020.12.10,4.2,7.8,5.2,3.7,5.6,0.0,6.5
1257,2020.12.11,2.1,0.0,4.2,7.8,5.2,3.7,5.5
1258,2020.12.12,3.0,0.0,2.1,0.0,4.2,7.8,6.3
1259,2020.12.13,3.1,0.0,3.0,0.0,2.1,0.0,5.8
1260,2020.12.14,2.2,0.0,3.1,0.0,3.0,0.0,5.1
1261,2020.12.15,2.5,0.0,2.2,0.0,3.1,0.0,4.1
1262,2020.12.16,1.4,0.0,2.5,0.0,2.2,0.0,5.0
1263,2020.12.17,1.3,0.0,1.4,0.0,2.5,0.0,5.5
1264,2020.12.18,1.0,0.0,1.3,0.0,1.4,0.0,5.0
1265,2020.12.19,2.1,0.0,1.0,0.0,1.3,0.0,4.6
1266,2020.12.20,2.2,0.0,2.1,0.0,1.0,0.0,4.4
1267,2020.12.21,2.2,0.0,2.2,0.0,2.1,0.0,4.7
1268,2020.12.22,2.1,2.6,2.2,0.0,2.2,0.0,8.9
1269,2020.12.23,2.4,0.7,2.1,2.6,2.2,0.0,9.7
1270,2020.12.24,6.0,1.1,2.4,0.7,2.1,2.6,6.8
1271,2020.12.25,6.1,0.0,6.0,1.1,2.4,0.7,4.0
1272,2020.12.26,4.1,0.0,6.1,0.0,6.0,1.1,3.6
1273,2020.12.27,4.3,0.1,4.1,0.0,6.1,0.0,8.8
1274,2020.12.28,9.2,4.4,4.3,0.1,4.1,0.0,9.6
1275,2020.12.29,9.7,1.6,9.2,4.4,4.3,0.1,6.9
1276,2020.12.30,4.0,3.3,9.7,1.6,9.2,4.4,6.3
1277,2020.12.31,2.6,0.0,4.0,3.3,9.7,1.6,4.4
1278,2021.01.01,2.5,0.0,2.6,0.0,4.0,3.3,5.9
1279,2021.01.02,3.8,0.0,2.5,0.0,2.6,0.0,5.6
1280,2021.01.03,4.6,0.9,3.8,0.0,2.5,0.0,6.2
1281,2021.01.04,2.8,0.2,4.6,0.9,3.8,0.0,7.5
1282,2021.01.05,4.2,0.0,2.8,0.2,4.6,0.9,5.1
1283,2021.01.06,3.6,2.1,4.2,0.0,2.8,0.2,4.6
1284,2021.01.07,5.3,1.5,3.6,2.1,4.2,0.0,3.6
1285,2021.01.08,2.4,1.0,5.3,1.5,3.6,2.1,2.6
1286,2021.01.09,2.8,0.0,2.4,1.0,5.3,1.5,1.8
1287,2021.01.10,2.7,0.0,2.8,0.0,2.4,1.0,2.4
1288,2021.01.11,2.8,0.0,2.7,0.0,2.8,0.0,1.7
1289,2021.01.12,2.6,0.0,2.8,0.0,2.7,0.0,1.9
1290,2021.01.13,6.4,1.2,2.6,0.0,2.8,0.0,0.4
1291,2021.01.14,7.4,1.7,6.4,1.2,2.6,0.0,0.0
1292,2021.01.15,5.1,0.0,7.4,1.7,6.4,1.2,-0.8
1293,2021.01.16,5.9,0.0,5.1,0.0,7.4,1.7,-1.5
1294,2021.01.17,5.2,0.0,5.9,0.0,5.1,0.0,-2.7
1295,2021.01.18,2.6,0.0,5.2,0.0,5.9,0.0,2.5
1296,2021.01.19,3.4,0.0,2.6,0.0,5.2,0.0,6.2
1297,2021.01.20,4.7,0.4,3.4,0.0,2.6,0.0,9.6
1298,2021.01.21,5.3,0.0,4.7,0.4,3.4,0.0,9.7
1299,2021.01.22,6.3,0.5,5.3,0.0,4.7,0.4,10.4
1300,2021.01.23,5.6,7.0,6.3,0.5,5.3,0.0,5.7
1301,2021.01.24,7.1,1.3,5.6,7.0,6.3,0.5,3.2
1302,2021.01.25,7.8,2.1,7.1,1.3,5.6,7.0,3.1
1303,2021.01.26,6.0,0.0,7.8,2.1,7.1,1.3,3.0
1304,2021.01.27,6.0,0.0,6.0,0.0,7.8,2.1,2.3
1305,2021.01.28,3.8,0.0,6.0,0.0,6.0,0.0,5.7
1306,2021.01.29,4.0,2.5,3.8,0.0,6.0,0.0,9.6
1307,2021.01.30,6.7,0.0,4.0,2.5,3.8,0.0,2.8
1308,2021.01.31,5.1,0.9,6.7,0.0,4.0,2.5,4.6
1309,2021.02.01,2.4,0.0,5.1,0.9,6.7,0.0,6.2
1310,2021.02.02,2.1,0.0,2.4,0.0,5.1,0.9,10.0
1311,2021.02.03,4.6,0.5,2.1,0.0,2.4,0.0,11.6
1312,2021.02.04,8.3,0.1,4.6,0.5,2.1,0.0,6.2
1313,2021.02.05,2.7,1.8,8.3,0.1,4.6,0.5,7.1
1314,2021.02.06,4.0,0.5,2.7,1.8,8.3,0.1,9.0
1315,2021.02.07,4.1,4.5,4.0,0.5,2.7,1.8,6.6
1316,2021.02.08,6.1,3.5,4.1,4.5,4.0,0.5,3.4
1317,2021.02.09,3.1,13.4,6.1,3.5,4.1,4.5,6.6
1318,2021.02.10,2.6,10.7,3.1,13.4,6.1,3.5,3.0
1319,2021.02.11,11.3,0.8,2.6,10.7,3.1,13.4,-3.4
1320,2021.02.12,6.3,0.0,11.3,0.8,2.6,10.7,-2.6
1321,2021.02.13,3.6,0.0,6.3,0.0,11.3,0.8,0.9
1322,2021.02.14,3.4,0.0,3.6,0.0,6.3,0.0,0.6
1323,2021.02.15,4.4,0.0,3.4,0.0,3.6,0.0,1.4
1324,2021.02.16,2.1,0.0,4.4,0.0,3.4,0.0,3.2
1325,2021.02.17,5.1,0.2,2.1,0.0,4.4,0.0,7.1
1326,2021.02.18,4.4,0.0,5.1,0.2,2.1,0.0,3.5
1327,2021.02.19,2.6,0.0,4.4,0.0,5.1,0.2,6.4
1328,2021.02.20,2.3,0.0,2.6,0.0,4.4,0.0,8.1
1329,2021.02.21,3.8,0.0,2.3,0.0,2.6,0.0,10.8
1330,2021.02.22,3.0,0.0,3.8,0.0,2.3,0.0,10.7
1331,2021.02.23,2.1,0.0,3.0,0.0,3.8,0.0,13.7
1332,2021.02.24,1.0,0.0,2.1,0.0,3.0,0.0,15.0
1333,2021.02.25,1.6,0.0,1.0,0.0,2.1,0.0,15.3
1334,2021.02.26,1.8,0.0,1.6,0.0,1.0,0.0,10.3
1335,2021.02.27,7.8,0.0,1.8,0.0,1.6,0.0,8.6
1336,2021.02.28,2.4,0.0,7.8,0.0,1.8,0.0,10.7
1337,2021.03.01,2.2,0.0,2.4,0.0,7.8,0.0,11.6
1338,2021.03.02,2.6,0.0,2.2,0.0,2.4,0.0,13.5
1339,2021.03.03,2.3,0.0,2.6,0.0,2.2,0.0,14.4
1340,2021.03.04,2.5,0.0,2.3,0.0,2.6,0.0,10.0
1341,2021.03.05,5.1,0.2,2.5,0.0,2.3,0.0,6.3
1342,2021.03.06,3.0,0.4,5.1,0.2,2.5,0.0,7.8
1343,2021.03.07,3.7,0.0,3.0,0.4,5.1,0.2,8.0
1344,2021.03.08,5.4,0.0,3.7,0.0,3.0,0.4,6.2
1345,2021.03.09,3.7,0.0,5.4,0.0,3.7,0.0,7.3
1346,2021.03.10,3.1,0.0,3.7,0.0,5.4,0.0,8.9
1347,2021.03.11,5.7,0.0,3.1,0.0,3.7,0.0,10.9
1348,2021.03.12,6.0,1.3,5.7,0.0,3.1,0.0,13.1
1349,2021.03.13,5.3,0.0,6.0,1.3,5.7,0.0,10.6
1350,2021.03.14,5.8,0.9,5.3,0.0,6.0,1.3,9.6
1351,2021.03.15,6.0,0.0,5.8,0.9,5.3,0.0,9.4
1352,2021.03.16,6.6,0.0,6.0,0.0,5.8,0.9,10.0
1353,2021.03.17,5.7,0.0,6.6,0.0,6.0,0.0,8.4
1354,2021.03.18,3.4,0.0,5.7,0.0,6.6,0.0,7.5
1355,2021.03.19,2.9,2.7,3.4,0.0,5.7,0.0,6.5
1356,2021.03.20,3.5,0.0,2.9,2.7,3.4,0.0,5.8
1357,2021.03.21,4.2,0.0,3.5,0.0,2.9,2.7,6.8
1358,2021.03.22,5.2,0.1,4.2,0.0,3.5,0.0,10.5
1359,2021.03.23,4.3,0.0,5.2,0.1,4.2,0.0,8.1
1360,2021.03.24,3.7,0.5,4.3,0.0,5.2,0.1,11.1
1361,2021.03.25,2.1,0.0,3.7,0.5,4.3,0.0,14.5
1362,2021.03.26,2.6,0.0,2.1,0.0,3.7,0.5,16.1
1363,2021.03.27,7.6,0.0,2.6,0.0,2.1,0.0,11.8
1364,2021.03.28,5.4,0.0,7.6,0.0,2.6,0.0,15.1
1365,2021.03.29,4.1,0.0,5.4,0.0,7.6,0.0,13.9
1366,2021.03.30,1.6,0.0,4.1,0.0,5.4,0.0,18.6
1367,2021.03.31,2.2,0.0,1.6,0.0,4.1,0.0,20.2
1368,2021.04.01,3.6,9.2,2.2,0.0,1.6,0.0,15.1
1369,2021.04.02,7.5,0.4,3.6,9.2,2.2,0.0,11.9
1370,2021.04.03,7.4,4.5,7.5,0.4,3.6,9.2,11.7
1371,2021.04.04,3.3,0.2,7.4,4.5,7.5,0.4,14.1
1372,2021.04.05,6.4,0.0,3.3,0.2,7.4,4.5,6.9
1373,2021.04.06,7.0,3.3,6.4,0.0,3.3,0.2,7.2
1374,2021.04.07,7.6,0.3,7.0,3.3,6.4,0.0,7.6
1375,2021.04.08,7.2,1.4,7.6,0.3,7.0,3.3,13.5
1376,2021.04.09,5.8,0.0,7.2,1.4,7.6,0.3,15.7
1377,2021.04.10,6.2,0.0,5.8,0.0,7.2,1.4,16.6
1378,2021.04.11,5.5,0.0,6.2,0.0,5.8,0.0,19.3
1379,2021.04.12,5.8,0.6,5.5,0.0,6.2,0.0,6.1
1380,2021.04.13,4.5,20.8,5.8,0.6,5.5,0.0,6.3
1381,2021.04.14,4.0,6.9,4.5,20.8,5.8,0.6,9.5
1382,2021.04.15,6.4,0.0,4.0,6.9,4.5,20.8,8.0
1383,2021.04.16,4.5,0.0,6.4,0.0,4.0,6.9,12.6
1384,2021.04.17,3.1,0.0,4.5,0.0,6.4,0.0,10.5
1385,2021.04.18,2.4,2.9,3.1,0.0,4.5,0.0,11.4
1386,2021.04.19,2.8,4.9,2.4,2.9,3.1,0.0,13.7
1387,2021.04.20,3.0,0.0,2.8,4.9,2.4,2.9,17.5
1388,2021.04.21,4.6,0.1,3.0,0.0,2.8,4.9,17.1
1389,2021.04.22,7.1,2.6,4.6,0.1,3.0,0.0,13.9
1390,2021.04.23,5.7,0.0,7.1,2.6,4.6,0.1,15.7
1391,2021.04.24,3.4,0.0,5.7,0.0,7.1,2.6,15.3
1392,2021.04.25,5.5,0.5,3.4,0.0,5.7,0.0,14.1
1393,2021.04.26,3.1,0.0,5.5,0.5,3.4,0.0,12.6
1394,2021.04.27,5.0,0.2,3.1,0.0,5.5,0.5,13.9
1395,2021.04.28,3.5,0.0,5.0,0.2,3.1,0.0,18.7
1396,2021.04.29,4.2,2.2,3.5,0.0,5.0,0.2,18.9
1397,2021.04.30,3.4,0.3,4.2,2.2,3.5,0.0,23.0
1398,2021.05.01,5.1,1.5,3.4,0.3,4.2,2.2,18.6
1399,2021.05.02,7.5,13.3,5.1,1.5,3.4,0.3,15.0
1400,2021.05.03,5.1,0.0,7.5,13.3,5.1,1.5,18.6
1401,2021.05.04,5.5,0.0,5.1,0.0,7.5,13.3,19.3
1402,2021.05.05,6.9,0.3,5.5,0.0,5.1,0.0,14.6
1403,2021.05.06,3.5,0.2,6.9,0.3,5.5,0.0,14.4
1404,2021.05.07,4.0,9.4,3.5,0.2,6.9,0.3,15.3
1405,2021.05.08,3.9,0.0,4.0,9.4,3.5,0.2,19.3
1406,2021.05.09,5.3,0.0,3.9,0.0,4.0,9.4,24.3
1407,2021.05.10,5.9,0.0,5.3,0.0,3.9,0.0,25.0
1408,2021.05.11,5.4,0.0,5.9,0.0,5.3,0.0,22.8
1409,2021.05.12,4.5,0.2,5.4,0.0,5.9,0.0,14.2
1410,2021.05.13,5.3,0.1,4.5,0.2,5.4,0.0,17.6
1411,2021.05.14,5.7,0.6,5.3,0.1,4.5,0.2,19.3
1412,2021.05.15,2.7,1.9,5.7,0.6,5.3,0.1,17.5
1413,2021.05.16,5.4,1.6,2.7,1.9,5.7,0.6,13.8
1414,2021.05.17,6.8,13.2,5.4,1.6,2.7,1.9,17.9
1415,2021.05.18,7.3,0.0,6.8,13.2,5.4,1.6,13.8
1416,2021.05.19,3.8,3.7,7.3,0.0,6.8,13.2,12.0
1417,2021.05.20,7.2,20.9,3.8,3.7,7.3,0.0,20.2
1418,2021.05.21,4.9,0.0,7.2,20.9,3.8,3.7,15.0
1419,2021.05.22,5.0,0.5,4.9,0.0,7.2,20.9,12.5
1420,2021.05.23,2.7,5.7,5.0,0.5,4.9,0.0,19.7
1421,2021.05.24,5.7,0.7,2.7,5.7,5.0,0.5,15.6
1422,2021.05.25,6.8,1.5,5.7,0.7,2.7,5.7,20.6
1423,2021.05.26,2.5,0.0,6.8,1.5,5.7,0.7,19.9
1424,2021.05.27,4.8,0.0,2.5,0.0,6.8,1.5,19.5
1425,2021.05.28,6.9,0.0,4.8,0.0,2.5,0.0,19.5
1426,2021.05.29,6.2,0.0,6.9,0.0,4.8,0.0,17.8
1427,2021.05.30,4.5,4.0,6.2,0.0,6.9,0.0,18.4
1428,2021.05.31,3.6,3.4,4.5,4.0,6.2,0.0,18.2
1429,2021.06.01,4.2,0.1,3.6,3.4,4.5,4.0,22.6
1430,2021.06.02,1.8,0.0,4.2,0.1,3.6,3.4,23.4
1431,2021.06.03,3.1,0.0,1.8,0.0,4.2,0.1,24.7
1432,2021.06.04,1.9,0.0,3.1,0.0,1.8,0.0,26.1
1433,2021.06.05,3.9,0.0,1.9,0.0,3.1,0.0,24.2
1434,2021.06.06,2.5,2.5,3.9,0.0,1.9,0.0,25.5
1435,2021.06.07,3.1,0.3,2.5,2.5,3.9,0.0,26.0
1436,2021.06.08,2.4,0.3,3.1,0.3,2.5,2.5,26.6
1437,2021.06.09,2.9,1.0,2.4,0.3,3.1,0.3,25.6
1438,2021.06.10,1.7,2.8,2.9,1.0,2.4,0.3,24.5
1439,2021.06.11,2.8,0.0,1.7,2.8,2.9,1.0,27.0
1440,2021.06.12,4.2,0.0,2.8,0.0,1.7,2.8,21.9
1441,2021.06.13,8.1,0.0,4.2,0.0,2.8,0.0,21.6
1442,2021.06.14,3.2,0.0,8.1,0.0,4.2,0.0,25.2
1443,2021.06.15,3.5,0.0,3.2,0.0,8.1,0.0,28.0
1444,2021.06.16,3.4,0.0,3.5,0.0,3.2,0.0,29.5
1445,2021.06.17,3.6,0.0,3.4,0.0,3.5,0.0,30.4
1446,2021.06.18,3.4,0.0,3.6,0.0,3.4,0.0,32.2
1447,2021.06.19,3.3,1.7,3.4,0.0,3.6,0.0,31.3
1448,2021.06.20,2.0,2.0,3.3,1.7,3.4,0.0,33.3
1449,2021.06.21,4.9,0.3,2.0,2.0,3.3,1.7,33.1
1450,2021.06.22,4.0,0.7,4.9,0.3,2.0,2.0,34.8
1451,2021.06.23,3.8,0.0,4.0,0.7,4.9,0.3,35.5
1452,2021.06.24,4.0,0.0,3.8,0.0,4.0,0.7,29.7
1453,2021.06.25,4.8,0.6,4.0,0.0,3.8,0.0,29.7
1454,2021.06.26,3.8,0.0,4.8,0.6,4.0,0.0,30.0
1455,2021.06.27,2.6,0.0,3.8,0.0,4.8,0.6,32.9
1456,2021.06.28,5.0,0.1,2.6,0.0,3.8,0.0,34.3
1457,2021.06.29,4.8,0.0,5.0,0.1,2.6,0.0,30.1
1458,2021.06.30,4.8,0.0,4.8,0.0,5.0,0.1,27.1
1459,2021.07.01,6.3,1.4,4.8,0.0,4.8,0.0,24.7
1460,2021.07.02,6.2,0.0,6.3,1.4,4.8,0.0,27.2
1461,2021.07.03,4.7,0.0,6.2,0.0,6.3,1.4,29.2
1462,2021.07.04,3.6,0.0,4.7,0.0,6.2,0.0,28.1
1463,2021.07.05,4.8,0.0,3.6,0.0,4.7,0.0,32.6
1464,2021.07.06,2.5,0.0,4.8,0.0,3.6,0.0,36.1
1465,2021.07.07,4.4,0.0,2.5,0.0,4.8,0.0,38.6
1466,2021.07.08,5.0,0.4,4.4,0.0,2.5,0.0,36.3
1467,2021.07.09,6.5,8.8,5.0,0.4,4.4,0.0,31.1
1468,2021.07.10,3.1,0.0,6.5,8.8,5.0,0.4,32.6
1469,2021.07.11,4.3,4.9,3.1,0.0,6.5,8.8,32.6
1470,2021.07.12,2.7,1.9,4.3,4.9,3.1,0.0,38.2
1471,2021.07.13,4.4,0.0,2.7,1.9,4.3,4.9,35.7
1472,2021.07.14,5.1,1.9,4.4,0.0,2.7,1.9,31.8
1473,2021.07.15,3.7,0.0,5.1,1.9,4.4,0.0,34.1
1474,2021.07.16,5.5,12.2,3.7,0.0,5.1,1.9,30.5
1475,2021.07.17,3.5,5.1,5.5,12.2,3.7,0.0,32.6
1476,2021.07.18,5.1,6.9,3.5,5.1,5.5,12.2,25.7
1477,2021.07.19,3.5,9.6,5.1,6.9,3.5,5.1,28.5
1478,2021.07.20,5.5,0.1,3.5,9.6,5.1,6.9,26.1
1479,2021.07.21,3.2,0.0,5.5,0.1,3.5,9.6,29.0
1480,2021.07.22,1.8,0.0,3.2,0.0,5.5,0.1,29.3
1481,2021.07.23,1.6,0.0,1.8,0.0,3.2,0.0,32.1
1482,2021.07.24,3.2,0.0,1.6,0.0,1.8,0.0,34.4
1483,2021.07.25,5.7,0.6,3.2,0.0,1.6,0.0,33.7
1484,2021.07.26,4.8,1.8,5.7,0.6,3.2,0.0,33.1
1485,2021.07.27,3.3,0.0,4.8,1.8,5.7,0.6,35.8
1486,2021.07.28,5.2,0.0,3.3,0.0,4.8,1.8,33.2
1487,2021.07.29,4.2,0.2,5.2,0.0,3.3,0.0,36.3
1488,2021.07.30,4.3,0.2,4.2,0.2,5.2,0.0,30.3
1489,2021.07.31,5.1,3.3,4.3,0.2,4.2,0.2,35.5
1490,2021.08.01,7.8,4.8,5.1,3.3,4.3,0.2,27.2
1491,2021.08.02,6.1,0.0,7.8,4.8,5.1,3.3,29.6
1492,2021.08.03,4.0,0.9,6.1,0.0,7.8,4.8,30.6
1493,2021.08.04,3.5,0.0,4.0,0.9,6.1,0.0,24.3
1494,2021.08.05,4.2,12.8,3.5,0.0,4.0,0.9,26.7
1495,2021.08.06,6.8,0.0,4.2,12.8,3.5,0.0,34.3
1496,2021.08.07,4.5,0.0,6.8,0.0,4.2,12.8,31.0
1497,2021.08.08,4.4,2.6,4.5,0.0,6.8,0.0,30.3
1498,2021.08.09,4.3,0.3,4.4,2.6,4.5,0.0,32.7
1499,2021.08.10,2.9,0.0,4.3,0.3,4.4,2.6,33.4
1500,2021.08.11,5.1,0.0,2.9,0.0,4.3,0.3,31.2
1501,2021.08.12,4.0,0.0,5.1,0.0,2.9,0.0,33.2
1502,2021.08.13,2.6,0.0,4.0,0.0,5.1,0.0,35.9
1503,2021.08.14,4.5,0.1,2.6,0.0,4.0,0.0,36.4
1504,2021.08.15,6.7,5.0,4.5,0.1,2.6,0.0,35.4
1505,2021.08.16,2.8,1.1,6.7,5.0,4.5,0.1,22.0
1506,2021.08.17,7.7,0.3,2.8,1.1,6.7,5.0,23.5
1507,2021.08.18,6.0,1.0,7.7,0.3,2.8,1.1,27.3
1508,2021.08.19,4.6,0.0,6.0,1.0,7.7,0.3,29.6
1509,2021.08.20,2.9,0.0,4.6,0.0,6.0,1.0,30.1
1510,2021.08.21,4.1,0.0,2.9,0.0,4.6,0.0,32.3
1511,2021.08.22,3.5,0.0,4.1,0.0,2.9,0.0,24.0
1512,2021.08.23,6.1,0.1,3.5,0.0,4.1,0.0,25.5
1513,2021.08.24,4.4,0.1,6.1,0.1,3.5,0.0,20.7
1514,2021.08.25,2.8,0.0,4.4,0.1,6.1,0.1,24.2
1515,2021.08.26,6.0,0.7,2.8,0.0,4.4,0.1,20.6
1516,2021.08.27,4.8,1.4,6.0,0.7,2.8,0.0,21.5
1517,2021.08.28,2.6,2.4,4.8,1.4,6.0,0.7,23.1
1518,2021.08.29,3.1,9.4,2.6,2.4,4.8,1.4,22.3
1519,2021.08.30,3.7,3.4,3.1,9.4,2.6,2.4,21.6
1520,2021.08.31,6.4,1.1,3.7,3.4,3.1,9.4,20.5
1521,2021.09.01,8.4,0.5,6.4,1.1,3.7,3.4,24.1
1522,2021.09.02,3.1,0.0,8.4,0.5,6.4,1.1,26.4
1523,2021.09.03,2.8,0.0,3.1,0.0,8.4,0.5,26.8
1524,2021.09.04,2.7,0.0,2.8,0.0,3.1,0.0,26.3
1525,2021.09.05,5.3,0.0,2.7,0.0,2.8,0.0,25.5
1526,2021.09.06,2.6,0.0,5.3,0.0,2.7,0.0,26.7
1527,2021.09.07,2.1,0.0,2.6,0.0,5.3,0.0,27.5
1528,2021.09.08,2.0,0.0,2.1,0.0,2.6,0.0,27.3
1529,2021.09.09,3.5,0.0,2.0,0.0,2.1,0.0,28.1
1530,2021.09.10,1.9,0.0,3.5,0.0,2.0,0.0,28.7
1531,2021.09.11,1.4,0.0,1.9,0.0,3.5,0.0,29.1
1532,2021.09.12,2.0,0.0,1.4,0.0,1.9,0.0,29.3
1533,2021.09.13,3.2,0.0,2.0,0.0,1.4,0.0,29.1
1534,2021.09.14,2.0,0.0,3.2,0.0,2.0,0.0,31.2
1535,2021.09.15,2.3,0.0,2.0,0.0,3.2,0.0,28.5
1536,2021.09.16,5.2,0.3,2.3,0.0,2.0,0.0,22.7
1537,2021.09.17,7.3,2.8,5.2,0.3,2.3,0.0,20.8
1538,2021.09.18,6.3,0.0,7.3,2.8,5.2,0.3,21.5
1539,2021.09.19,4.5,0.0,6.3,0.0,7.3,2.8,18.5
1540,2021.09.20,3.2,0.0,4.5,0.0,6.3,0.0,18.1
1541,2021.09.21,3.8,0.0,3.2,0.0,4.5,0.0,15.3
1542,2021.09.22,6.5,0.3,3.8,0.0,3.2,0.0,19.5
1543,2021.09.23,3.5,0.0,6.5,0.3,3.8,0.0,20.1
1544,2021.09.24,6.8,0.0,3.5,0.0,6.5,0.3,25.8
1545,2021.09.25,3.6,0.0,6.8,0.0,3.5,0.0,27.0
1546,2021.09.26,2.6,0.0,3.6,0.0,6.8,0.0,22.8
1547,2021.09.27,3.6,1.5,2.6,0.0,3.6,0.0,20.5
1548,2021.09.28,3.1,0.0,3.6,1.5,2.6,0.0,19.9
1549,2021.09.29,3.8,0.0,3.1,0.0,3.6,1.5,15.9
1550,2021.09.30,3.9,10.1,3.8,0.0,3.1,0.0,17.1
1551,2021.10.01,2.9,0.0,3.9,10.1,3.8,0.0,20.4
1552,2021.10.02,5.3,0.0,2.9,0.0,3.9,10.1,22.2
1553,2021.10.03,5.4,0.0,5.3,0.0,2.9,0.0,23.8
1554,2021.10.04,3.3,0.0,5.4,0.0,5.3,0.0,24.3
1555,2021.10.05,6.0,0.0,3.3,0.0,5.4,0.0,16.7
1556,2021.10.06,4.4,12.7,6.0,0.0,3.3,0.0,15.6
1557,2021.10.07,5.2,9.8,4.4,12.7,6.0,0.0,17.0
1558,2021.10.08,5.1,0.0,5.2,9.8,4.4,12.7,15.2
1559,2021.10.09,4.5,0.0,5.1,0.0,5.2,9.8,11.4
1560,2021.10.10,4.5,0.8,4.5,0.0,5.1,0.0,15.2
1561,2021.10.11,3.6,0.2,4.5,0.8,4.5,0.0,15.2
1562,2021.10.12,5.4,0.0,3.6,0.2,4.5,0.8,13.1
1563,2021.10.13,5.9,0.0,5.4,0.0,3.6,0.2,12.8
1564,2021.10.14,3.4,0.0,5.9,0.0,5.4,0.0,13.7
1565,2021.10.15,1.5,0.0,3.4,0.0,5.9,0.0,15.8
1566,2021.10.16,2.1,0.0,1.5,0.0,3.4,0.0,15.5
1567,2021.10.17,2.0,0.0,2.1,0.0,1.5,0.0,14.7
1568,2021.10.18,2.2,0.0,2.0,0.0,2.1,0.0,15.8
1569,2021.10.19,2.8,0.0,2.2,0.0,2.0,0.0,17.6
1570,2021.10.20,4.1,0.0,2.8,0.0,2.2,0.0,19.0
1571,2021.10.21,8.9,0.8,4.1,0.0,2.8,0.0,13.4
1572,2021.10.22,4.2,1.1,8.9,0.8,4.1,0.0,12.9
1573,2021.10.23,5.4,0.0,4.2,1.1,8.9,0.8,12.6
1574,2021.10.24,2.3,0.0,5.4,0.0,4.2,1.1,13.3
1575,2021.10.25,3.5,0.0,2.3,0.0,5.4,0.0,12.5
1576,2021.10.26,3.2,0.0,3.5,0.0,2.3,0.0,14.2
1577,2021.10.27,1.6,0.0,3.2,0.0,3.5,0.0,14.3
1578,2021.10.28,2.1,0.0,1.6,0.0,3.2,0.0,15.9
1579,2021.10.29,4.3,0.0,2.1,0.0,1.6,0.0,16.6
1580,2021.10.30,5.6,0.0,4.3,0.0,2.1,0.0,15.7
1581,2021.10.31,4.1,0.0,5.6,0.0,4.3,0.0,14.6
1582,2021.11.01,3.8,0.0,4.1,0.0,5.6,0.0,12.9
1583,2021.11.02,6.9,8.3,3.8,0.0,4.1,0.0,12.3
1584,2021.11.03,4.2,0.0,6.9,8.3,3.8,0.0,15.7
1585,2021.11.04,5.4,11.2,4.2,0.0,6.9,8.3,10.8
1586,2021.11.05,3.7,0.0,5.4,11.2,4.2,0.0,11.4
1587,2021.11.06,2.9,0.0,3.7,0.0,5.4,11.2,10.5
1588,2021.11.07,1.8,0.7,2.9,0.0,3.7,0.0,10.7
1589,2021.11.08,4.8,5.6,1.8,0.7,2.9,0.0,11.9
1590,2021.11.09,1.9,0.0,4.8,5.6,1.8,0.7,11.4
1591,2021.11.10,4.2,0.0,1.9,0.0,4.8,5.6,11.2
1592,2021.11.11,2.7,0.0,4.2,0.0,1.9,0.0,10.7
1593,2021.11.12,1.5,0.0,2.7,0.0,4.2,0.0,10.5
1594,2021.11.13,2.2,0.0,1.5,0.0,2.7,0.0,11.9
1595,2021.11.14,1.8,0.0,2.2,0.0,1.5,0.0,12.2
1596,2021.11.15,2.3,0.0,1.8,0.0,2.2,0.0,10.1
1597,2021.11.16,1.9,0.0,2.3,0.0,1.8,0.0,9.1
1598,2021.11.17,2.3,0.0,1.9,0.0,2.3,0.0,10.9
1599,2021.11.18,5.4,0.0,2.3,0.0,1.9,0.0,10.2
1600,2021.11.19,5.3,0.0,5.4,0.0,2.3,0.0,13.1
1601,2021.11.20,5.9,0.0,5.3,0.0,5.4,0.0,10.9
1602,2021.11.21,2.2,0.0,5.9,0.0,5.3,0.0,9.7
1603,2021.11.22,2.0,0.0,2.2,0.0,5.9,0.0,8.3
1604,2021.11.23,2.5,0.0,2.0,0.0,2.2,0.0,6.6
1605,2021.11.24,1.7,0.0,2.5,0.0,2.0,0.0,7.2
1606,2021.11.25,3.8,0.0,1.7,0.0,2.5,0.0,6.9
1607,2021.11.26,3.5,10.7,3.8,0.0,1.7,0.0,6.3
1608,2021.11.27,3.6,0.6,3.5,10.7,3.8,0.0,9.0
1609,2021.11.28,3.1,1.5,3.6,0.6,3.5,10.7,3.8
1610,2021.11.29,7.1,0.0,3.1,1.5,3.6,0.6,4.7
1611,2021.11.30,6.3,2.5,7.1,0.0,3.1,1.5,8.8
1612,2021.12.01,8.7,2.0,6.3,2.5,7.1,0.0,8.4
1613,2021.12.02,7.0,35.2,8.7,2.0,6.3,2.5,5.1
1614,2021.12.03,7.1,11.7,7.0,35.2,8.7,2.0,3.3
1615,2021.12.04,3.6,0.0,7.1,11.7,7.0,35.2,2.2
1616,2021.12.05,2.3,4.2,3.6,0.0,7.1,11.7,2.4
1617,2021.12.06,3.8,6.4,2.3,4.2,3.6,0.0,1.7
1618,2021.12.07,4.1,0.0,3.8,6.4,2.3,4.2,2.1
1619,2021.12.08,3.9,0.0,4.1,0.0,3.8,6.4,3.0
1620,2021.12.09,5.4,5.8,3.9,0.0,4.1,0.0,3.1
1621,2021.12.10,3.1,0.0,5.4,5.8,3.9,0.0,1.8
1622,2021.12.11,4.7,0.0,3.1,0.0,5.4,5.8,2.5
1623,2021.12.12,5.5,0.0,4.7,0.0,3.1,0.0,2.6
1624,2021.12.13,2.9,0.0,5.5,0.0,4.7,0.0,3.6
1625,2021.12.14,1.7,0.0,2.9,0.0,5.5,0.0,4.0
1626,2021.12.15,1.7,0.0,1.7,0.0,2.9,0.0,4.5
1627,2021.12.16,2.0,0.0,1.7,0.0,1.7,0.0,5.1
1628,2021.12.17,4.6,0.0,2.0,0.0,1.7,0.0,3.9
1629,2021.12.18,3.4,0.0,4.6,0.0,2.0,0.0,6.9
1630,2021.12.19,7.2,0.0,3.4,0.0,4.6,0.0,5.8
1631,2021.12.20,8.1,0.0,7.2,0.0,3.4,0.0,1.9
1632,2021.12.21,3.8,0.0,8.1,0.0,7.2,0.0,0.9
1633,2021.12.22,1.3,0.0,3.8,0.0,8.1,0.0,-0.3
1634,2021.12.23,2.9,0.0,1.3,0.0,3.8,0.0,6.5
1635,2021.12.24,3.8,1.3,2.9,0.0,1.3,0.0,6.2
1636,2021.12.25,3.3,0.0,3.8,1.3,2.9,0.0,2.9
1637,2021.12.26,2.7,0.7,3.3,0.0,3.8,1.3,2.6
1638,2021.12.27,2.4,3.1,2.7,0.7,3.3,0.0,2.1
1639,2021.12.28,2.3,0.4,2.4,3.1,2.7,0.7,4.5
1640,2021.12.29,2.4,2.9,2.3,0.4,2.4,3.1,5.3
1641,2021.12.30,1.9,0.1,2.4,2.9,2.3,0.4,11.7
1642,2021.12.31,3.5,0.2,1.9,0.1,2.4,2.9,12.3
1643,2022.01.01,5.7,0.0,3.5,0.2,1.9,0.1,9.4
1644,2022.01.02,2.9,0.0,5.7,0.0,3.5,0.2,11.8
1645,2022.01.03,7.3,0.6,2.9,0.0,5.7,0.0,11.0
1646,2022.01.04,7.4,2.6,7.3,0.6,2.9,0.0,11.3
1647,2022.01.05,6.9,3.5,7.4,2.6,7.3,0.6,5.3
1648,2022.01.06,6.0,0.0,6.9,3.5,7.4,2.6,2.9
1649,2022.01.07,2.2,0.0,6.0,0.0,6.9,3.5,1.6
1650,2022.01.08,1.2,0.0,2.2,0.0,6.0,0.0,0.6
1651,2022.01.09,2.8,0.0,1.2,0.0,2.2,0.0,3.4
1652,2022.01.10,4.2,0.0,2.8,0.0,1.2,0.0,2.6
1653,2022.01.11,4.6,0.0,4.2,0.0,2.8,0.0,1.0
1654,2022.01.12,2.0,0.0,4.6,0.0,4.2,0.0,1.6
1655,2022.01.13,2.4,0.0,2.0,0.0,4.6,0.0,5.3
1656,2022.01.14,5.3,0.0,2.4,0.0,2.0,0.0,5.0
1657,2022.01.15,3.7,0.0,5.3,0.0,2.4,0.0,1.9
1658,2022.01.16,1.9,0.0,3.7,0.0,5.3,0.0,5.8
1659,2022.01.17,9.6,1.3,1.9,0.0,3.7,0.0,3.8
1660,2022.01.18,6.6,0.0,9.6,1.3,1.9,0.0,3.1
1661,2022.01.19,1.7,0.0,6.6,0.0,9.6,1.3,4.5
1662,2022.01.20,8.4,0.2,1.7,0.0,6.6,0.0,0.8
1663,2022.01.21,6.8,0.0,8.4,0.2,1.7,0.0,3.0
1664,2022.01.22,6.7,0.1,6.8,0.0,8.4,0.2,0.1
1665,2022.01.23,3.5,0.0,6.7,0.1,6.8,0.0,0.2
1666,2022.01.24,1.8,0.0,3.5,0.0,6.7,0.1,1.1
1667,2022.01.25,2.5,0.0,1.8,0.0,3.5,0.0,3.1
1668,2022.01.26,3.0,0.0,2.5,0.0,1.8,0.0,4.4
1669,2022.01.27,4.5,0.0,3.0,0.0,2.5,0.0,6.0
1670,2022.01.28,8.7,0.7,4.5,0.0,3.0,0.0,3.9
1671,2022.01.29,7.1,3.0,8.7,0.7,4.5,0.0,7.5
1672,2022.01.30,12.5,1.5,7.1,3.0,8.7,0.7,4.2
1673,2022.01.31,7.7,0.2,12.5,1.5,7.1,3.0,4.7
1674,2022.02.01,6.2,0.0,7.7,0.2,12.5,1.5,5.9
1675,2022.02.02,7.8,3.3,6.2,0.0,7.7,0.2,5.4
1676,2022.02.03,8.0,0.0,7.8,3.3,6.2,0.0,7.0
1677,2022.02.04,2.1,0.0,8.0,0.0,7.8,3.3,7.4
1678,2022.02.05,6.7,0.0,2.1,0.0,8.0,0.0,7.2
1679,2022.02.06,5.1,0.1,6.7,0.0,2.1,0.0,6.6
1680,2022.02.07,8.4,2.5,5.1,0.1,6.7,0.0,6.5
1681,2022.02.08,8.0,0.0,8.4,2.5,5.1,0.1,11.0
1682,2022.02.09,6.0,0.0,8.0,0.0,8.4,2.5,11.2
1683,2022.02.10,1.8,0.0,6.0,0.0,8.0,0.0,11.0
1684,2022.02.11,6.0,0.1,1.8,0.0,6.0,0.0,7.4
1685,2022.02.12,4.6,0.0,6.0,0.1,1.8,0.0,6.9
1686,2022.02.13,4.3,0.0,4.6,0.0,6.0,0.1,9.4
1687,2022.02.14,4.1,0.7,4.3,0.0,4.6,0.0,10.5
1688,2022.02.15,4.9,1.1,4.1,0.7,4.3,0.0,10.2
1689,2022.02.16,4.0,4.8,4.9,1.1,4.1,0.7,13.8
1690,2022.02.17,8.1,0.6,4.0,4.8,4.9,1.1,11.7
1691,2022.02.18,7.1,0.0,8.1,0.6,4.0,4.8,9.4
1692,2022.02.19,5.7,0.3,7.1,0.0,8.1,0.6,8.9
1693,2022.02.20,5.8,0.0,5.7,0.3,7.1,0.0,6.6
1694,2022.02.21,6.2,3.4,5.8,0.0,5.7,0.3,8.6
1695,2022.02.22,8.2,0.0,6.2,3.4,5.8,0.0,9.1
1696,2022.02.23,7.6,1.7,8.2,0.0,6.2,3.4,10.4
1697,2022.02.24,3.8,0.0,7.6,1.7,8.2,0.0,9.8
1698,2022.02.25,6.9,0.0,3.8,0.0,7.6,1.7,8.3
1699,2022.02.26,6.1,0.0,6.9,0.0,3.8,0.0,8.6
1700,2022.02.27,6.3,0.0,6.1,0.0,6.9,0.0,4.5
1701,2022.02.28,5.6,2.2,6.3,0.0,6.1,0.0,7.6
1702,2022.03.01,4.3,0.0,5.6,2.2,6.3,0.0,7.2
1703,2022.03.02,2.4,0.0,4.3,0.0,5.6,2.2,6.8
1704,2022.03.03,1.7,0.0,2.4,0.0,4.3,0.0,6.4
1705,2022.03.04,3.2,0.2,1.7,0.0,2.4,0.0,6.8
1706,2022.03.05,3.2,0.0,3.2,0.2,1.7,0.0,7.5
1707,2022.03.06,2.7,0.0,3.2,0.0,3.2,0.2,6.8
1708,2022.03.07,3.9,0.3,2.7,0.0,3.2,0.0,7.3
1709,2022.03.08,4.0,0.0,3.9,0.3,2.7,0.0,9.2
1710,2022.03.09,2.5,0.0,4.0,0.0,3.9,0.3,6.3
1711,2022.03.10,5.3,1.4,2.5,0.0,4.0,0.0,4.6
1712,2022.03.11,4.5,0.0,5.3,1.4,2.5,0.0,5.8
1713,2022.03.12,3.2,0.0,4.5,0.0,5.3,1.4,8.4
1714,2022.03.13,2.0,0.0,3.2,0.0,4.5,0.0,10.8
1715,2022.03.14,2.5,0.0,2.0,0.0,3.2,0.0,12.1
1716,2022.03.15,3.3,0.0,2.5,0.0,2.0,0.0,8.0
1717,2022.03.16,4.4,4.4,3.3,0.0,2.5,0.0,11.7
1718,2022.03.17,3.6,0.0,4.4,4.4,3.3,0.0,9.7
1719,2022.03.18,4.1,0.0,3.6,0.0,4.4,4.4,9.6
1720,2022.03.19,4.7,0.0,4.1,0.0,3.6,0.0,9.3
1721,2022.03.20,3.6,0.0,4.7,0.0,4.1,0.0,11.6
1722,2022.03.21,3.2,0.0,3.6,0.0,4.7,0.0,16.0
1723,2022.03.22,2.3,0.0,3.2,0.0,3.6,0.0,16.9
1724,2022.03.23,1.8,0.0,2.3,0.0,3.2,0.0,18.7
1725,2022.03.24,3.7,0.0,1.8,0.0,2.3,0.0,17.0
1726,2022.03.25,2.5,0.0,3.7,0.0,1.8,0.0,17.5
1727,2022.03.26,4.5,0.0,2.5,0.0,3.7,0.0,15.4
1728,2022.03.27,3.6,0.0,4.5,0.0,2.5,0.0,19.9
1729,2022.03.28,3.9,0.0,3.6,0.0,4.5,0.0,19.5
1730,2022.03.29,4.2,0.1,3.9,0.0,3.6,0.0,17.0
1731,2022.03.30,6.8,0.0,4.2,0.1,3.9,0.0,11.7
1732,2022.03.31,4.3,14.5,6.8,0.0,4.2,0.1,11.0
1733,2022.04.01,4.3,8.0,4.3,14.5,6.8,0.0,4.9
1734,2022.04.02,2.9,5.6,4.3,8.0,4.3,14.5,6.7
1735,2022.04.03,4.5,7.0,2.9,5.6,4.3,8.0,9.0
1736,2022.04.04,4.3,0.0,4.5,7.0,2.9,5.6,10.9
1737,2022.04.05,5.2,0.0,4.3,0.0,4.5,7.0,17.3
1738,2022.04.06,4.2,0.0,5.2,0.0,4.3,0.0,16.4
1739,2022.04.07,4.6,0.0,4.2,0.0,5.2,0.0,13.3
1740,2022.04.08,4.5,1.3,4.6,0.0,4.2,0.0,13.0
1741,2022.04.09,8.7,16.5,4.5,1.3,4.6,0.0,12.2
1742,2022.04.10,6.7,0.0,8.7,16.5,4.5,1.3,12.1
1743,2022.04.11,4.9,0.0,6.7,0.0,8.7,16.5,16.3
1744,2022.04.12,2.4,0.0,4.9,0.0,6.7,0.0,16.4
1745,2022.04.13,3.1,0.0,2.4,0.0,4.9,0.0,18.6
1746,2022.04.14,2.8,0.0,3.1,0.0,2.4,0.0,17.3
1747,2022.04.15,3.6,0.0,2.8,0.0,3.1,0.0,12.4
1748,2022.04.16,6.0,0.5,3.6,0.0,2.8,0.0,12.0
1749,2022.04.17,5.8,0.0,6.0,0.5,3.6,0.0,11.0
1750,2022.04.18,4.9,0.3,5.8,0.0,6.0,0.5,10.6
1751,2022.04.19,2.8,1.3,4.9,0.3,5.8,0.0,12.7
1752,2022.04.20,3.1,1.6,2.8,1.3,4.9,0.3,16.3
1753,2022.04.21,4.0,0.0,3.1,1.6,2.8,1.3,12.3
1754,2022.04.22,5.7,2.9,4.0,0.0,3.1,1.6,10.8
1755,2022.04.23,2.3,2.9,5.7,2.9,4.0,0.0,20.0
1756,2022.04.24,8.7,0.1,2.3,2.9,5.7,2.9,16.4
1757,2022.04.25,5.3,0.0,8.7,0.1,2.3,2.9,18.8
1758,2022.04.26,2.4,0.0,5.3,0.0,8.7,0.1,12.9
1759,2022.04.27,3.3,5.8,2.4,0.0,5.3,0.0,17.6
1760,2022.04.28,3.3,1.4,3.3,5.8,2.4,0.0,18.5
1761,2022.04.29,2.2,0.0,3.3,1.4,3.3,5.8,19.8
1762,2022.04.30,2.2,0.0,2.2,0.0,3.3,1.4,20.0
1763,2022.05.01,3.3,0.6,2.2,0.0,2.2,0.0,20.5
1764,2022.05.02,1.7,0.9,3.3,0.6,2.2,0.0,21.6
1765,2022.05.03,2.6,0.3,1.7,0.9,3.3,0.6,22.6
1766,2022.05.04,3.3,0.1,2.6,0.3,1.7,0.9,23.1
1767,2022.05.05,3.6,0.3,3.3,0.1,2.6,0.3,23.0
1768,2022.05.06,3.0,0.1,3.6,0.3,3.3,0.1,22.5
1769,2022.05.07,3.9,0.3,3.0,0.1,3.6,0.3,22.7
1770,2022.05.08,2.1,2.6,3.9,0.3,3.0,0.1,22.8
1771,2022.05.09,2.2,0.3,2.1,2.6,3.9,0.3,22.6
1772,2022.05.10,2.5,0.0,2.2,0.3,2.1,2.6,25.2
1773,2022.05.11,3.9,0.0,2.5,0.0,2.2,0.3,27.1
1774,2022.05.12,4.5,0.7,3.9,0.0,2.5,0.0,25.4
1775,2022.05.13,3.9,0.4,4.5,0.7,3.9,0.0,23.4
1776,2022.05.14,5.4,0.0,3.9,0.4,4.5,0.7,25.2
1777,2022.05.15,3.5,0.0,5.4,0.0,3.9,0.4,24.3
1778,2022.05.16,2.2,0.0,3.5,0.0,5.4,0.0,20.8
1779,2022.05.17,5.9,3.7,2.2,0.0,3.5,0.0,20.1
1780,2022.05.18,3.7,0.0,5.9,3.7,2.2,0.0,22.0
1781,2022.05.19,3.5,0.0,3.7,0.0,5.9,3.7,25.5
1782,2022.05.20,3.1,0.0,3.5,0.0,3.7,0.0,22.9
1783,2022.05.21,7.6,0.3,3.1,0.0,3.5,0.0,22.5
1784,2022.05.22,6.0,0.0,7.6,0.3,3.1,0.0,23.7
1785,2022.05.23,3.2,0.0,6.0,0.0,7.6,0.3,19.7
1786,2022.05.24,5.1,1.6,3.2,0.0,6.0,0.0,24.7
1787,2022.05.25,5.4,0.0,5.1,1.6,3.2,0.0,25.2
1788,2022.05.26,4.7,0.0,5.4,0.0,5.1,1.6,25.8
1789,2022.05.27,4.9,0.0,4.7,0.0,5.4,0.0,19.1
1790,2022.05.28,6.3,1.4,4.9,0.0,4.7,0.0,13.8
1791,2022.05.29,3.6,10.1,6.3,1.4,4.9,0.0,20.4
1792,2022.05.30,4.3,1.1,3.6,10.1,6.3,1.4,24.1
1793,2022.05.31,3.1,0.0,4.3,1.1,3.6,10.1,25.0
1794,2022.06.01,5.3,0.7,3.1,0.0,4.3,1.1,27.3
1795,2022.06.02,4.9,0.0,5.3,0.7,3.1,0.0,28.6
1796,2022.06.03,3.4,0.0,4.9,0.0,5.3,0.7,25.8
1797,2022.06.04,5.9,5.0,3.4,0.0,4.9,0.0,27.2
1798,2022.06.05,4.2,0.2,5.9,5.0,3.4,0.0,27.3
1799,2022.06.06,3.0,0.0,4.2,0.2,5.9,5.0,29.6
1800,2022.06.07,2.1,0.0,3.0,0.0,4.2,0.2,24.7
1801,2022.06.08,2.9,7.3,2.1,0.0,3.0,0.0,23.4
1802,2022.06.09,2.7,10.0,2.9,7.3,2.1,0.0,24.3
1803,2022.06.10,6.8,9.3,2.7,10.0,2.9,7.3,27.1
1804,2022.06.11,4.2,1.0,6.8,9.3,2.7,10.0,27.3
1805,2022.06.12,2.9,0.0,4.2,1.0,6.8,9.3,28.3
1806,2022.06.13,6.2,0.0,2.9,0.0,4.2,1.0,23.0
1807,2022.06.14,4.7,0.0,6.2,0.0,2.9,0.0,26.5
1808,2022.06.15,1.9,0.0,4.7,0.0,6.2,0.0,28.1
1809,2022.06.16,6.5,3.4,1.9,0.0,4.7,0.0,25.3
1810,2022.06.17,6.1,0.0,6.5,3.4,1.9,0.0,27.5
1811,2022.06.18,2.2,0.0,6.1,0.0,6.5,3.4,30.6
1812,2022.06.19,4.3,0.0,2.2,0.0,6.1,0.0,32.0
1813,2022.06.20,4.3,0.0,4.3,0.0,2.2,0.0,24.9
1814,2022.06.21,7.2,0.0,4.3,0.0,4.3,0.0,28.2
1815,2022.06.22,3.5,0.0,7.2,0.0,4.3,0.0,27.1
1816,2022.06.23,4.1,1.3,3.5,0.0,7.2,0.0,30.5
1817,2022.06.24,3.9,0.8,4.1,1.3,3.5,0.0,30.1
1818,2022.06.25,4.9,0.9,3.9,0.8,4.1,1.3,32.8
1819,2022.06.26,2.6,0.0,4.9,0.9,3.9,0.8,35.4
1820,2022.06.27,2.5,0.0,2.6,0.0,4.9,0.9,34.5
1821,2022.06.28,3.0,0.5,2.5,0.0,2.6,0.0,36.4
1822,2022.06.29,4.6,0.0,3.0,0.5,2.5,0.0,36.9
1823,2022.06.30,4.8,0.0,4.6,0.0,3.0,0.5,37.5
1824,2022.07.01,6.4,0.0,4.8,0.0,4.6,0.0,31.4
1825,2022.07.02,6.0,0.1,6.4,0.0,4.8,0.0,33.6
1826,2022.07.03,3.3,0.0,6.0,0.1,6.4,0.0,36.6
1827,2022.07.04,3.2,0.0,3.3,0.0,6.0,0.1,32.2
1828,2022.07.05,6.7,0.4,3.2,0.0,3.3,0.0,28.8
1829,2022.07.06,4.2,0.2,6.7,0.4,3.2,0.0,27.7
1830,2022.07.07,6.6,0.3,4.2,0.2,6.7,0.4,23.7
1831,2022.07.08,5.2,0.6,6.6,0.3,4.2,0.2,27.2
1832,2022.07.09,5.6,0.0,5.2,0.6,6.6,0.3,24.1
1833,2022.07.10,8.5,0.0,5.6,0.0,5.2,0.6,25.1
1834,2022.07.11,6.1,0.0,8.5,0.0,5.6,0.0,27.1
1835,2022.07.12,5.4,0.0,6.1,0.0,8.5,0.0,31.3
1836,2022.07.13,5.4,0.0,5.4,0.0,6.1,0.0,34.8
1837,2022.07.14,4.6,0.0,5.4,0.0,5.4,0.0,29.9
1838,2022.07.15,6.7,0.0,4.6,0.0,5.4,0.0,30.6
1839,2022.07.16,6.5,0.0,6.7,0.0,4.6,0.0,28.7
1840,2022.07.17,5.0,0.0,6.5,0.0,6.7,0.0,29.8
1841,2022.07.18,2.5,0.0,5.0,0.0,6.5,0.0,33.3
1842,2022.07.19,2.2,0.0,2.5,0.0,5.0,0.0,36.1
1843,2022.07.20,2.2,0.0,2.2,0.0,2.5,0.0,37.7
1844,2022.07.21,4.8,0.0,2.2,0.0,2.2,0.0,38.6
1845,2022.07.22,3.3,0.0,4.8,0.0,2.2,0.0,39.7
1846,2022.07.23,6.5,0.0,3.3,0.0,4.8,0.0,34.5
1847,2022.07.24,5.8,0.7,6.5,0.0,3.3,0.0,34.8
1848,2022.07.25,2.6,0.0,5.8,0.7,6.5,0.0,31.9
1849,2022.07.26,6.2,0.4,2.6,0.0,5.8,0.7,33.1
1850,2022.07.27,4.0,0.0,6.2,0.4,2.6,0.0,33.7
1851,2022.07.28,5.0,0.0,4.0,0.0,6.2,0.4,35.0
1852,2022.07.29,5.0,0.9,5.0,0.0,4.0,0.0,32.5
1853,2022.07.30,6.6,0.5,5.0,0.9,5.0,0.0,25.3
1854,2022.07.31,7.0,0.0,6.6,0.5,5.0,0.9,30.7
1855,2022.08.01,2.9,0.0,7.0,0.0,6.6,0.5,31.9
1856,2022.08.02,3.4,0.0,2.9,0.0,7.0,0.0,32.7
1857,2022.08.03,2.6,0.0,3.4,0.0,2.9,0.0,33.6
1858,2022.08.04,2.4,0.0,2.6,0.0,3.4,0.0,37.0
1859,2022.08.05,2.4,0.0,2.4,0.0,2.6,0.0,36.3
1860,2022.08.06,8.4,0.4,2.4,0.0,2.4,0.0,31.2
1861,2022.08.07,3.7,1.8,8.4,0.4,2.4,0.0,31.2
1862,2022.08.08,5.3,0.7,3.7,1.8,8.4,0.4,30.9
1863,2022.08.09,5.2,1.0,5.3,0.7,3.7,1.8,29.8
1864,2022.08.10,6.3,0.0,5.2,1.0,5.3,0.7,29.2
1865,2022.08.11,5.2,0.0,6.3,0.0,5.2,1.0,29.2
1866,2022.08.12,3.6,0.0,5.2,0.0,6.3,0.0,32.1
1867,2022.08.13,4.1,0.0,3.6,0.0,5.2,0.0,32.1
1868,2022.08.14,2.1,0.0,4.1,0.0,3.6,0.0,34.1
1869,2022.08.15,2.6,0.0,2.1,0.0,4.1,0.0,33.8
1870,2022.08.16,4.9,0.0,2.6,0.0,2.1,0.0,35.5
1871,2022.08.17,2.4,0.0,4.9,0.0,2.6,0.0,37.2
1872,2022.08.18,4.2,0.0,2.4,0.0,4.9,0.0,38.8
1873,2022.08.19,4.3,8.1,4.2,0.0,2.4,0.0,32.5
1874,2022.08.20,4.5,1.6,4.3,8.1,4.2,0.0,20.8
1875,2022.08.21,3.9,12.7,4.5,1.6,4.3,8.1,23.3
1876,2022.08.22,3.2,8.7,3.9,12.7,4.5,1.6,24.7
1877,2022.08.23,3.7,0.0,3.2,8.7,3.9,12.7,29.5
1878,2022.08.24,2.6,0.4,3.7,0.0,3.2,8.7,31.6
1879,2022.08.25,2.1,1.8,2.6,0.4,3.7,0.0,33.2
1880,2022.08.26,2.7,0.0,2.1,1.8,2.6,0.4,33.7
1881,2022.08.27,1.9,0.0,2.7,0.0,2.1,1.8,28.4
1882,2022.08.28,3.8,0.0,1.9,0.0,2.7,0.0,28.8
1883,2022.08.29,3.2,0.0,3.8,0.0,1.9,0.0,28.9
1884,2022.08.30,3.9,0.1,3.2,0.0,3.8,0.0,28.6
1885,2022.08.31,3.6,0.0,3.9,0.1,3.2,0.0,20.0
1886,2022.09.01,4.1,2.0,3.6,0.0,3.9,0.1,21.4
1887,2022.09.02,4.3,0.0,4.1,2.0,3.6,0.0,24.8
1888,2022.09.03,2.2,0.0,4.3,0.0,4.1,2.0,23.5
1889,2022.09.04,2.3,0.0,2.2,0.0,4.3,0.0,25.3
1890,2022.09.05,1.9,0.0,2.3,0.0,2.2,0.0,25.9
1891,2022.09.06,3.6,1.0,1.9,0.0,2.3,0.0,29.4
1892,2022.09.07,2.8,0.0,3.6,1.0,1.9,0.0,30.6
1893,2022.09.08,6.1,3.5,2.8,0.0,3.6,1.0,26.7
1894,2022.09.09,4.5,1.6,6.1,3.5,2.8,0.0,23.3
1895,2022.09.10,5.7,8.1,4.5,1.6,6.1,3.5,22.9
1896,2022.09.11,6.3,0.0,5.7,8.1,4.5,1.6,23.8
1897,2022.09.12,5.5,0.0,6.3,0.0,5.7,8.1,24.3
1898,2022.09.13,2.0,0.0,5.5,0.0,6.3,0.0,27.6
1899,2022.09.14,4.5,0.0,2.0,0.0,5.5,0.0,25.0
1900,2022.09.15,3.7,0.8,4.5,0.0,2.0,0.0,19.3
1901,2022.09.16,4.5,14.4,3.7,0.8,4.5,0.0,15.5
1902,2022.09.17,5.0,5.1,4.5,14.4,3.7,0.8,15.1
1903,2022.09.18,7.7,3.3,5.0,5.1,4.5,14.4,14.1
1904,2022.09.19,7.5,2.5,7.7,3.3,5.0,5.1,14.2
1905,2022.09.20,6.4,0.0,7.5,2.5,7.7,3.3,17.7
1906,2022.09.21,3.5,0.9,6.4,0.0,7.5,2.5,18.6
1907,2022.09.22,2.2,0.0,3.5,0.9,6.4,0.0,18.0
1908,2022.09.23,3.2,0.0,2.2,0.0,3.5,0.9,19.7
1909,2022.09.24,4.2,0.0,3.2,0.0,2.2,0.0,16.7
1910,2022.09.25,5.0,0.2,4.2,0.0,3.2,0.0,17.4
1911,2022.09.26,2.1,6.8,5.0,0.2,4.2,0.0,15.7
1912,2022.09.27,4.2,2.6,2.1,6.8,5.0,0.2,16.0
1913,2022.09.28,4.8,0.6,4.2,2.6,2.1,6.8,16.5
1914,2022.09.29,2.9,6.7,4.8,0.6,4.2,2.6,21.1
1915,2022.09.30,3.5,12.9,2.9,6.7,4.8,0.6,18.8
1916,2022.10.01,6.5,3.3,3.5,12.9,2.9,6.7,18.1
1917,2022.10.02,8.0,0.0,6.5,3.3,3.5,12.9,15.4
1918,2022.10.03,7.3,0.0,8.0,0.0,6.5,3.3,17.7
1919,2022.10.04,4.5,0.0,7.3,0.0,8.0,0.0,18.5
1920,2022.10.05,3.3,0.0,4.5,0.0,7.3,0.0,19.7
1921,2022.10.06,1.8,0.0,3.3,0.0,4.5,0.0,20.8
1922,2022.10.07,3.3,0.0,1.8,0.0,3.3,0.0,20.1
1923,2022.10.08,2.2,0.0,3.3,0.0,1.8,0.0,19.5
1924,2022.10.09,3.2,0.0,2.2,0.0,3.3,0.0,19.0
1925,2022.10.10,3.4,0.0,3.2,0.0,2.2,0.0,20.0
1926,2022.10.11,2.4,0.0,3.4,0.0,3.2,0.0,18.9
1927,2022.10.12,1.8,0.0,2.4,0.0,3.4,0.0,19.1
1928,2022.10.13,1.6,0.0,1.8,0.0,2.4,0.0,18.7
1929,2022.10.14,1.7,0.0,1.6,0.0,1.8,0.0,19.5
1930,2022.10.15,4.3,0.0,1.7,0.0,1.6,0.0,20.3
1931,2022.10.16,3.1,0.0,4.3,0.0,1.7,0.0,20.8
1932,2022.10.17,2.1,0.0,3.1,0.0,4.3,0.0,20.1
1933,2022.10.18,2.6,0.0,2.1,0.0,3.1,0.0,20.9
1934,2022.10.19,3.8,0.0,2.6,0.0,2.1,0.0,14.9
1935,2022.10.20,2.3,0.0,3.8,0.0,2.6,0.0,16.0
1936,2022.10.21,4.9,0.0,2.3,0.0,3.8,0.0,18.4
1937,2022.10.22,4.6,0.1,4.9,0.0,2.3,0.0,19.4
1938,2022.10.23,3.8,0.0,4.6,0.1,4.9,0.0,18.8
1939,2022.10.24,1.7,0.0,3.8,0.0,4.6,0.1,19.8
1940,2022.10.25,4.4,0.0,1.7,0.0,3.8,0.0,19.9
1941,2022.10.26,1.7,0.0,4.4,0.0,1.7,0.0,19.9
1942,2022.10.27,1.7,0.0,1.7,0.0,4.4,0.0,19.3
1943,2022.10.28,1.6,0.0,1.7,0.0,1.7,0.0,21.0
1944,2022.10.29,2.2,0.0,1.6,0.0,1.7,0.0,21.1
1945,2022.10.30,1.2,0.0,2.2,0.0,1.6,0.0,21.0
